; HEADER_BLOCK_START
; generated by OrcaSlicer 2.4.0-beta on 2026-08-03 at 10:53:38
; total layer number: 100
; filament_density: 0
; filament_diameter: 1.75
; max_z_height: 20.00
; filament: 1
; HEADER_BLOCK_END

; external perimeters extrusion width = 0.45mm
; perimeters extrusion width = 0.45mm
; infill extrusion width = 0.45mm
; solid infill extrusion width = 0.45mm
; top infill extrusion width = 0.40mm

; EXECUTABLE_BLOCK_START
M73 P0 R27
M201 X4000 Y4000 Z200 E2500
M203 X500 Y500 Z12 E120
M204 P4000 R1200 T4000 ; sets acceleration (P, T) and retract acceleration (R), mm/sec^2
M205 X10.00 Y10.00 Z0.20 E2.50 ; sets the jerk limits, mm/sec
M205 J0.010
;TYPE:Custom
M17 ; enable steppers
M862.1 P0.4 ; nozzle diameter check
M862.3 P "MK4" ; printer model check
M862.5 P2 ; g-code level check
M862.6 P"Input shaper" ; FW feature check
M115 U5.0.0-RC+11963

M555 X112.593 Y88.5929 W32 H28.8142

G90 ; use absolute coordinates
M83 ; extruder relative mode

M140 S35 ; set bed temp

M104 S170 ; set extruder temp for bed leveling
M109 R170 ; wait for temp


M84 E ; turn off E motor

G28 ; home all without mesh bed level

G1 X42 Y-4 Z5 F4800

M302 S160 ; lower cold extrusion limit to 160C


G1 E-2 F2400 ; retraction
M73 P15 R23


M84 E ; turn off E motor

G29 P9 X10 Y-4 W32 H4

M106 S100

G0 Z40 F10000

M190 S35 ; wait for bed temp

M107

;
; MBL
;
M84 E ; turn off E motor
G29 P1 ; invalidate mbl & probe print area
G29 P1 X0 Y0 W50 H20 C ; probe near purge place
G29 P3.2 ; interpolate mbl probes
G29 P3.13 ; extrapolate mbl outside probe area
G29 A ; activate mbl

; prepare for purge
M104 S200
G0 X0 Y-4 Z15 F4800 ; move away and ready for the purge
M73 P16 R23
M109 S200

G92 E0
M569 S0 E ; set spreadcycle mode for extruder

;
; Extrude purge line
;
G92 E0 ; reset extruder position
G1 E2 F2400 ; deretraction after the initial one before nozzle cleaning
M73 P16 R22
G0 E7 X15 Z0.2 F500 ; purge
G0 X25 E4 F500 ; purge
G0 X35 E4 F650 ; purge
G0 X45 E4 F800 ; purge
G0 X48 Z0.05 F8000 ; wipe, move close to the bed
G0 X51 Z0.2 F8000 ; wipe, move quickly away from the bed

G92 E0
M221 S100 ; set flow to 100%
G90
G21
M83 ; use relative distances for extrusion
; filament start gcode
M900 K0.026 ; Filament gcode


M572 S0.026 ; Filament gcode


M142 S36 ; set heatbreak target temp
M106 S0
;LAYER_CHANGE
;Z:0.2
;HEIGHT:0.2
;BEFORE_LAYER_CHANGE
G92 E0.0
;0.2
M201 X4000 Y4000
M74 W0
;AFTER_LAYER_CHANGE
;0.2
;_SET_FAN_SPEED_CHANGING_LAYER
M204 P300
M204 T4000
G1 E-.8 F1800
G1 X113.406 Y93.576 F7200
G1 Z.6
G1 Z.2
G1 E.8 F1800
;TYPE:Skirt
;WIDTH:0.45
G1 F3000
G1 X114.221 Y92.939 E.03434
G1 X115 Y92.796 E.02625
G1 X135 Y92.796 E.66344
G1 X136.253 Y93.187 E.04354
G1 X137.061 Y94.221 E.04354
G1 X137.204 Y95 E.02625
G1 X137.204 Y115 E.66344
G1 X136.813 Y116.253 E.04354
G1 X135.779 Y117.061 E.04354
G1 X135 Y117.204 E.02625
G1 X115 Y117.204 E.66344
G1 X113.747 Y116.813 E.04354
G1 X112.939 Y115.779 E.04354
G1 X112.796 Y115 E.02625
G1 X112.796 Y95 E.66344
G1 X113.187 Y93.747 E.04354
G1 X113.374 Y93.601 E.00788
; printing object cube.stl id:0 copy 0
G1 E-.8 F1800
G1 X118.801 Y98.968 Z.6 F7200
G1 X134.346 Y114.346 Z.6
G1 Z.2
G1 E.8 F1800
;TYPE:Inner wall
;WIDTH:0.449999
G1 X115.654 Y114.346 E.62008
G1 X115.654 Y95.654 E.62008
G1 X134.346 Y95.654 E.62008
G1 X134.346 Y114.306 E.61875
G1 X134.775 Y114.775 F7200
;TYPE:Outer wall
G1 F1800
G1 X115.225 Y114.775 E.64851
G1 X115.225 Y95.225 E.64851
M73 P17 R22
G1 X134.775 Y95.225 E.64851
G1 X134.775 Y114.735 E.64718
G1 E-.8
G1 X134.543 Y107.106 Z.6 F7200
G1 X134.224 Y96.602 Z.6
G1 Z.2
G1 E.8 F1800
;TYPE:Bottom surface
;WIDTH:0.451481
G1 F3600
G1 X133.581 Y95.959 E.03027
G1 X133.004 Y95.959 E.01924
G1 X134.041 Y96.996 E.04885
G1 X134.041 Y97.574 E.01924
G1 X132.426 Y95.959 E.07605
G1 X131.848 Y95.959 E.01924
G1 X134.041 Y98.152 E.10326
G1 X134.041 Y98.73 E.01924
G1 X131.27 Y95.959 E.13046
G1 X130.693 Y95.959 E.01924
G1 X134.041 Y99.307 E.15766
G1 X134.041 Y99.885 E.01924
G1 X130.115 Y95.959 E.18487
G1 X129.537 Y95.959 E.01924
G1 X134.041 Y100.463 E.21207
G1 X134.041 Y101.041 E.01924
G1 X128.959 Y95.959 E.23928
G1 X128.381 Y95.959 E.01924
G1 X134.041 Y101.619 E.26648
G1 X134.041 Y102.196 E.01924
G1 X127.804 Y95.959 E.29368
G1 X127.226 Y95.959 E.01924
G1 X134.041 Y102.774 E.32089
G1 X134.041 Y103.352 E.01924
G1 X126.648 Y95.959 E.34809
G1 X126.07 Y95.959 E.01924
G1 X134.041 Y103.93 E.3753
G1 X134.041 Y104.508 E.01924
G1 X125.492 Y95.959 E.4025
G1 X124.915 Y95.959 E.01924
G1 X134.041 Y105.085 E.4297
G1 X134.041 Y105.663 E.01924
G1 X124.337 Y95.959 E.45691
G1 X123.759 Y95.959 E.01924
G1 X134.041 Y106.241 E.48411
G1 X134.041 Y106.819 E.01924
G1 X123.181 Y95.959 E.51132
G1 X122.603 Y95.959 E.01924
G1 X134.041 Y107.397 E.53852
G1 X134.041 Y107.974 E.01924
G1 X122.026 Y95.959 E.56572
G1 X121.448 Y95.959 E.01924
G1 X134.041 Y108.552 E.59293
G1 X134.041 Y109.13 E.01924
G1 X120.87 Y95.959 E.62013
G1 X120.292 Y95.959 E.01924
G1 X134.041 Y109.708 E.64734
G1 X134.041 Y110.286 E.01924
G1 X119.714 Y95.959 E.67454
G1 X119.137 Y95.959 E.01924
G1 X134.041 Y110.863 E.70174
G1 X134.041 Y111.441 E.01924
G1 X118.559 Y95.959 E.72895
G1 X117.981 Y95.959 E.01924
G1 X134.041 Y112.019 E.75615
G1 X134.041 Y112.597 E.01924
G1 X117.403 Y95.959 E.78336
G1 X116.825 Y95.959 E.01924
G1 X134.041 Y113.175 E.81056
G1 X134.041 Y113.752 E.01924
G1 X116.248 Y95.959 E.83777
G1 X115.959 Y95.959 E.00962
M73 P18 R22
G1 X115.959 Y96.248 E.00962
G1 X133.752 Y114.041 E.83776
G1 X133.174 Y114.041 E.01924
G1 X115.959 Y96.826 E.81056
G1 X115.959 Y97.403 E.01924
G1 X132.597 Y114.041 E.78335
G1 X132.019 Y114.041 E.01924
G1 X115.959 Y97.981 E.75615
G1 X115.959 Y98.559 E.01924
G1 X131.441 Y114.041 E.72894
G1 X130.863 Y114.041 E.01924
G1 X115.959 Y99.137 E.70174
G1 X115.959 Y99.715 E.01924
G1 X130.285 Y114.041 E.67454
G1 X129.708 Y114.041 E.01924
G1 X115.959 Y100.292 E.64733
G1 X115.959 Y100.87 E.01924
G1 X129.13 Y114.041 E.62013
G1 X128.552 Y114.041 E.01924
G1 X115.959 Y101.448 E.59292
G1 X115.959 Y102.026 E.01924
G1 X127.974 Y114.041 E.56572
G1 X127.396 Y114.041 E.01924
G1 X115.959 Y102.604 E.53852
G1 X115.959 Y103.181 E.01924
G1 X126.819 Y114.041 E.51131
G1 X126.241 Y114.041 E.01924
G1 X115.959 Y103.759 E.48411
G1 X115.959 Y104.337 E.01924
G1 X125.663 Y114.041 E.4569
G1 X125.085 Y114.041 E.01924
G1 X115.959 Y104.915 E.4297
G1 X115.959 Y105.492 E.01924
G1 X124.508 Y114.041 E.4025
G1 X123.93 Y114.041 E.01924
G1 X115.959 Y106.07 E.37529
G1 X115.959 Y106.648 E.01924
G1 X123.352 Y114.041 E.34809
G1 X122.774 Y114.041 E.01924
G1 X115.959 Y107.226 E.32088
G1 X115.959 Y107.804 E.01924
G1 X122.196 Y114.041 E.29368
G1 X121.619 Y114.041 E.01924
G1 X115.959 Y108.381 E.26648
G1 X115.959 Y108.959 E.01924
G1 X121.041 Y114.041 E.23927
G1 X120.463 Y114.041 E.01924
G1 X115.959 Y109.537 E.21207
G1 X115.959 Y110.115 E.01924
G1 X119.885 Y114.041 E.18486
G1 X119.307 Y114.041 E.01924
G1 X115.959 Y110.693 E.15766
G1 X115.959 Y111.27 E.01924
G1 X118.73 Y114.041 E.13045
G1 X118.152 Y114.041 E.01924
G1 X115.959 Y111.848 E.10325
G1 X115.959 Y112.426 E.01924
G1 X117.574 Y114.041 E.07605
G1 X116.996 Y114.041 E.01924
G1 X115.959 Y113.004 E.04884
G1 X115.959 Y113.582 E.01924
G1 X116.602 Y114.224 E.03026
; stop printing object cube.stl id:0 copy 0
M106 S242
;LAYER_CHANGE
;Z:0.4
;HEIGHT:0.2
;BEFORE_LAYER_CHANGE
G92 E0.0
;0.4
M201 X4000 Y4000
M74 W0
;AFTER_LAYER_CHANGE
;0.4
;_SET_FAN_SPEED_CHANGING_LAYER
M204 P500
; printing object cube.stl id:0 copy 0
G1 E-.8 F1800
G1 X124.234 Y114.277 Z.8 F7200
G1 X134.346 Y114.346 Z.8
G1 Z.4
G1 E.8 F1800
M204 P4000
;TYPE:Inner wall
;WIDTH:0.449999
G1 F3600
G1 X115.654 Y114.346 E.62008
G1 X115.654 Y95.654 E.62008
G1 X134.346 Y95.654 E.62008
G1 X134.346 Y114.306 E.61875
M204 T500
G1 X134.775 Y114.775 F7200
M204 P500
;TYPE:Outer wall
G1 F3600
G1 X115.225 Y114.775 E.64851
G1 X115.225 Y95.225 E.64851
G1 X134.775 Y95.225 E.64851
M73 P19 R22
G1 X134.775 Y114.735 E.64718
M204 T4000
G1 E-.8 F1800
G1 X132.938 Y113.87 Z.8 F7200
G1 Z.4
G1 E.8 F1800
;TYPE:Internal solid infill
;WIDTH:0.588921
G1 F6000
G1 X133.87 Y113.87 E.04147
G1 X133.87 Y112.938 E.04147
G1 X132.966 Y113.842 E.05687
G1 X132.238 Y114.184 F7200
;WIDTH:0.449999
G1 F6000
G1 X134 Y112.421 E.08268
G1 X134 Y111.845 E.0191
G1 X131.845 Y114 E.10109
G1 X131.27 Y114 E.0191
G1 X134 Y111.27 E.1281
G1 X134 Y110.694 E.0191
G1 X130.694 Y114 E.15511
G1 X130.118 Y114 E.0191
G1 X134 Y110.118 E.18211
G1 X134 Y109.543 E.0191
G1 X129.543 Y114 E.20912
G1 X128.967 Y114 E.0191
G1 X134 Y108.967 E.23613
G1 X134 Y108.391 E.0191
G1 X128.391 Y114 E.26314
G1 X127.816 Y114 E.0191
G1 X134 Y107.816 E.29014
G1 X134 Y107.24 E.0191
G1 X127.24 Y114 E.31715
G1 X126.664 Y114 E.0191
G1 X134 Y106.664 E.34416
G1 X134 Y106.089 E.0191
G1 X126.089 Y114 E.37116
G1 X125.513 Y114 E.0191
G1 X134 Y105.513 E.39817
G1 X134 Y104.937 E.0191
G1 X124.937 Y114 E.42518
G1 X124.361 Y114 E.0191
G1 X134 Y104.361 E.45219
G1 X134 Y103.786 E.0191
G1 X123.786 Y114 E.47919
G1 X123.21 Y114 E.0191
G1 X134 Y103.21 E.5062
G1 X134 Y102.634 E.0191
G1 X122.634 Y114 E.53321
G1 X122.059 Y114 E.0191
G1 X134 Y102.059 E.56021
G1 X134 Y101.483 E.0191
G1 X121.483 Y114 E.58722
G1 X120.907 Y114 E.0191
G1 X134 Y100.907 E.61423
G1 X134 Y100.332 E.0191
G1 X120.332 Y114 E.64123
G1 X119.756 Y114 E.0191
G1 X134 Y99.756 E.66824
G1 X134 Y99.18 E.0191
G1 X119.18 Y114 E.69525
G1 X118.604 Y114 E.0191
G1 X134 Y98.604 E.72226
G1 X134 Y98.029 E.0191
G1 X118.029 Y114 E.74926
G1 X117.453 Y114 E.0191
G1 X134 Y97.453 E.77627
G1 X134 Y96.877 E.0191
G1 X116.877 Y114 E.80328
G1 X116.302 Y114 E.0191
G1 X134 Y96.302 E.83028
G1 X134 Y96 E.01002
G1 X133.727 Y96 E.00907
G1 X116 Y113.727 E.83162
G1 X116 Y113.151 E.0191
G1 X133.151 Y96 E.80462
G1 X132.575 Y96 E.0191
M73 P19 R21
G1 X116 Y112.575 E.77761
G1 X116 Y112 E.0191
G1 X132 Y96 E.7506
G1 X131.424 Y96 E.0191
G1 X116 Y111.424 E.7236
G1 X116 Y110.848 E.0191
G1 X130.848 Y96 E.69659
G1 X130.273 Y96 E.0191
G1 X116 Y110.273 E.66958
G1 X116 Y109.697 E.0191
G1 X129.697 Y96 E.64257
G1 X129.121 Y96 E.0191
G1 X116 Y109.121 E.61557
G1 X116 Y108.546 E.0191
G1 X128.546 Y96 E.58856
G1 X127.97 Y96 E.0191
G1 X116 Y107.97 E.56155
G1 X116 Y107.394 E.0191
M73 P20 R21
G1 X127.394 Y96 E.53455
G1 X126.819 Y96 E.0191
G1 X116 Y106.819 E.50754
G1 X116 Y106.243 E.0191
G1 X126.243 Y96 E.48053
G1 X125.667 Y96 E.0191
G1 X116 Y105.667 E.45352
G1 X116 Y105.091 E.0191
G1 X125.091 Y96 E.42652
G1 X124.516 Y96 E.0191
G1 X116 Y104.516 E.39951
G1 X116 Y103.94 E.0191
G1 X123.94 Y96 E.3725
G1 X123.364 Y96 E.0191
G1 X116 Y103.364 E.3455
G1 X116 Y102.789 E.0191
G1 X122.789 Y96 E.31849
G1 X122.213 Y96 E.0191
G1 X116 Y102.213 E.29148
G1 X116 Y101.637 E.0191
G1 X121.637 Y96 E.26447
G1 X121.062 Y96 E.0191
G1 X116 Y101.062 E.23747
G1 X116 Y100.486 E.0191
G1 X120.486 Y96 E.21046
G1 X119.91 Y96 E.0191
G1 X116 Y99.91 E.18345
G1 X116 Y99.334 E.0191
G1 X119.334 Y96 E.15645
G1 X118.759 Y96 E.0191
G1 X116 Y98.759 E.12944
G1 X116 Y98.183 E.0191
G1 X118.183 Y96 E.10243
G1 X117.607 Y96 E.0191
G1 X116 Y97.607 E.07543
G1 X116 Y97.032 E.0191
G1 X117.215 Y95.816 E.05701
G1 X116.101 Y96.027 F7200
;WIDTH:0.477236
G1 F6000
G1 X116.047 Y96.027 E.00192
G1 X116.02 Y96.074 E.00192
G1 X116.047 Y96.121 E.00192
G1 X116.101 Y96.121 E.00192
G1 X116.109 Y96.109 E.00051
; stop printing object cube.stl id:0 copy 0
M106 S240
;LAYER_CHANGE
;Z:0.6
;HEIGHT:0.2
;BEFORE_LAYER_CHANGE
G92 E0.0
;0.6
M201 X4000 Y4000
M74 W0
;AFTER_LAYER_CHANGE
;0.6
;_SET_FAN_SPEED_CHANGING_LAYER
; printing object cube.stl id:0 copy 0
G1 E-.8 F1800
G1 X121.506 Y101.506 Z1 F7200
G1 X134.346 Y114.346 Z1
G1 Z.6
G1 E.8 F1800
M204 P4000
;TYPE:Inner wall
;WIDTH:0.449999
G1 F3600
G1 X115.654 Y114.346 E.62008
G1 X115.654 Y95.654 E.62008
G1 X134.346 Y95.654 E.62008
G1 X134.346 Y114.306 E.61875
M204 T500
G1 X134.775 Y114.775 F7200
M204 P500
;TYPE:Outer wall
G1 F3600
G1 X115.225 Y114.775 E.64851
G1 X115.225 Y95.225 E.64851
G1 X134.775 Y95.225 E.64851
G1 X134.775 Y114.735 E.64718
M204 T4000
G1 E-.8 F1800
G1 X134.509 Y107.107 Z1 F7200
G1 X134.184 Y97.762 Z1
G1 Z.6
G1 E.8 F1800
;TYPE:Internal solid infill
G1 F6000
G1 X132.421 Y96 E.08268
G1 X131.845 Y96 E.0191
G1 X134 Y98.155 E.10109
G1 X134 Y98.73 E.0191
G1 X131.27 Y96 E.1281
G1 X130.694 Y96 E.0191
G1 X134 Y99.306 E.15511
G1 X134 Y99.882 E.0191
G1 X130.118 Y96 E.18211
G1 X129.543 Y96 E.0191
G1 X134 Y100.457 E.20912
G1 X134 Y101.033 E.0191
G1 X128.967 Y96 E.23613
G1 X128.391 Y96 E.0191
G1 X134 Y101.609 E.26314
G1 X134 Y102.184 E.0191
G1 X127.816 Y96 E.29014
G1 X127.24 Y96 E.0191
G1 X134 Y102.76 E.31715
G1 X134 Y103.336 E.0191
G1 X126.664 Y96 E.34416
G1 X126.089 Y96 E.0191
G1 X134 Y103.911 E.37116
G1 X134 Y104.487 E.0191
G1 X125.513 Y96 E.39817
G1 X124.937 Y96 E.0191
G1 X134 Y105.063 E.42518
G1 X134 Y105.639 E.0191
G1 X124.361 Y96 E.45219
G1 X123.786 Y96 E.0191
G1 X134 Y106.214 E.47919
G1 X134 Y106.79 E.0191
G1 X123.21 Y96 E.5062
G1 X122.634 Y96 E.0191
G1 X134 Y107.366 E.53321
G1 X134 Y107.941 E.0191
G1 X122.059 Y96 E.56021
G1 X121.483 Y96 E.0191
G1 X134 Y108.517 E.58722
G1 X134 Y109.093 E.0191
G1 X120.907 Y96 E.61423
G1 X120.332 Y96 E.0191
G1 X134 Y109.668 E.64123
G1 X134 Y110.244 E.0191
M73 P21 R21
G1 X119.756 Y96 E.66824
G1 X119.18 Y96 E.0191
G1 X134 Y110.82 E.69525
G1 X134 Y111.396 E.0191
G1 X118.604 Y96 E.72226
G1 X118.029 Y96 E.0191
G1 X134 Y111.971 E.74926
G1 X134 Y112.547 E.0191
G1 X117.453 Y96 E.77627
G1 X116.877 Y96 E.0191
G1 X134 Y113.123 E.80328
G1 X134 Y113.698 E.0191
G1 X116.302 Y96 E.83028
G1 X116 Y96 E.01002
G1 X116 Y96.273 E.00908
G1 X133.727 Y114 E.83162
G1 X133.151 Y114 E.0191
G1 X116 Y96.849 E.80462
G1 X116 Y97.425 E.0191
G1 X132.575 Y114 E.77761
G1 X132 Y114 E.0191
G1 X116 Y98 E.7506
G1 X116 Y98.576 E.0191
G1 X131.424 Y114 E.72359
G1 X130.848 Y114 E.0191
G1 X116 Y99.152 E.69659
G1 X116 Y99.727 E.0191
G1 X130.273 Y114 E.66958
G1 X129.697 Y114 E.0191
G1 X116 Y100.303 E.64257
G1 X116 Y100.879 E.0191
G1 X129.121 Y114 E.61557
G1 X128.546 Y114 E.0191
G1 X116 Y101.454 E.58856
G1 X116 Y102.03 E.0191
G1 X127.97 Y114 E.56155
G1 X127.394 Y114 E.0191
G1 X116 Y102.606 E.53455
G1 X116 Y103.181 E.0191
G1 X126.819 Y114 E.50754
G1 X126.243 Y114 E.0191
G1 X116 Y103.757 E.48053
G1 X116 Y104.333 E.0191
G1 X125.667 Y114 E.45352
G1 X125.091 Y114 E.0191
G1 X116 Y104.909 E.42652
G1 X116 Y105.484 E.0191
G1 X124.516 Y114 E.39951
G1 X123.94 Y114 E.0191
G1 X116 Y106.06 E.3725
G1 X116 Y106.636 E.0191
G1 X123.364 Y114 E.3455
G1 X122.789 Y114 E.0191
G1 X116 Y107.211 E.31849
G1 X116 Y107.787 E.0191
G1 X122.213 Y114 E.29148
G1 X121.637 Y114 E.0191
G1 X116 Y108.363 E.26447
G1 X116 Y108.938 E.0191
G1 X121.062 Y114 E.23747
G1 X120.486 Y114 E.0191
G1 X116 Y109.514 E.21046
G1 X116 Y110.09 E.0191
G1 X119.91 Y114 E.18345
G1 X119.334 Y114 E.0191
G1 X116 Y110.666 E.15645
G1 X116 Y111.241 E.0191
G1 X118.759 Y114 E.12944
G1 X118.183 Y114 E.0191
G1 X116 Y111.817 E.10243
G1 X116 Y112.393 E.0191
G1 X117.607 Y114 E.07543
G1 X117.032 Y114 E.0191
G1 X115.816 Y112.785 E.05701
G1 X116.101 Y113.879 F7200
;WIDTH:0.477236
G1 F6000
G1 X116.047 Y113.879 E.00192
G1 X116.02 Y113.926 E.00192
G1 X116.047 Y113.973 E.00192
G1 X116.101 Y113.973 E.00192
G1 X116.109 Y113.96 E.00051
G1 E-.8 F1800
G1 X121.638 Y108.699 Z1 F7200
G1 X133.87 Y97.062 Z1
G1 Z.6
G1 E.8 F1800
;WIDTH:0.588921
G1 F6000
G1 X133.87 Y96.13 E.04147
G1 X132.938 Y96.13 E.04147
G1 X133.842 Y97.034 E.05687
; stop printing object cube.stl id:0 copy 0
M106 S252
;LAYER_CHANGE
;Z:0.8
;HEIGHT:0.2
;BEFORE_LAYER_CHANGE
G92 E0.0
;0.8
M201 X4000 Y4000
M74 W0
;AFTER_LAYER_CHANGE
;0.8
;_SET_FAN_SPEED_CHANGING_LAYER
; printing object cube.stl id:0 copy 0
G1 E-.8 F1800
G1 X134.064 Y104.663 Z1.2 F7200
G1 X134.346 Y114.346 Z1.2
G1 Z.8
G1 E.8 F1800
M204 P4000
;TYPE:Inner wall
;WIDTH:0.449999
G1 F2598
G1 X115.654 Y114.346 E.62008
G1 X115.654 Y95.654 E.62008
G1 X134.346 Y95.654 E.62008
G1 X134.346 Y114.306 E.61875
M204 T500
G1 X134.775 Y114.775 F7200
M73 P22 R21
M204 P500
;TYPE:Outer wall
G1 F2598
G1 X115.225 Y114.775 E.64851
G1 X115.225 Y95.225 E.64851
G1 X134.775 Y95.225 E.64851
G1 X134.775 Y114.735 E.64718
M204 T4000
G1 E-.8 F1800
G1 X134.445 Y107.11 Z1.2 F7200
G1 X134 Y96.828 Z1.2
G1 Z.8
G1 E.8 F1800
;TYPE:Sparse infill
;WIDTH:0.45
G1 F2598
G1 X134 Y98.457 E.05401
G1 X131.543 Y96 E.11527
G1 X128.435 Y96 E.10312
G1 X134 Y101.565 E.2611
G1 X134 Y104.674 E.10312
G1 X125.326 Y96 E.40694
G1 X122.217 Y96 E.10312
G1 X134 Y107.783 E.55278
G1 X134 Y110.892 E.10312
G1 X119.108 Y96 E.69862
G1 X116 Y96 E.10312
G1 X134 Y114 E.84446
G1 X130.892 Y114 E.10312
G1 X116 Y99.108 E.69862
G1 X116 Y102.217 E.10312
G1 X127.783 Y114 E.55278
G1 X124.674 Y114 E.10312
G1 X116 Y105.326 E.40694
G1 X116 Y108.435 E.10312
G1 X121.565 Y114 E.2611
G1 X118.457 Y114 E.10312
G1 X116 Y111.543 E.11527
G1 X116 Y113.172 E.05401
; stop printing object cube.stl id:0 copy 0
;LAYER_CHANGE
;Z:1
;HEIGHT:0.2
;BEFORE_LAYER_CHANGE
G92 E0.0
;1
M201 X4000 Y4000
M74 W0
;AFTER_LAYER_CHANGE
;1
;_SET_FAN_SPEED_CHANGING_LAYER
; printing object cube.stl id:0 copy 0
G1 E-.8 F1800
G1 X123.616 Y113.659 Z1.4 F7200
G1 X134.346 Y114.346 Z1.4
G1 Z1
G1 E.8 F1800
M204 P4000
;TYPE:Inner wall
;WIDTH:0.449999
G1 F2598
G1 X115.654 Y114.346 E.62008
G1 X115.654 Y95.654 E.62008
G1 X134.346 Y95.654 E.62008
G1 X134.346 Y114.306 E.61875
M204 T500
G1 X134.775 Y114.775 F7200
M204 P500
;TYPE:Outer wall
G1 F2598
G1 X115.225 Y114.775 E.64851
G1 X115.225 Y95.225 E.64851
G1 X134.775 Y95.225 E.64851
G1 X134.775 Y114.735 E.64718
M204 T4000
G1 E-.8 F1800
G1 X134.445 Y107.11 Z1.4 F7200
G1 X134 Y96.828 Z1.4
G1 Z1
G1 E.8 F1800
;TYPE:Sparse infill
;WIDTH:0.45
G1 F2598
G1 X134 Y98.457 E.05401
G1 X131.543 Y96 E.11527
G1 X128.435 Y96 E.10312
G1 X134 Y101.565 E.2611
G1 X134 Y104.674 E.10312
G1 X125.326 Y96 E.40694
G1 X122.217 Y96 E.10312
G1 X134 Y107.783 E.55278
G1 X134 Y110.892 E.10312
G1 X119.108 Y96 E.69862
G1 X116 Y96 E.10312
G1 X134 Y114 E.84446
G1 X130.892 Y114 E.10312
M73 P23 R21
G1 X116 Y99.108 E.69862
G1 X116 Y102.217 E.10312
G1 X127.783 Y114 E.55278
G1 X124.674 Y114 E.10312
G1 X116 Y105.326 E.40694
G1 X116 Y108.435 E.10312
G1 X121.565 Y114 E.2611
G1 X118.457 Y114 E.10312
G1 X116 Y111.543 E.11527
G1 X116 Y113.172 E.05401
; stop printing object cube.stl id:0 copy 0
;LAYER_CHANGE
;Z:1.2
;HEIGHT:0.2
;BEFORE_LAYER_CHANGE
G92 E0.0
;1.2
M201 X4000 Y4000
M74 W0
;AFTER_LAYER_CHANGE
;1.2
;_SET_FAN_SPEED_CHANGING_LAYER
; printing object cube.stl id:0 copy 0
G1 E-.8 F1800
G1 X123.616 Y113.659 Z1.6 F7200
G1 X134.346 Y114.346 Z1.6
G1 Z1.2
G1 E.8 F1800
M204 P4000
;TYPE:Inner wall
;WIDTH:0.449999
G1 F2598
G1 X115.654 Y114.346 E.62008
G1 X115.654 Y95.654 E.62008
G1 X134.346 Y95.654 E.62008
G1 X134.346 Y114.306 E.61875
M204 T500
G1 X134.775 Y114.775 F7200
M204 P500
;TYPE:Outer wall
G1 F2598
G1 X115.225 Y114.775 E.64851
G1 X115.225 Y95.225 E.64851
G1 X134.775 Y95.225 E.64851
G1 X134.775 Y114.735 E.64718
M204 T4000
G1 E-.8 F1800
M73 P23 R20
G1 X134.445 Y107.11 Z1.6 F7200
G1 X134 Y96.828 Z1.6
G1 Z1.2
G1 E.8 F1800
;TYPE:Sparse infill
;WIDTH:0.45
G1 F2598
G1 X134 Y98.457 E.05401
G1 X131.543 Y96 E.11527
G1 X128.435 Y96 E.10312
G1 X134 Y101.565 E.2611
G1 X134 Y104.674 E.10312
G1 X125.326 Y96 E.40694
G1 X122.217 Y96 E.10312
G1 X134 Y107.783 E.55278
G1 X134 Y110.892 E.10312
G1 X119.108 Y96 E.69862
G1 X116 Y96 E.10312
G1 X134 Y114 E.84446
G1 X130.892 Y114 E.10312
G1 X116 Y99.108 E.69862
G1 X116 Y102.217 E.10312
G1 X127.783 Y114 E.55278
G1 X124.674 Y114 E.10312
G1 X116 Y105.326 E.40694
G1 X116 Y108.435 E.10312
G1 X121.565 Y114 E.2611
G1 X118.457 Y114 E.10312
G1 X116 Y111.543 E.11527
G1 X116 Y113.172 E.05401
; stop printing object cube.stl id:0 copy 0
;LAYER_CHANGE
;Z:1.4
;HEIGHT:0.2
;BEFORE_LAYER_CHANGE
G92 E0.0
;1.4
M201 X4000 Y4000
M74 W0
;AFTER_LAYER_CHANGE
;1.4
;_SET_FAN_SPEED_CHANGING_LAYER
; printing object cube.stl id:0 copy 0
G1 E-.8 F1800
G1 X123.616 Y113.659 Z1.8 F7200
G1 X134.346 Y114.346 Z1.8
G1 Z1.4
G1 E.8 F1800
M204 P4000
;TYPE:Inner wall
;WIDTH:0.449999
G1 F2598
G1 X115.654 Y114.346 E.62008
G1 X115.654 Y95.654 E.62008
G1 X134.346 Y95.654 E.62008
G1 X134.346 Y114.306 E.61875
M204 T500
G1 X134.775 Y114.775 F7200
M204 P500
;TYPE:Outer wall
G1 F2598
G1 X115.225 Y114.775 E.64851
G1 X115.225 Y95.225 E.64851
G1 X134.775 Y95.225 E.64851
G1 X134.775 Y114.735 E.64718
M73 P24 R20
M204 T4000
G1 E-.8 F1800
G1 X134.445 Y107.11 Z1.8 F7200
G1 X134 Y96.828 Z1.8
G1 Z1.4
G1 E.8 F1800
;TYPE:Sparse infill
;WIDTH:0.45
G1 F2598
G1 X134 Y98.457 E.05401
G1 X131.543 Y96 E.11527
G1 X128.435 Y96 E.10312
G1 X134 Y101.565 E.2611
G1 X134 Y104.674 E.10312
G1 X125.326 Y96 E.40694
G1 X122.217 Y96 E.10312
G1 X134 Y107.783 E.55278
G1 X134 Y110.892 E.10312
G1 X119.108 Y96 E.69862
G1 X116 Y96 E.10312
G1 X134 Y114 E.84446
G1 X130.892 Y114 E.10312
G1 X116 Y99.108 E.69862
G1 X116 Y102.217 E.10312
G1 X127.783 Y114 E.55278
G1 X124.674 Y114 E.10312
G1 X116 Y105.326 E.40694
G1 X116 Y108.435 E.10312
G1 X121.565 Y114 E.2611
G1 X118.457 Y114 E.10312
G1 X116 Y111.543 E.11527
G1 X116 Y113.172 E.05401
; stop printing object cube.stl id:0 copy 0
;LAYER_CHANGE
;Z:1.6
;HEIGHT:0.2
;BEFORE_LAYER_CHANGE
G92 E0.0
;1.6
M201 X4000 Y4000
M74 W0
;AFTER_LAYER_CHANGE
;1.6
;_SET_FAN_SPEED_CHANGING_LAYER
; printing object cube.stl id:0 copy 0
G1 E-.8 F1800
G1 X123.616 Y113.659 Z2 F7200
G1 X134.346 Y114.346 Z2
G1 Z1.6
G1 E.8 F1800
M204 P4000
;TYPE:Inner wall
;WIDTH:0.449999
G1 F2598
G1 X115.654 Y114.346 E.62008
G1 X115.654 Y95.654 E.62008
G1 X134.346 Y95.654 E.62008
G1 X134.346 Y114.306 E.61875
M204 T500
G1 X134.775 Y114.775 F7200
M204 P500
;TYPE:Outer wall
G1 F2598
G1 X115.225 Y114.775 E.64851
G1 X115.225 Y95.225 E.64851
G1 X134.775 Y95.225 E.64851
G1 X134.775 Y114.735 E.64718
M204 T4000
G1 E-.8 F1800
G1 X134.445 Y107.11 Z2 F7200
G1 X134 Y96.828 Z2
G1 Z1.6
G1 E.8 F1800
;TYPE:Sparse infill
;WIDTH:0.45
G1 F2598
G1 X134 Y98.457 E.05401
G1 X131.543 Y96 E.11527
G1 X128.435 Y96 E.10312
G1 X134 Y101.565 E.2611
G1 X134 Y104.674 E.10312
G1 X125.326 Y96 E.40694
G1 X122.217 Y96 E.10312
G1 X134 Y107.783 E.55278
G1 X134 Y110.892 E.10312
G1 X119.108 Y96 E.69862
G1 X116 Y96 E.10312
G1 X134 Y114 E.84446
G1 X130.892 Y114 E.10312
G1 X116 Y99.108 E.69862
G1 X116 Y102.217 E.10312
G1 X127.783 Y114 E.55278
G1 X124.674 Y114 E.10312
G1 X116 Y105.326 E.40694
G1 X116 Y108.435 E.10312
M73 P25 R20
G1 X121.565 Y114 E.2611
G1 X118.457 Y114 E.10312
G1 X116 Y111.543 E.11527
G1 X116 Y113.172 E.05401
; stop printing object cube.stl id:0 copy 0
;LAYER_CHANGE
;Z:1.8
;HEIGHT:0.2
;BEFORE_LAYER_CHANGE
G92 E0.0
;1.8
M201 X4000 Y4000
M74 W0
;AFTER_LAYER_CHANGE
;1.8
;_SET_FAN_SPEED_CHANGING_LAYER
; printing object cube.stl id:0 copy 0
G1 E-.8 F1800
G1 X123.616 Y113.659 Z2.2 F7200
G1 X134.346 Y114.346 Z2.2
G1 Z1.8
G1 E.8 F1800
M204 P4000
;TYPE:Inner wall
;WIDTH:0.449999
G1 F2598
G1 X115.654 Y114.346 E.62008
G1 X115.654 Y95.654 E.62008
G1 X134.346 Y95.654 E.62008
G1 X134.346 Y114.306 E.61875
M204 T500
G1 X134.775 Y114.775 F7200
M204 P500
;TYPE:Outer wall
G1 F2598
G1 X115.225 Y114.775 E.64851
G1 X115.225 Y95.225 E.64851
G1 X134.775 Y95.225 E.64851
G1 X134.775 Y114.735 E.64718
M204 T4000
G1 E-.8 F1800
G1 X134.445 Y107.11 Z2.2 F7200
G1 X134 Y96.828 Z2.2
G1 Z1.8
G1 E.8 F1800
;TYPE:Sparse infill
;WIDTH:0.45
G1 F2598
G1 X134 Y98.457 E.05401
G1 X131.543 Y96 E.11527
G1 X128.435 Y96 E.10312
G1 X134 Y101.565 E.2611
G1 X134 Y104.674 E.10312
G1 X125.326 Y96 E.40694
G1 X122.217 Y96 E.10312
G1 X134 Y107.783 E.55278
G1 X134 Y110.892 E.10312
G1 X119.108 Y96 E.69862
G1 X116 Y96 E.10312
G1 X134 Y114 E.84446
G1 X130.892 Y114 E.10312
G1 X116 Y99.108 E.69862
G1 X116 Y102.217 E.10312
G1 X127.783 Y114 E.55278
G1 X124.674 Y114 E.10312
G1 X116 Y105.326 E.40694
G1 X116 Y108.435 E.10312
G1 X121.565 Y114 E.2611
G1 X118.457 Y114 E.10312
G1 X116 Y111.543 E.11527
G1 X116 Y113.172 E.05401
; stop printing object cube.stl id:0 copy 0
;LAYER_CHANGE
;Z:2
;HEIGHT:0.2
;BEFORE_LAYER_CHANGE
G92 E0.0
;2
M201 X4000 Y4000
M74 W0
;AFTER_LAYER_CHANGE
;2
;_SET_FAN_SPEED_CHANGING_LAYER
; printing object cube.stl id:0 copy 0
G1 E-.8 F1800
G1 X123.616 Y113.659 Z2.4 F7200
G1 X134.346 Y114.346 Z2.4
G1 Z2
G1 E.8 F1800
M204 P4000
;TYPE:Inner wall
;WIDTH:0.449999
G1 F2598
G1 X115.654 Y114.346 E.62008
G1 X115.654 Y95.654 E.62008
G1 X134.346 Y95.654 E.62008
G1 X134.346 Y114.306 E.61875
M204 T500
G1 X134.775 Y114.775 F7200
M204 P500
;TYPE:Outer wall
G1 F2598
G1 X115.225 Y114.775 E.64851
G1 X115.225 Y95.225 E.64851
G1 X134.775 Y95.225 E.64851
G1 X134.775 Y114.735 E.64718
M204 T4000
G1 E-.8 F1800
G1 X134.445 Y107.11 Z2.4 F7200
G1 X134 Y96.828 Z2.4
G1 Z2
G1 E.8 F1800
;TYPE:Sparse infill
;WIDTH:0.45
G1 F2598
G1 X134 Y98.457 E.05401
G1 X131.543 Y96 E.11527
G1 X128.435 Y96 E.10312
G1 X134 Y101.565 E.2611
M73 P26 R20
G1 X134 Y104.674 E.10312
G1 X125.326 Y96 E.40694
G1 X122.217 Y96 E.10312
G1 X134 Y107.783 E.55278
G1 X134 Y110.892 E.10312
G1 X119.108 Y96 E.69862
G1 X116 Y96 E.10312
G1 X134 Y114 E.84446
G1 X130.892 Y114 E.10312
G1 X116 Y99.108 E.69862
G1 X116 Y102.217 E.10312
G1 X127.783 Y114 E.55278
G1 X124.674 Y114 E.10312
G1 X116 Y105.326 E.40694
G1 X116 Y108.435 E.10312
G1 X121.565 Y114 E.2611
G1 X118.457 Y114 E.10312
G1 X116 Y111.543 E.11527
G1 X116 Y113.172 E.05401
; stop printing object cube.stl id:0 copy 0
;LAYER_CHANGE
;Z:2.2
;HEIGHT:0.2
;BEFORE_LAYER_CHANGE
G92 E0.0
;2.2
M201 X4000 Y4000
M74 W0
;AFTER_LAYER_CHANGE
;2.2
;_SET_FAN_SPEED_CHANGING_LAYER
; printing object cube.stl id:0 copy 0
G1 E-.8 F1800
G1 X123.616 Y113.659 Z2.6 F7200
G1 X134.346 Y114.346 Z2.6
G1 Z2.2
G1 E.8 F1800
M204 P4000
;TYPE:Inner wall
;WIDTH:0.449999
G1 F2713
G1 X115.654 Y114.346 E.62008
G1 X115.654 Y95.654 E.62008
G1 X134.346 Y95.654 E.62008
G1 X134.346 Y114.306 E.61875
M204 T500
G1 X134.775 Y114.775 F7200
M204 P500
;TYPE:Outer wall
G1 F2713
G1 X115.225 Y114.775 E.64851
G1 X115.225 Y95.225 E.64851
G1 X134.775 Y95.225 E.64851
G1 X134.775 Y114.735 E.64718
M204 T4000
G1 E-.8 F1800
G1 X132.653 Y114 Z2.6 F7200
G1 Z2.2
G1 E.8 F1800
;TYPE:Sparse infill
;WIDTH:0.45
G1 F2713
G1 X134 Y114 E.04469
G1 X134 Y113.719 E.00932
G1 X133.909 Y113.549 E.00641
G1 X133.549 Y113.189 E.01689
G1 X131.995 Y112.355 E.05852
G1 X131.635 Y111.995 E.01689
G1 X130.8 Y110.44 E.05852
G1 X130.44 Y110.08 E.01689
G1 X128.886 Y109.246 E.05852
G1 X128.526 Y108.886 E.01689
G1 X127.692 Y107.332 E.05852
G1 X127.332 Y106.972 E.01689
G1 X125.777 Y106.137 E.05852
G1 X125.417 Y105.777 E.01689
G1 X124.583 Y104.223 E.05852
G1 X124.223 Y103.863 E.01689
G1 X122.668 Y103.028 E.05852
G1 X122.308 Y102.668 E.01689
G1 X121.474 Y101.114 E.05852
G1 X121.114 Y100.754 E.01689
G1 X119.56 Y99.92 E.05852
G1 X119.2 Y99.56 E.01689
G1 X118.365 Y98.005 E.05852
G1 X118.005 Y97.645 E.01689
G1 X116.451 Y96.811 E.05852
G1 X116.091 Y96.451 E.01689
G1 X116 Y96.281 E.00641
G1 X116 Y99.389 E.10312
G1 X116.091 Y99.56 E.00641
G1 X116.451 Y99.92 E.01689
G1 X118.005 Y100.754 E.05852
G1 X118.365 Y101.114 E.01689
G1 X119.2 Y102.668 E.05852
G1 X119.56 Y103.028 E.01689
G1 X121.114 Y103.863 E.05852
G1 X121.474 Y104.223 E.01689
G1 X122.308 Y105.777 E.05852
G1 X122.668 Y106.137 E.01689
G1 X124.223 Y106.972 E.05852
G1 X124.583 Y107.332 E.01689
G1 X125.417 Y108.886 E.05852
G1 X125.777 Y109.246 E.01689
G1 X127.332 Y110.08 E.05852
G1 X127.692 Y110.44 E.01689
G1 X128.526 Y111.995 E.05852
G1 X128.886 Y112.355 E.01689
G1 X130.44 Y113.189 E.05852
G1 X130.8 Y113.549 E.01689
G1 X131.043 Y114 E.01699
G1 X127.934 Y114 E.10312
G1 X127.692 Y113.549 E.01699
G1 X127.332 Y113.189 E.01689
G1 X125.777 Y112.355 E.05852
G1 X125.417 Y111.995 E.01689
G1 X124.583 Y110.44 E.05852
G1 X124.223 Y110.08 E.01689
G1 X122.668 Y109.246 E.05852
G1 X122.308 Y108.886 E.01689
G1 X121.474 Y107.332 E.05852
G1 X121.114 Y106.972 E.01689
G1 X119.56 Y106.137 E.05852
G1 X119.2 Y105.777 E.01689
G1 X118.365 Y104.223 E.05852
G1 X118.005 Y103.863 E.01689
G1 X116.451 Y103.028 E.05852
G1 X116.091 Y102.668 E.01689
G1 X116 Y102.498 E.00641
G1 X116 Y105.607 E.10312
G1 X116.091 Y105.777 E.00641
G1 X116.451 Y106.137 E.01689
G1 X118.005 Y106.972 E.05852
G1 X118.365 Y107.332 E.01689
G1 X119.2 Y108.886 E.05852
G1 X119.56 Y109.246 E.01689
G1 X121.114 Y110.08 E.05852
G1 X121.474 Y110.44 E.01689
G1 X122.308 Y111.995 E.05852
G1 X122.668 Y112.355 E.01689
G1 X124.223 Y113.189 E.05852
G1 X124.583 Y113.549 E.01689
G1 X124.825 Y114 E.01699
G1 X121.716 Y114 E.10312
G1 X121.474 Y113.549 E.01699
G1 X121.114 Y113.189 E.01689
G1 X119.56 Y112.355 E.05852
G1 X119.2 Y111.995 E.01689
G1 X118.365 Y110.44 E.05852
G1 X118.005 Y110.08 E.01689
G1 X116.451 Y109.246 E.05852
G1 X116.091 Y108.886 E.01689
G1 X116 Y108.716 E.00641
G1 X116 Y111.824 E.10312
G1 X116.091 Y111.995 E.00641
G1 X116.451 Y112.355 E.01689
G1 X118.005 Y113.189 E.05852
G1 X118.365 Y113.549 E.01689
G1 X118.608 Y114 E.01699
G1 X116.979 Y114 E.05401
G1 E-.8 F1800
G1 X117.128 Y106.369 Z2.6 F7200
G1 X117.329 Y96 Z2.6
G1 Z2.2
G1 E.8 F1800
G1 F2713
G1 X118.957 Y96 E.05401
G1 X119.2 Y96.451 E.01699
G1 X119.56 Y96.811 E.01689
G1 X121.114 Y97.645 E.05852
G1 X121.474 Y98.005 E.01689
M73 P27 R20
G1 X122.308 Y99.56 E.05852
G1 X122.668 Y99.92 E.01689
G1 X124.223 Y100.754 E.05852
G1 X124.583 Y101.114 E.01689
G1 X125.417 Y102.668 E.05852
G1 X125.777 Y103.028 E.01689
G1 X127.332 Y103.863 E.05852
G1 X127.692 Y104.223 E.01689
G1 X128.526 Y105.777 E.05852
G1 X128.886 Y106.137 E.01689
G1 X130.44 Y106.972 E.05852
G1 X130.8 Y107.332 E.01689
G1 X131.635 Y108.886 E.05852
G1 X131.995 Y109.246 E.01689
G1 X133.549 Y110.08 E.05852
G1 X133.909 Y110.44 E.01689
G1 X134 Y110.611 E.00641
G1 X134 Y107.502 E.10312
G1 X133.909 Y107.332 E.00641
M73 P27 R19
G1 X133.549 Y106.972 E.01689
G1 X131.995 Y106.137 E.05852
G1 X131.635 Y105.777 E.01689
G1 X130.8 Y104.223 E.05852
G1 X130.44 Y103.863 E.01689
G1 X128.886 Y103.028 E.05852
G1 X128.526 Y102.668 E.01689
G1 X127.692 Y101.114 E.05852
G1 X127.332 Y100.754 E.01689
G1 X125.777 Y99.92 E.05852
G1 X125.417 Y99.56 E.01689
G1 X124.583 Y98.005 E.05852
G1 X124.223 Y97.645 E.01689
G1 X122.668 Y96.811 E.05852
G1 X122.308 Y96.451 E.01689
G1 X122.066 Y96 E.01699
G1 X123.694 Y96 E.05401
G1 E-.8 F1800
G1 X131.327 Y96 Z2.6 F7200
G1 X133.021 Y96 Z2.6
G1 Z2.2
G1 E.8 F1800
G1 F2713
G1 X131.392 Y96 E.05401
G1 X131.635 Y96.451 E.01699
G1 X131.995 Y96.811 E.01689
G1 X133.549 Y97.645 E.05852
G1 X133.909 Y98.005 E.01689
G1 X134 Y98.176 E.00641
G1 X134 Y101.284 E.10312
G1 X133.909 Y101.114 E.00641
G1 X133.549 Y100.754 E.01689
G1 X131.995 Y99.92 E.05852
G1 X131.635 Y99.56 E.01689
G1 X130.8 Y98.005 E.05852
G1 X130.44 Y97.645 E.01689
G1 X128.886 Y96.811 E.05852
G1 X128.526 Y96.451 E.01689
G1 X128.284 Y96 E.01699
G1 X125.175 Y96 E.10312
G1 X125.417 Y96.451 E.01699
G1 X125.777 Y96.811 E.01689
G1 X127.332 Y97.645 E.05852
G1 X127.692 Y98.005 E.01689
G1 X128.526 Y99.56 E.05852
G1 X128.886 Y99.92 E.01689
G1 X130.44 Y100.754 E.05852
G1 X130.8 Y101.114 E.01689
G1 X131.635 Y102.668 E.05852
G1 X131.995 Y103.028 E.01689
G1 X133.549 Y103.863 E.05852
G1 X133.909 Y104.223 E.01689
G1 X134 Y104.393 E.00641
G1 X134 Y106.021 E.05401
; stop printing object cube.stl id:0 copy 0
;LAYER_CHANGE
;Z:2.4
;HEIGHT:0.2
;BEFORE_LAYER_CHANGE
G92 E0.0
;2.4
M201 X4000 Y4000
M74 W0
;AFTER_LAYER_CHANGE
;2.4
;_SET_FAN_SPEED_CHANGING_LAYER
; printing object cube.stl id:0 copy 0
G1 E-.8 F1800
G1 X134.317 Y113.647 Z2.8 F7200
G1 X134.346 Y114.346 Z2.8
G1 Z2.4
G1 E.8 F1800
M204 P4000
;TYPE:Inner wall
;WIDTH:0.449999
G1 F2784
G1 X115.654 Y114.346 E.62008
G1 X115.654 Y95.654 E.62008
G1 X134.346 Y95.654 E.62008
G1 X134.346 Y114.306 E.61875
M204 T500
G1 X134.775 Y114.775 F7200
M204 P500
;TYPE:Outer wall
G1 F2784
G1 X115.225 Y114.775 E.64851
G1 X115.225 Y95.225 E.64851
G1 X134.775 Y95.225 E.64851
G1 X134.775 Y114.735 E.64718
M204 T4000
G1 E-.8 F1800
G1 X132.819 Y114 Z2.8 F7200
G1 Z2.4
G1 E.8 F1800
;TYPE:Sparse infill
;WIDTH:0.45
G1 F2784
G1 X131.191 Y114 E.05401
G1 X131.154 Y113.549 E.01502
G1 X130.44 Y112.836 E.03347
G1 X128.886 Y112.708 E.05173
G1 X128.172 Y111.995 E.03347
G1 X128.045 Y110.44 E.05173
G1 X127.332 Y109.727 E.03347
G1 X125.777 Y109.599 E.05173
G1 X125.064 Y108.886 E.03347
G1 X124.936 Y107.332 E.05173
G1 X124.223 Y106.618 E.03347
G1 X122.668 Y106.491 E.05173
G1 X121.955 Y105.777 E.03347
G1 X121.828 Y104.223 E.05173
G1 X121.114 Y103.509 E.03347
G1 X119.56 Y103.382 E.05173
G1 X118.846 Y102.668 E.03347
G1 X118.719 Y101.114 E.05173
G1 X118.005 Y100.401 E.03347
G1 X116.451 Y100.273 E.05173
G1 X116 Y99.822 E.02117
G1 X116 Y102.931 E.10312
G1 X116.451 Y103.382 E.02117
G1 X118.005 Y103.509 E.05173
G1 X118.719 Y104.223 E.03347
G1 X118.846 Y105.777 E.05173
G1 X119.56 Y106.491 E.03347
G1 X121.114 Y106.618 E.05173
G1 X121.828 Y107.332 E.03347
G1 X121.955 Y108.886 E.05173
G1 X122.668 Y109.599 E.03347
G1 X124.223 Y109.727 E.05173
G1 X124.936 Y110.44 E.03347
G1 X125.064 Y111.995 E.05173
G1 X125.777 Y112.708 E.03347
G1 X127.332 Y112.836 E.05173
G1 X128.045 Y113.549 E.03347
G1 X128.082 Y114 E.01502
G1 X124.973 Y114 E.10312
G1 X124.936 Y113.549 E.01502
G1 X124.223 Y112.836 E.03347
G1 X122.668 Y112.708 E.05173
G1 X121.955 Y111.995 E.03347
G1 X121.828 Y110.44 E.05173
G1 X121.114 Y109.727 E.03347
G1 X119.56 Y109.599 E.05173
G1 X118.846 Y108.886 E.03347
G1 X118.719 Y107.332 E.05173
G1 X118.005 Y106.618 E.03347
G1 X116.451 Y106.491 E.05173
G1 X116 Y106.039 E.02117
G1 X116 Y109.148 E.10312
G1 X116.451 Y109.599 E.02117
G1 X118.005 Y109.727 E.05173
G1 X118.719 Y110.44 E.03347
G1 X118.846 Y111.995 E.05173
G1 X119.56 Y112.708 E.03347
G1 X121.114 Y112.836 E.05173
G1 X121.828 Y113.549 E.03347
G1 X121.865 Y114 E.01502
G1 X118.756 Y114 E.10312
G1 X118.719 Y113.549 E.01502
G1 X118.005 Y112.836 E.03347
G1 X116.451 Y112.708 E.05173
G1 X116 Y112.257 E.02117
G1 X116 Y113.885 E.05401
G1 E-.8 F1800
G1 X116.389 Y106.263 Z2.8 F7200
G1 X116.914 Y96 Z2.8
G1 Z2.4
G1 E.8 F1800
G1 F2784
G1 X116 Y96 E.03035
G1 X116 Y96.713 E.02367
G1 X116.451 Y97.164 E.02117
G1 X118.005 Y97.292 E.05173
G1 X118.719 Y98.005 E.03347
G1 X118.846 Y99.56 E.05173
G1 X119.56 Y100.273 E.03347
G1 X121.114 Y100.401 E.05173
G1 X121.828 Y101.114 E.03347
G1 X121.955 Y102.668 E.05173
G1 X122.668 Y103.382 E.03347
G1 X124.223 Y103.509 E.05173
G1 X124.936 Y104.223 E.03347
G1 X125.064 Y105.777 E.05173
G1 X125.777 Y106.491 E.03347
G1 X127.332 Y106.618 E.05173
G1 X128.045 Y107.332 E.03347
G1 X128.172 Y108.886 E.05173
G1 X128.886 Y109.599 E.03347
G1 X130.44 Y109.727 E.05173
G1 X131.154 Y110.44 E.03347
G1 X131.281 Y111.995 E.05173
G1 X131.995 Y112.708 E.03347
G1 X133.549 Y112.836 E.05173
G1 X134 Y113.287 E.02117
G1 X134 Y110.178 E.10312
G1 X133.549 Y109.727 E.02117
G1 X131.995 Y109.599 E.05173
G1 X131.281 Y108.886 E.03347
M73 P28 R19
G1 X131.154 Y107.332 E.05173
G1 X130.44 Y106.618 E.03347
G1 X128.886 Y106.491 E.05173
G1 X128.172 Y105.777 E.03347
G1 X128.045 Y104.223 E.05173
G1 X127.332 Y103.509 E.03347
G1 X125.777 Y103.382 E.05173
G1 X125.064 Y102.668 E.03347
G1 X124.936 Y101.114 E.05173
G1 X124.223 Y100.401 E.03347
G1 X122.668 Y100.273 E.05173
G1 X121.955 Y99.56 E.03347
G1 X121.828 Y98.005 E.05173
G1 X121.114 Y97.292 E.03347
G1 X119.56 Y97.164 E.05173
G1 X118.846 Y96.451 E.03347
G1 X118.809 Y96 E.01502
G1 X121.918 Y96 E.10312
G1 X121.955 Y96.451 E.01502
G1 X122.668 Y97.164 E.03347
G1 X124.223 Y97.292 E.05173
G1 X124.936 Y98.005 E.03347
G1 X125.064 Y99.56 E.05173
G1 X125.777 Y100.273 E.03347
G1 X127.332 Y100.401 E.05173
G1 X128.045 Y101.114 E.03347
G1 X128.172 Y102.668 E.05173
G1 X128.886 Y103.382 E.03347
G1 X130.44 Y103.509 E.05173
G1 X131.154 Y104.223 E.03347
G1 X131.281 Y105.777 E.05173
G1 X131.995 Y106.491 E.03347
G1 X133.549 Y106.618 E.05173
G1 X134 Y107.069 E.02117
G1 X134 Y103.961 E.10312
G1 X133.549 Y103.509 E.02117
G1 X131.995 Y103.382 E.05173
G1 X131.281 Y102.668 E.03347
G1 X131.154 Y101.114 E.05173
G1 X130.44 Y100.401 E.03347
G1 X128.886 Y100.273 E.05173
G1 X128.172 Y99.56 E.03347
G1 X128.045 Y98.005 E.05173
G1 X127.332 Y97.292 E.03347
G1 X125.777 Y97.164 E.05173
G1 X125.064 Y96.451 E.03347
G1 X125.027 Y96 E.01502
G1 X128.135 Y96 E.10312
G1 X128.172 Y96.451 E.01502
G1 X128.886 Y97.164 E.03347
G1 X130.44 Y97.292 E.05173
G1 X131.154 Y98.005 E.03347
G1 X131.281 Y99.56 E.05173
G1 X131.995 Y100.273 E.03347
G1 X133.549 Y100.401 E.05173
G1 X134 Y100.852 E.02117
G1 X134 Y97.743 E.10312
G1 X133.549 Y97.292 E.02117
G1 X131.995 Y97.164 E.05173
G1 X131.281 Y96.451 E.03347
G1 X131.244 Y96 E.01502
G1 X132.873 Y96 E.05401
; stop printing object cube.stl id:0 copy 0
;LAYER_CHANGE
;Z:2.6
;HEIGHT:0.2
;BEFORE_LAYER_CHANGE
G92 E0.0
;2.6
M201 X4000 Y4000
M74 W0
;AFTER_LAYER_CHANGE
;2.6
;_SET_FAN_SPEED_CHANGING_LAYER
; printing object cube.stl id:0 copy 0
G1 E-.8 F1800
G1 X133.484 Y103.608 Z3 F7200
G1 X134.346 Y114.346 Z3
G1 Z2.6
G1 E.8 F1800
M204 P4000
;TYPE:Inner wall
;WIDTH:0.449999
G1 F2874
G1 X115.654 Y114.346 E.62008
G1 X115.654 Y95.654 E.62008
G1 X134.346 Y95.654 E.62008
G1 X134.346 Y114.306 E.61875
M204 T500
G1 X134.775 Y114.775 F7200
M204 P500
;TYPE:Outer wall
G1 F2874
G1 X115.225 Y114.775 E.64851
G1 X115.225 Y95.225 E.64851
G1 X134.775 Y95.225 E.64851
G1 X134.775 Y114.735 E.64718
M204 T4000
G1 X134 Y113.97 F7200
;TYPE:Sparse infill
;WIDTH:0.45
G1 F2874
G1 X134 Y112.342 E.05401
G1 X133.549 Y112.793 E.02117
G1 X131.995 Y112.751 E.05158
G1 X131.197 Y113.549 E.03745
G1 X131.209 Y114 E.01498
G1 X128.1 Y114 E.10312
G1 X128.088 Y113.549 E.01498
G1 X128.886 Y112.751 E.03745
G1 X130.44 Y112.793 E.05158
G1 X131.239 Y111.995 E.03745
G1 X131.197 Y110.44 E.05158
G1 X131.995 Y109.642 E.03745
G1 X133.549 Y109.684 E.05158
G1 X134 Y109.233 E.02117
G1 X134 Y106.124 E.10312
G1 X133.549 Y106.575 E.02117
G1 X131.995 Y106.533 E.05158
G1 X131.197 Y107.332 E.03745
G1 X131.239 Y108.886 E.05158
G1 X130.44 Y109.684 E.03745
G1 X128.886 Y109.642 E.05158
G1 X128.088 Y110.44 E.03745
G1 X128.13 Y111.995 E.05158
G1 X127.332 Y112.793 E.03745
G1 X125.777 Y112.751 E.05158
G1 X124.979 Y113.549 E.03745
G1 X124.991 Y114 E.01498
G1 X126.62 Y114 E.05401
G1 E-.8 F1800
G1 X131.347 Y108.008 Z3 F7200
G1 X134 Y104.644 Z3
G1 Z2.6
G1 E.8 F1800
G1 F2874
G1 X134 Y103.015 E.05401
G1 X133.549 Y103.467 E.02117
G1 X131.995 Y103.425 E.05158
G1 X131.197 Y104.223 E.03745
G1 X131.239 Y105.777 E.05158
G1 X130.44 Y106.575 E.03745
G1 X128.886 Y106.533 E.05158
G1 X128.088 Y107.332 E.03745
G1 X128.13 Y108.886 E.05158
G1 X127.332 Y109.684 E.03745
G1 X125.777 Y109.642 E.05158
G1 X124.979 Y110.44 E.03745
G1 X125.021 Y111.995 E.05158
G1 X124.223 Y112.793 E.03745
G1 X122.668 Y112.751 E.05158
G1 X121.87 Y113.549 E.03745
G1 X121.882 Y114 E.01498
G1 X118.774 Y114 E.10312
G1 X118.761 Y113.549 E.01498
G1 X119.56 Y112.751 E.03745
G1 X121.114 Y112.793 E.05158
G1 X121.912 Y111.995 E.03745
G1 X121.87 Y110.44 E.05158
G1 X122.668 Y109.642 E.03745
G1 X124.223 Y109.684 E.05158
G1 X125.021 Y108.886 E.03745
G1 X124.979 Y107.332 E.05158
G1 X125.777 Y106.533 E.03745
G1 X127.332 Y106.575 E.05158
G1 X128.13 Y105.777 E.03745
G1 X128.088 Y104.223 E.05158
G1 X128.886 Y103.425 E.03745
G1 X130.44 Y103.467 E.05158
G1 X131.239 Y102.668 E.03745
G1 X131.197 Y101.114 E.05158
G1 X131.995 Y100.316 E.03745
G1 X133.549 Y100.358 E.05158
G1 X134 Y99.907 E.02117
G1 X134 Y96.798 E.10312
G1 X133.549 Y97.249 E.02117
G1 X131.995 Y97.207 E.05158
G1 X131.197 Y98.005 E.03745
G1 X131.239 Y99.56 E.05158
G1 X130.44 Y100.358 E.03745
G1 X128.886 Y100.316 E.05158
G1 X128.088 Y101.114 E.03745
G1 X128.13 Y102.668 E.05158
G1 X127.332 Y103.467 E.03745
G1 X125.777 Y103.425 E.05158
G1 X124.979 Y104.223 E.03745
G1 X125.021 Y105.777 E.05158
G1 X124.223 Y106.575 E.03745
G1 X122.668 Y106.533 E.05158
G1 X121.87 Y107.332 E.03745
G1 X121.912 Y108.886 E.05158
G1 X121.114 Y109.684 E.03745
G1 X119.56 Y109.642 E.05158
M73 P29 R19
G1 X118.761 Y110.44 E.03745
G1 X118.803 Y111.995 E.05158
G1 X118.005 Y112.793 E.03745
G1 X116.451 Y112.751 E.05158
G1 X116 Y113.202 E.02117
G1 X116 Y110.093 E.10312
G1 X116.451 Y109.642 E.02117
G1 X118.005 Y109.684 E.05158
G1 X118.803 Y108.886 E.03745
G1 X118.761 Y107.332 E.05158
G1 X119.56 Y106.533 E.03745
G1 X121.114 Y106.575 E.05158
G1 X121.912 Y105.777 E.03745
G1 X121.87 Y104.223 E.05158
G1 X122.668 Y103.425 E.03745
G1 X124.223 Y103.467 E.05158
G1 X125.021 Y102.668 E.03745
G1 X124.979 Y101.114 E.05158
G1 X125.777 Y100.316 E.03745
G1 X127.332 Y100.358 E.05158
G1 X128.13 Y99.56 E.03745
G1 X128.088 Y98.005 E.05158
G1 X128.886 Y97.207 E.03745
G1 X130.44 Y97.249 E.05158
G1 X131.239 Y96.451 E.03745
G1 X131.226 Y96 E.01498
G1 X132.855 Y96 E.05401
G1 E-.8 F1800
G1 X125.222 Y96.013 Z3 F7200
G1 X116 Y96.03 Z3
G1 Z2.6
G1 E.8 F1800
G1 F2874
G1 X116 Y97.658 E.05401
G1 X116.451 Y97.207 E.02117
G1 X118.005 Y97.249 E.05158
G1 X118.803 Y96.451 E.03745
G1 X118.791 Y96 E.01498
G1 X121.9 Y96 E.10312
G1 X121.912 Y96.451 E.01498
G1 X121.114 Y97.249 E.03745
G1 X119.56 Y97.207 E.05158
G1 X118.761 Y98.005 E.03745
G1 X118.803 Y99.56 E.05158
G1 X118.005 Y100.358 E.03745
G1 X116.451 Y100.316 E.05158
G1 X116 Y100.767 E.02117
G1 X116 Y103.876 E.10312
G1 X116.451 Y103.425 E.02117
G1 X118.005 Y103.467 E.05158
G1 X118.803 Y102.668 E.03745
G1 X118.761 Y101.114 E.05158
G1 X119.56 Y100.316 E.03745
G1 X121.114 Y100.358 E.05158
G1 X121.912 Y99.56 E.03745
G1 X121.87 Y98.005 E.05158
G1 X122.668 Y97.207 E.03745
G1 X124.223 Y97.249 E.05158
G1 X125.021 Y96.451 E.03745
G1 X125.009 Y96 E.01498
G1 X128.118 Y96 E.10312
G1 X128.13 Y96.451 E.01498
G1 X127.332 Y97.249 E.03745
G1 X125.777 Y97.207 E.05158
G1 X124.979 Y98.005 E.03745
G1 X125.021 Y99.56 E.05158
G1 X124.223 Y100.358 E.03745
G1 X122.668 Y100.316 E.05158
G1 X121.87 Y101.114 E.03745
G1 X121.912 Y102.668 E.05158
G1 X121.114 Y103.467 E.03745
G1 X119.56 Y103.425 E.05158
G1 X118.761 Y104.223 E.03745
G1 X118.803 Y105.777 E.05158
G1 X118.005 Y106.575 E.03745
G1 X116.451 Y106.533 E.05158
G1 X116 Y106.985 E.02117
G1 X116 Y105.356 E.05401
; stop printing object cube.stl id:0 copy 0
;LAYER_CHANGE
;Z:2.8
;HEIGHT:0.2
;BEFORE_LAYER_CHANGE
G92 E0.0
;2.8
M201 X4000 Y4000
M74 W0
;AFTER_LAYER_CHANGE
;2.8
;_SET_FAN_SPEED_CHANGING_LAYER
; printing object cube.stl id:0 copy 0
G1 E-.8 F1800
G1 X122.853 Y108.715 Z3.2 F7200
G1 X134.346 Y114.346 Z3.2
G1 Z2.8
G1 E.8 F1800
M204 P4000
;TYPE:Inner wall
;WIDTH:0.449999
G1 F2575
G1 X115.654 Y114.346 E.62008
G1 X115.654 Y95.654 E.62008
G1 X134.346 Y95.654 E.62008
G1 X134.346 Y114.306 E.61875
M204 T500
G1 X134.775 Y114.775 F7200
M204 P500
;TYPE:Outer wall
G1 F2575
G1 X115.225 Y114.775 E.64851
G1 X115.225 Y95.225 E.64851
G1 X134.775 Y95.225 E.64851
G1 X134.775 Y114.735 E.64718
M204 T4000
G1 X132.985 Y114 F7200
;TYPE:Sparse infill
;WIDTH:0.45
G1 F2575
G1 X131.357 Y114 E.05401
G1 X131.55 Y113.549 E.01628
G1 X131.995 Y113.104 E.02086
G1 X133.549 Y112.439 E.05608
G1 X133.994 Y111.995 E.02086
G1 X134 Y108.87 E.10364
G1 X133.549 Y109.331 E.02138
G1 X131.995 Y109.996 E.05608
G1 X131.55 Y110.44 E.02086
G1 X130.885 Y111.995 E.05608
G1 X130.44 Y112.439 E.02086
G1 X128.886 Y113.104 E.05608
G1 X128.441 Y113.549 E.02086
G1 X128.248 Y114 E.01628
G1 X125.139 Y114 E.10312
G1 X125.333 Y113.549 E.01628
G1 X125.777 Y113.104 E.02086
G1 X127.332 Y112.439 E.05608
G1 X127.776 Y111.995 E.02086
G1 X128.441 Y110.44 E.05608
G1 X128.886 Y109.996 E.02086
G1 X130.44 Y109.331 E.05608
G1 X130.885 Y108.886 E.02086
G1 X131.55 Y107.332 E.05608
G1 X131.995 Y106.887 E.02086
G1 X133.549 Y106.222 E.05608
G1 X133.994 Y105.777 E.02086
G1 X134 Y102.653 E.10364
G1 X133.549 Y103.113 E.02138
G1 X131.995 Y103.778 E.05608
G1 X131.55 Y104.223 E.02086
G1 X130.885 Y105.777 E.05608
G1 X130.44 Y106.222 E.02086
G1 X128.886 Y106.887 E.05608
G1 X128.441 Y107.332 E.02086
G1 X127.776 Y108.886 E.05608
G1 X127.332 Y109.331 E.02086
G1 X125.777 Y109.996 E.05608
G1 X125.333 Y110.44 E.02086
G1 X124.667 Y111.995 E.05608
G1 X124.223 Y112.439 E.02086
G1 X122.668 Y113.104 E.05608
G1 X122.224 Y113.549 E.02086
G1 X122.031 Y114 E.01628
G1 X118.922 Y114 E.10312
G1 X119.115 Y113.549 E.01628
G1 X119.56 Y113.104 E.02086
G1 X121.114 Y112.439 E.05608
G1 X121.559 Y111.995 E.02086
G1 X122.224 Y110.44 E.05608
G1 X122.668 Y109.996 E.02086
G1 X124.223 Y109.331 E.05608
G1 X124.667 Y108.886 E.02086
G1 X125.333 Y107.332 E.05608
G1 X125.777 Y106.887 E.02086
G1 X127.332 Y106.222 E.05608
G1 X127.776 Y105.777 E.02086
G1 X128.441 Y104.223 E.05608
G1 X128.886 Y103.778 E.02086
G1 X130.44 Y103.113 E.05608
G1 X130.885 Y102.668 E.02086
G1 X131.55 Y101.114 E.05608
G1 X131.995 Y100.669 E.02086
G1 X133.549 Y100.004 E.05608
G1 X133.994 Y99.56 E.02086
G1 X134 Y96.435 E.10364
G1 X133.549 Y96.896 E.02138
G1 X131.995 Y97.561 E.05608
G1 X131.55 Y98.005 E.02086
G1 X130.885 Y99.56 E.05608
G1 X130.44 Y100.004 E.02086
G1 X128.886 Y100.669 E.05608
G1 X128.441 Y101.114 E.02086
G1 X127.776 Y102.668 E.05608
G1 X127.332 Y103.113 E.02086
G1 X125.777 Y103.778 E.05608
G1 X125.333 Y104.223 E.02086
G1 X124.667 Y105.777 E.05608
G1 X124.223 Y106.222 E.02086
G1 X122.668 Y106.887 E.05608
G1 X122.224 Y107.332 E.02086
G1 X121.559 Y108.886 E.05608
M73 P30 R19
G1 X121.114 Y109.331 E.02086
G1 X119.56 Y109.996 E.05608
G1 X119.115 Y110.44 E.02086
G1 X118.45 Y111.995 E.05608
G1 X118.005 Y112.439 E.02086
G1 X116.451 Y113.104 E.05608
G1 X116 Y113.565 E.02138
G1 X116.006 Y110.44 E.10364
G1 X116.451 Y109.996 E.02086
G1 X118.005 Y109.331 E.05608
G1 X118.45 Y108.886 E.02086
G1 X119.115 Y107.332 E.05608
G1 X119.56 Y106.887 E.02086
G1 X121.114 Y106.222 E.05608
G1 X121.559 Y105.777 E.02086
G1 X122.224 Y104.223 E.05608
G1 X122.668 Y103.778 E.02086
G1 X124.223 Y103.113 E.05608
G1 X124.667 Y102.668 E.02086
G1 X125.333 Y101.114 E.05608
G1 X125.777 Y100.669 E.02086
G1 X127.332 Y100.004 E.05608
G1 X127.776 Y99.56 E.02086
G1 X128.441 Y98.005 E.05608
G1 X128.886 Y97.561 E.02086
G1 X130.44 Y96.896 E.05608
G1 X130.885 Y96.451 E.02086
G1 X131.078 Y96 E.01628
G1 X127.969 Y96 E.10312
G1 X127.776 Y96.451 E.01628
G1 X127.332 Y96.896 E.02086
G1 X125.777 Y97.561 E.05608
G1 X125.333 Y98.005 E.02086
G1 X124.667 Y99.56 E.05608
G1 X124.223 Y100.004 E.02086
G1 X122.668 Y100.669 E.05608
G1 X122.224 Y101.114 E.02086
G1 X121.559 Y102.668 E.05608
G1 X121.114 Y103.113 E.02086
G1 X119.56 Y103.778 E.05608
G1 X119.115 Y104.223 E.02086
G1 X118.45 Y105.777 E.05608
G1 X118.005 Y106.222 E.02086
G1 X116.451 Y106.887 E.05608
G1 X116 Y107.347 E.02138
G1 X116.006 Y104.223 E.10364
G1 X116.451 Y103.778 E.02086
G1 X118.005 Y103.113 E.05608
G1 X118.45 Y102.668 E.02086
G1 X119.115 Y101.114 E.05608
G1 X119.56 Y100.669 E.02086
G1 X121.114 Y100.004 E.05608
G1 X121.559 Y99.56 E.02086
G1 X122.224 Y98.005 E.05608
G1 X122.668 Y97.561 E.02086
G1 X124.223 Y96.896 E.05608
G1 X124.667 Y96.451 E.02086
G1 X124.861 Y96 E.01628
G1 X121.752 Y96 E.10312
G1 X121.559 Y96.451 E.01628
G1 X121.114 Y96.896 E.02086
G1 X119.56 Y97.561 E.05608
G1 X119.115 Y98.005 E.02086
G1 X118.45 Y99.56 E.05608
G1 X118.005 Y100.004 E.02086
G1 X116.451 Y100.669 E.05608
G1 X116 Y101.13 E.02138
G1 X116.006 Y98.005 E.10364
G1 X116.451 Y97.561 E.02086
G1 X118.005 Y96.896 E.05608
G1 X118.45 Y96.451 E.02086
G1 X118.643 Y96 E.01628
G1 X117.015 Y96 E.05401
; stop printing object cube.stl id:0 copy 0
;LAYER_CHANGE
;Z:3
;HEIGHT:0.2
;BEFORE_LAYER_CHANGE
G92 E0.0
;3
M201 X4000 Y4000
M74 W0
;AFTER_LAYER_CHANGE
;3
;_SET_FAN_SPEED_CHANGING_LAYER
; printing object cube.stl id:0 copy 0
G1 E-.8 F1800
G1 X122.256 Y101.548 Z3.4 F7200
G1 X134.346 Y114.346 Z3.4
G1 Z3
G1 E.8 F1800
M204 P4000
;TYPE:Inner wall
;WIDTH:0.449999
G1 F2590
G1 X115.654 Y114.346 E.62008
G1 X115.654 Y95.654 E.62008
G1 X134.346 Y95.654 E.62008
G1 X134.346 Y114.306 E.61875
M204 T500
G1 X134.775 Y114.775 F7200
M204 P500
;TYPE:Outer wall
G1 F2590
G1 X115.225 Y114.775 E.64851
G1 X115.225 Y95.225 E.64851
G1 X134.775 Y95.225 E.64851
G1 X134.775 Y114.735 E.64718
M204 T4000
G1 X134 Y113.172 F7200
;TYPE:Sparse infill
;WIDTH:0.45
G1 F2590
G1 X134 Y111.543 E.05401
G1 X131.543 Y114 E.11527
G1 X128.435 Y114 E.10312
G1 X134 Y108.435 E.2611
G1 X134 Y110.063 E.05401
G1 E-.8 F1800
G1 X126.871 Y112.788 Z3.4 F7200
G1 X123.698 Y114 Z3.4
G1 Z3
G1 E.8 F1800
G1 F2590
G1 X125.326 Y114 E.05401
G1 X134 Y105.326 E.40694
G1 X134 Y102.217 E.10312
G1 X122.217 Y114 E.55278
G1 X119.108 Y114 E.10312
G1 X134 Y99.108 E.69862
G1 X134 Y96 E.10312
M73 P30 R18
G1 X116 Y114 E.84446
G1 X116 Y110.892 E.10312
G1 X130.892 Y96 E.69862
G1 X127.783 Y96 E.10312
G1 X116 Y107.783 E.55278
G1 X116 Y104.674 E.10312
G1 X124.674 Y96 E.40694
G1 X121.565 Y96 E.10312
G1 X116 Y101.565 E.2611
G1 X116 Y98.457 E.10312
G1 X118.457 Y96 E.11527
G1 X116.828 Y96 E.05401
; stop printing object cube.stl id:0 copy 0
;LAYER_CHANGE
;Z:3.2
;HEIGHT:0.2
;BEFORE_LAYER_CHANGE
G92 E0.0
;3.2
M201 X4000 Y4000
M74 W0
;AFTER_LAYER_CHANGE
;3.2
;_SET_FAN_SPEED_CHANGING_LAYER
; printing object cube.stl id:0 copy 0
G1 E-.8 F1800
G1 X122.099 Y101.52 Z3.6 F7200
G1 X134.346 Y114.346 Z3.6
G1 Z3.2
G1 E.8 F1800
M204 P4000
;TYPE:Inner wall
;WIDTH:0.449999
G1 F2590
G1 X115.654 Y114.346 E.62008
G1 X115.654 Y95.654 E.62008
M73 P31 R18
G1 X134.346 Y95.654 E.62008
G1 X134.346 Y114.306 E.61875
M204 T500
G1 X134.775 Y114.775 F7200
M204 P500
;TYPE:Outer wall
G1 F2590
G1 X115.225 Y114.775 E.64851
G1 X115.225 Y95.225 E.64851
G1 X134.775 Y95.225 E.64851
G1 X134.775 Y114.735 E.64718
M204 T4000
G1 X134 Y113.172 F7200
;TYPE:Sparse infill
;WIDTH:0.45
G1 F2590
G1 X134 Y111.543 E.05401
G1 X131.543 Y114 E.11527
G1 X128.435 Y114 E.10312
G1 X134 Y108.435 E.2611
G1 X134 Y110.063 E.05401
G1 E-.8 F1800
G1 X126.871 Y112.788 Z3.6 F7200
G1 X123.698 Y114 Z3.6
G1 Z3.2
G1 E.8 F1800
G1 F2590
G1 X125.326 Y114 E.05401
G1 X134 Y105.326 E.40694
G1 X134 Y102.217 E.10312
G1 X122.217 Y114 E.55278
G1 X119.108 Y114 E.10312
G1 X134 Y99.108 E.69862
G1 X134 Y96 E.10312
G1 X116 Y114 E.84446
G1 X116 Y110.892 E.10312
G1 X130.892 Y96 E.69862
G1 X127.783 Y96 E.10312
G1 X116 Y107.783 E.55278
G1 X116 Y104.674 E.10312
G1 X124.674 Y96 E.40694
G1 X121.565 Y96 E.10312
G1 X116 Y101.565 E.2611
G1 X116 Y98.457 E.10312
G1 X118.457 Y96 E.11527
G1 X116.828 Y96 E.05401
; stop printing object cube.stl id:0 copy 0
;LAYER_CHANGE
;Z:3.4
;HEIGHT:0.2
;BEFORE_LAYER_CHANGE
G92 E0.0
;3.4
M201 X4000 Y4000
M74 W0
;AFTER_LAYER_CHANGE
;3.4
;_SET_FAN_SPEED_CHANGING_LAYER
; printing object cube.stl id:0 copy 0
G1 E-.8 F1800
G1 X122.099 Y101.52 Z3.8 F7200
G1 X134.346 Y114.346 Z3.8
G1 Z3.4
G1 E.8 F1800
M204 P4000
;TYPE:Inner wall
;WIDTH:0.449999
G1 F2590
G1 X115.654 Y114.346 E.62008
G1 X115.654 Y95.654 E.62008
G1 X134.346 Y95.654 E.62008
G1 X134.346 Y114.306 E.61875
M204 T500
G1 X134.775 Y114.775 F7200
M204 P500
;TYPE:Outer wall
G1 F2590
G1 X115.225 Y114.775 E.64851
G1 X115.225 Y95.225 E.64851
G1 X134.775 Y95.225 E.64851
G1 X134.775 Y114.735 E.64718
M204 T4000
G1 X134 Y113.172 F7200
;TYPE:Sparse infill
;WIDTH:0.45
G1 F2590
G1 X134 Y111.543 E.05401
G1 X131.543 Y114 E.11527
G1 X128.435 Y114 E.10312
G1 X134 Y108.435 E.2611
G1 X134 Y110.063 E.05401
G1 E-.8 F1800
G1 X126.871 Y112.788 Z3.8 F7200
G1 X123.698 Y114 Z3.8
G1 Z3.4
G1 E.8 F1800
G1 F2590
G1 X125.326 Y114 E.05401
G1 X134 Y105.326 E.40694
G1 X134 Y102.217 E.10312
G1 X122.217 Y114 E.55278
G1 X119.108 Y114 E.10312
G1 X134 Y99.108 E.69862
G1 X134 Y96 E.10312
M73 P32 R18
G1 X116 Y114 E.84446
G1 X116 Y110.892 E.10312
G1 X130.892 Y96 E.69862
G1 X127.783 Y96 E.10312
G1 X116 Y107.783 E.55278
G1 X116 Y104.674 E.10312
G1 X124.674 Y96 E.40694
G1 X121.565 Y96 E.10312
G1 X116 Y101.565 E.2611
G1 X116 Y98.457 E.10312
G1 X118.457 Y96 E.11527
G1 X116.828 Y96 E.05401
; stop printing object cube.stl id:0 copy 0
;LAYER_CHANGE
;Z:3.6
;HEIGHT:0.2
;BEFORE_LAYER_CHANGE
G92 E0.0
;3.6
M201 X4000 Y4000
M74 W0
;AFTER_LAYER_CHANGE
;3.6
;_SET_FAN_SPEED_CHANGING_LAYER
; printing object cube.stl id:0 copy 0
G1 E-.8 F1800
G1 X122.099 Y101.52 Z4 F7200
G1 X134.346 Y114.346 Z4
G1 Z3.6
G1 E.8 F1800
M204 P4000
;TYPE:Inner wall
;WIDTH:0.449999
G1 F2590
G1 X115.654 Y114.346 E.62008
G1 X115.654 Y95.654 E.62008
G1 X134.346 Y95.654 E.62008
G1 X134.346 Y114.306 E.61875
M204 T500
G1 X134.775 Y114.775 F7200
M204 P500
;TYPE:Outer wall
G1 F2590
G1 X115.225 Y114.775 E.64851
G1 X115.225 Y95.225 E.64851
G1 X134.775 Y95.225 E.64851
G1 X134.775 Y114.735 E.64718
M204 T4000
G1 X134 Y113.172 F7200
;TYPE:Sparse infill
;WIDTH:0.45
G1 F2590
G1 X134 Y111.543 E.05401
G1 X131.543 Y114 E.11527
G1 X128.435 Y114 E.10312
G1 X134 Y108.435 E.2611
G1 X134 Y110.063 E.05401
G1 E-.8 F1800
G1 X126.871 Y112.788 Z4 F7200
G1 X123.698 Y114 Z4
G1 Z3.6
G1 E.8 F1800
G1 F2590
G1 X125.326 Y114 E.05401
G1 X134 Y105.326 E.40694
G1 X134 Y102.217 E.10312
G1 X122.217 Y114 E.55278
G1 X119.108 Y114 E.10312
G1 X134 Y99.108 E.69862
G1 X134 Y96 E.10312
G1 X116 Y114 E.84446
G1 X116 Y110.892 E.10312
G1 X130.892 Y96 E.69862
G1 X127.783 Y96 E.10312
G1 X116 Y107.783 E.55278
G1 X116 Y104.674 E.10312
G1 X124.674 Y96 E.40694
G1 X121.565 Y96 E.10312
G1 X116 Y101.565 E.2611
G1 X116 Y98.457 E.10312
G1 X118.457 Y96 E.11527
G1 X116.828 Y96 E.05401
; stop printing object cube.stl id:0 copy 0
;LAYER_CHANGE
;Z:3.8
;HEIGHT:0.2
;BEFORE_LAYER_CHANGE
G92 E0.0
;3.8
M201 X4000 Y4000
M74 W0
;AFTER_LAYER_CHANGE
;3.8
;_SET_FAN_SPEED_CHANGING_LAYER
; printing object cube.stl id:0 copy 0
G1 E-.8 F1800
G1 X122.099 Y101.52 Z4.2 F7200
G1 X134.346 Y114.346 Z4.2
G1 Z3.8
G1 E.8 F1800
M204 P4000
;TYPE:Inner wall
;WIDTH:0.449999
G1 F2590
G1 X115.654 Y114.346 E.62008
G1 X115.654 Y95.654 E.62008
G1 X134.346 Y95.654 E.62008
G1 X134.346 Y114.306 E.61875
M204 T500
G1 X134.775 Y114.775 F7200
M73 P33 R18
M204 P500
;TYPE:Outer wall
G1 F2590
G1 X115.225 Y114.775 E.64851
G1 X115.225 Y95.225 E.64851
G1 X134.775 Y95.225 E.64851
G1 X134.775 Y114.735 E.64718
M204 T4000
G1 X134 Y113.172 F7200
;TYPE:Sparse infill
;WIDTH:0.45
G1 F2590
G1 X134 Y111.543 E.05401
G1 X131.543 Y114 E.11527
G1 X128.435 Y114 E.10312
G1 X134 Y108.435 E.2611
G1 X134 Y110.063 E.05401
G1 E-.8 F1800
G1 X126.871 Y112.788 Z4.2 F7200
G1 X123.698 Y114 Z4.2
G1 Z3.8
G1 E.8 F1800
G1 F2590
G1 X125.326 Y114 E.05401
G1 X134 Y105.326 E.40694
G1 X134 Y102.217 E.10312
G1 X122.217 Y114 E.55278
G1 X119.108 Y114 E.10312
G1 X134 Y99.108 E.69862
G1 X134 Y96 E.10312
G1 X116 Y114 E.84446
G1 X116 Y110.892 E.10312
G1 X130.892 Y96 E.69862
G1 X127.783 Y96 E.10312
G1 X116 Y107.783 E.55278
G1 X116 Y104.674 E.10312
G1 X124.674 Y96 E.40694
G1 X121.565 Y96 E.10312
G1 X116 Y101.565 E.2611
G1 X116 Y98.457 E.10312
G1 X118.457 Y96 E.11527
G1 X116.828 Y96 E.05401
; stop printing object cube.stl id:0 copy 0
;LAYER_CHANGE
;Z:4
;HEIGHT:0.2
;BEFORE_LAYER_CHANGE
G92 E0.0
;4
M201 X4000 Y4000
M74 W0
;AFTER_LAYER_CHANGE
;4
;_SET_FAN_SPEED_CHANGING_LAYER
; printing object cube.stl id:0 copy 0
G1 E-.8 F1800
G1 X122.099 Y101.52 Z4.4 F7200
G1 X134.346 Y114.346 Z4.4
G1 Z4
G1 E.8 F1800
M204 P4000
;TYPE:Inner wall
;WIDTH:0.449999
G1 F2590
G1 X115.654 Y114.346 E.62008
G1 X115.654 Y95.654 E.62008
G1 X134.346 Y95.654 E.62008
G1 X134.346 Y114.306 E.61875
M204 T500
G1 X134.775 Y114.775 F7200
M204 P500
;TYPE:Outer wall
G1 F2590
G1 X115.225 Y114.775 E.64851
G1 X115.225 Y95.225 E.64851
G1 X134.775 Y95.225 E.64851
G1 X134.775 Y114.735 E.64718
M204 T4000
G1 X134 Y113.172 F7200
;TYPE:Sparse infill
;WIDTH:0.45
G1 F2590
G1 X134 Y111.543 E.05401
G1 X131.543 Y114 E.11527
G1 X128.435 Y114 E.10312
G1 X134 Y108.435 E.2611
G1 X134 Y110.063 E.05401
G1 E-.8 F1800
G1 X126.871 Y112.788 Z4.4 F7200
G1 X123.698 Y114 Z4.4
G1 Z4
G1 E.8 F1800
G1 F2590
G1 X125.326 Y114 E.05401
G1 X134 Y105.326 E.40694
G1 X134 Y102.217 E.10312
G1 X122.217 Y114 E.55278
G1 X119.108 Y114 E.10312
G1 X134 Y99.108 E.69862
G1 X134 Y96 E.10312
G1 X116 Y114 E.84446
G1 X116 Y110.892 E.10312
G1 X130.892 Y96 E.69862
M73 P34 R18
G1 X127.783 Y96 E.10312
G1 X116 Y107.783 E.55278
G1 X116 Y104.674 E.10312
G1 X124.674 Y96 E.40694
G1 X121.565 Y96 E.10312
G1 X116 Y101.565 E.2611
G1 X116 Y98.457 E.10312
G1 X118.457 Y96 E.11527
G1 X116.828 Y96 E.05401
; stop printing object cube.stl id:0 copy 0
;LAYER_CHANGE
;Z:4.2
;HEIGHT:0.2
;BEFORE_LAYER_CHANGE
G92 E0.0
;4.2
M201 X4000 Y4000
M74 W0
;AFTER_LAYER_CHANGE
;4.2
;_SET_FAN_SPEED_CHANGING_LAYER
; printing object cube.stl id:0 copy 0
G1 E-.8 F1800
G1 X122.099 Y101.52 Z4.6 F7200
G1 X134.346 Y114.346 Z4.6
G1 Z4.2
G1 E.8 F1800
M204 P4000
;TYPE:Inner wall
;WIDTH:0.449999
G1 F2590
G1 X115.654 Y114.346 E.62008
G1 X115.654 Y95.654 E.62008
G1 X134.346 Y95.654 E.62008
G1 X134.346 Y114.306 E.61875
M204 T500
G1 X134.775 Y114.775 F7200
M204 P500
;TYPE:Outer wall
G1 F2590
G1 X115.225 Y114.775 E.64851
G1 X115.225 Y95.225 E.64851
G1 X134.775 Y95.225 E.64851
G1 X134.775 Y114.735 E.64718
M73 P34 R17
M204 T4000
G1 X134 Y113.172 F7200
;TYPE:Sparse infill
;WIDTH:0.45
G1 F2590
G1 X134 Y111.543 E.05401
G1 X131.543 Y114 E.11527
G1 X128.435 Y114 E.10312
G1 X134 Y108.435 E.2611
G1 X134 Y110.063 E.05401
G1 E-.8 F1800
G1 X126.871 Y112.788 Z4.6 F7200
G1 X123.698 Y114 Z4.6
G1 Z4.2
G1 E.8 F1800
G1 F2590
G1 X125.326 Y114 E.05401
G1 X134 Y105.326 E.40694
G1 X134 Y102.217 E.10312
G1 X122.217 Y114 E.55278
G1 X119.108 Y114 E.10312
G1 X134 Y99.108 E.69862
G1 X134 Y96 E.10312
G1 X116 Y114 E.84446
G1 X116 Y110.892 E.10312
G1 X130.892 Y96 E.69862
G1 X127.783 Y96 E.10312
G1 X116 Y107.783 E.55278
G1 X116 Y104.674 E.10312
G1 X124.674 Y96 E.40694
G1 X121.565 Y96 E.10312
G1 X116 Y101.565 E.2611
G1 X116 Y98.457 E.10312
G1 X118.457 Y96 E.11527
G1 X116.828 Y96 E.05401
; stop printing object cube.stl id:0 copy 0
;LAYER_CHANGE
;Z:4.4
;HEIGHT:0.2
;BEFORE_LAYER_CHANGE
G92 E0.0
;4.4
M201 X4000 Y4000
M74 W0
;AFTER_LAYER_CHANGE
;4.4
;_SET_FAN_SPEED_CHANGING_LAYER
; printing object cube.stl id:0 copy 0
G1 E-.8 F1800
G1 X122.099 Y101.52 Z4.8 F7200
G1 X134.346 Y114.346 Z4.8
G1 Z4.4
G1 E.8 F1800
M204 P4000
;TYPE:Inner wall
;WIDTH:0.449999
G1 F2623
G1 X115.654 Y114.346 E.62008
G1 X115.654 Y95.654 E.62008
G1 X134.346 Y95.654 E.62008
G1 X134.346 Y114.306 E.61875
M204 T500
G1 X134.775 Y114.775 F7200
M204 P500
;TYPE:Outer wall
G1 F2623
G1 X115.225 Y114.775 E.64851
G1 X115.225 Y95.225 E.64851
G1 X134.775 Y95.225 E.64851
G1 X134.775 Y114.735 E.64718
M73 P35 R17
M204 T4000
G1 X134 Y113.316 F7200
;TYPE:Sparse infill
;WIDTH:0.45
G1 F2623
G1 X134 Y111.687 E.05401
G1 X133.787 Y111.995 E.0124
G1 X133.549 Y112.233 E.01118
G1 X131.995 Y113.311 E.06275
G1 X131.756 Y113.549 E.01118
G1 X131.443 Y114 E.01822
G1 X128.335 Y114 E.10312
G1 X128.648 Y113.549 E.01822
G1 X128.886 Y113.311 E.01118
G1 X130.44 Y112.233 E.06275
G1 X130.679 Y111.995 E.01118
G1 X131.756 Y110.44 E.06275
G1 X131.995 Y110.202 E.01118
G1 X133.549 Y109.124 E.06275
G1 X133.787 Y108.886 E.01118
G1 X134 Y108.579 E.0124
G1 X134 Y105.47 E.10312
G1 X133.787 Y105.777 E.0124
G1 X133.549 Y106.015 E.01118
G1 X131.995 Y107.093 E.06275
G1 X131.756 Y107.332 E.01118
G1 X130.679 Y108.886 E.06275
G1 X130.44 Y109.124 E.01118
G1 X128.886 Y110.202 E.06275
G1 X128.648 Y110.44 E.01118
G1 X127.57 Y111.995 E.06275
G1 X127.332 Y112.233 E.01118
G1 X125.777 Y113.311 E.06275
G1 X125.539 Y113.549 E.01118
G1 X125.226 Y114 E.01822
G1 X122.117 Y114 E.10312
G1 X122.43 Y113.549 E.01822
G1 X122.668 Y113.311 E.01118
G1 X124.223 Y112.233 E.06275
G1 X124.461 Y111.995 E.01118
G1 X125.539 Y110.44 E.06275
G1 X125.777 Y110.202 E.01118
G1 X127.332 Y109.124 E.06275
G1 X127.57 Y108.886 E.01118
G1 X128.648 Y107.332 E.06275
G1 X128.886 Y107.093 E.01118
G1 X130.44 Y106.015 E.06275
G1 X130.679 Y105.777 E.01118
G1 X131.756 Y104.223 E.06275
G1 X131.995 Y103.985 E.01118
G1 X133.549 Y102.907 E.06275
G1 X133.787 Y102.668 E.01118
G1 X134 Y102.361 E.0124
G1 X134 Y103.989 E.05401
G1 E-.8 F1800
G1 X127.088 Y100.754 Z4.8 F7200
G1 X116.928 Y96 Z4.8
G1 Z4.4
G1 E.8 F1800
G1 F2623
G1 X118.557 Y96 E.05401
G1 X118.244 Y96.451 E.01822
G1 X118.005 Y96.689 E.01118
G1 X116.451 Y97.767 E.06275
G1 X116.213 Y98.005 E.01118
G1 X116 Y98.313 E.0124
G1 X116 Y101.421 E.10312
G1 X116.213 Y101.114 E.0124
G1 X116.451 Y100.876 E.01118
G1 X118.005 Y99.798 E.06275
G1 X118.244 Y99.56 E.01118
G1 X119.321 Y98.005 E.06275
G1 X119.56 Y97.767 E.01118
G1 X121.114 Y96.689 E.06275
G1 X121.352 Y96.451 E.01118
G1 X121.665 Y96 E.01822
G1 X124.774 Y96 E.10312
G1 X124.461 Y96.451 E.01822
G1 X124.223 Y96.689 E.01118
G1 X122.668 Y97.767 E.06275
G1 X122.43 Y98.005 E.01118
G1 X121.352 Y99.56 E.06275
G1 X121.114 Y99.798 E.01118
G1 X119.56 Y100.876 E.06275
G1 X119.321 Y101.114 E.01118
G1 X118.244 Y102.668 E.06275
G1 X118.005 Y102.907 E.01118
G1 X116.451 Y103.985 E.06275
G1 X116.213 Y104.223 E.01118
G1 X116 Y104.53 E.0124
G1 X116 Y107.639 E.10312
G1 X116.213 Y107.332 E.0124
G1 X116.451 Y107.093 E.01118
G1 X118.005 Y106.015 E.06275
G1 X118.244 Y105.777 E.01118
G1 X119.321 Y104.223 E.06275
G1 X119.56 Y103.985 E.01118
G1 X121.114 Y102.907 E.06275
G1 X121.352 Y102.668 E.01118
G1 X122.43 Y101.114 E.06275
G1 X122.668 Y100.876 E.01118
G1 X124.223 Y99.798 E.06275
G1 X124.461 Y99.56 E.01118
G1 X125.539 Y98.005 E.06275
G1 X125.777 Y97.767 E.01118
G1 X127.332 Y96.689 E.06275
G1 X127.57 Y96.451 E.01118
G1 X127.883 Y96 E.01822
G1 X130.992 Y96 E.10312
G1 X130.679 Y96.451 E.01822
G1 X130.44 Y96.689 E.01118
G1 X128.886 Y97.767 E.06275
G1 X128.648 Y98.005 E.01118
G1 X127.57 Y99.56 E.06275
G1 X127.332 Y99.798 E.01118
G1 X125.777 Y100.876 E.06275
G1 X125.539 Y101.114 E.01118
G1 X124.461 Y102.668 E.06275
G1 X124.223 Y102.907 E.01118
G1 X122.668 Y103.985 E.06275
G1 X122.43 Y104.223 E.01118
G1 X121.352 Y105.777 E.06275
G1 X121.114 Y106.015 E.01118
G1 X119.56 Y107.093 E.06275
G1 X119.321 Y107.332 E.01118
G1 X118.244 Y108.886 E.06275
G1 X118.005 Y109.124 E.01118
G1 X116.451 Y110.202 E.06275
G1 X116.213 Y110.44 E.01118
G1 X116 Y110.748 E.0124
G1 X116 Y113.856 E.10312
G1 X116.213 Y113.549 E.0124
G1 X116.451 Y113.311 E.01118
G1 X118.005 Y112.233 E.06275
G1 X118.244 Y111.995 E.01118
G1 X119.321 Y110.44 E.06275
G1 X119.56 Y110.202 E.01118
G1 X121.114 Y109.124 E.06275
G1 X121.352 Y108.886 E.01118
G1 X122.43 Y107.332 E.06275
G1 X122.668 Y107.093 E.01118
G1 X124.223 Y106.015 E.06275
G1 X124.461 Y105.777 E.01118
G1 X125.539 Y104.223 E.06275
G1 X125.777 Y103.985 E.01118
G1 X127.332 Y102.907 E.06275
G1 X127.57 Y102.668 E.01118
G1 X128.648 Y101.114 E.06275
G1 X128.886 Y100.876 E.01118
G1 X130.44 Y99.798 E.06275
G1 X130.679 Y99.56 E.01118
G1 X131.756 Y98.005 E.06275
G1 X131.995 Y97.767 E.01118
G1 X133.549 Y96.689 E.06275
G1 X133.787 Y96.451 E.01118
G1 X134 Y96.144 E.0124
G1 X134 Y99.252 E.10312
G1 X133.787 Y99.56 E.0124
G1 X133.549 Y99.798 E.01118
G1 X131.995 Y100.876 E.06275
G1 X131.756 Y101.114 E.01118
G1 X130.679 Y102.668 E.06275
G1 X130.44 Y102.907 E.01118
G1 X128.886 Y103.985 E.06275
G1 X128.648 Y104.223 E.01118
G1 X127.57 Y105.777 E.06275
G1 X127.332 Y106.015 E.01118
G1 X125.777 Y107.093 E.06275
G1 X125.539 Y107.332 E.01118
G1 X124.461 Y108.886 E.06275
G1 X124.223 Y109.124 E.01118
G1 X122.668 Y110.202 E.06275
G1 X122.43 Y110.44 E.01118
G1 X121.352 Y111.995 E.06275
G1 X121.114 Y112.233 E.01118
G1 X119.56 Y113.311 E.06275
G1 X119.321 Y113.549 E.01118
G1 X119.008 Y114 E.01822
G1 X117.38 Y114 E.05401
; stop printing object cube.stl id:0 copy 0
;LAYER_CHANGE
;Z:4.6
;HEIGHT:0.2
;BEFORE_LAYER_CHANGE
G92 E0.0
;4.6
M201 X4000 Y4000
M74 W0
;AFTER_LAYER_CHANGE
;4.6
;_SET_FAN_SPEED_CHANGING_LAYER
; printing object cube.stl id:0 copy 0
G1 E-.8 F1800
G1 X125.011 Y114.156 Z5 F7200
G1 X134.346 Y114.346 Z5
G1 Z4.6
G1 E.8 F1800
M204 P4000
;TYPE:Inner wall
;WIDTH:0.449999
G1 F2624
G1 X115.654 Y114.346 E.62008
G1 X115.654 Y95.654 E.62008
G1 X134.346 Y95.654 E.62008
G1 X134.346 Y114.306 E.61875
M204 T500
G1 X134.775 Y114.775 F7200
M204 P500
;TYPE:Outer wall
G1 F2624
G1 X115.225 Y114.775 E.64851
G1 X115.225 Y95.225 E.64851
G1 X134.775 Y95.225 E.64851
G1 X134.775 Y114.735 E.64718
M204 T4000
G1 X132.924 Y114 F7200
;TYPE:Sparse infill
;WIDTH:0.45
G1 F2624
G1 X131.295 Y114 E.05401
G1 X131.403 Y113.549 E.01539
G1 X131.995 Y112.957 E.02776
G1 X133.549 Y112.587 E.05301
G1 X134 Y112.135 E.02117
G1 X134 Y109.026 E.10312
G1 X133.549 Y109.478 E.02117
G1 X131.995 Y109.849 E.05301
G1 X131.403 Y110.44 E.02776
G1 X131.032 Y111.995 E.05301
G1 X130.44 Y112.587 E.02776
G1 X128.886 Y112.957 E.05301
G1 X128.294 Y113.549 E.02776
G1 X128.186 Y114 E.01539
G1 X125.078 Y114 E.10312
G1 X125.185 Y113.549 E.01539
G1 X125.777 Y112.957 E.02776
G1 X127.332 Y112.587 E.05301
G1 X127.923 Y111.995 E.02776
G1 X128.294 Y110.44 E.05301
G1 X128.886 Y109.849 E.02776
G1 X130.44 Y109.478 E.05301
G1 X131.032 Y108.886 E.02776
G1 X131.403 Y107.332 E.05301
G1 X131.995 Y106.74 E.02776
M73 P36 R17
G1 X133.549 Y106.369 E.05301
G1 X134 Y105.918 E.02117
G1 X134 Y102.809 E.10312
G1 X133.549 Y103.26 E.02117
G1 X131.995 Y103.631 E.05301
G1 X131.403 Y104.223 E.02776
G1 X131.032 Y105.777 E.05301
G1 X130.44 Y106.369 E.02776
G1 X128.886 Y106.74 E.05301
G1 X128.294 Y107.332 E.02776
G1 X127.923 Y108.886 E.05301
G1 X127.332 Y109.478 E.02776
G1 X125.777 Y109.849 E.05301
G1 X125.185 Y110.44 E.02776
G1 X124.815 Y111.995 E.05301
G1 X124.223 Y112.587 E.02776
G1 X122.668 Y112.957 E.05301
G1 X122.077 Y113.549 E.02776
G1 X121.969 Y114 E.01539
G1 X118.86 Y114 E.10312
G1 X118.968 Y113.549 E.01539
G1 X119.56 Y112.957 E.02776
G1 X121.114 Y112.587 E.05301
G1 X121.706 Y111.995 E.02776
G1 X122.077 Y110.44 E.05301
G1 X122.668 Y109.849 E.02776
G1 X124.223 Y109.478 E.05301
G1 X124.815 Y108.886 E.02776
G1 X125.185 Y107.332 E.05301
G1 X125.777 Y106.74 E.02776
G1 X127.332 Y106.369 E.05301
G1 X127.923 Y105.777 E.02776
G1 X128.294 Y104.223 E.05301
G1 X128.886 Y103.631 E.02776
G1 X130.44 Y103.26 E.05301
G1 X131.032 Y102.668 E.02776
G1 X131.403 Y101.114 E.05301
G1 X131.995 Y100.522 E.02776
G1 X133.549 Y100.151 E.05301
G1 X134 Y99.7 E.02117
G1 X134 Y96.591 E.10312
G1 X133.549 Y97.043 E.02117
G1 X131.995 Y97.413 E.05301
G1 X131.403 Y98.005 E.02776
G1 X131.032 Y99.56 E.05301
G1 X130.44 Y100.151 E.02776
G1 X128.886 Y100.522 E.05301
G1 X128.294 Y101.114 E.02776
G1 X127.923 Y102.668 E.05301
G1 X127.332 Y103.26 E.02776
G1 X125.777 Y103.631 E.05301
G1 X125.185 Y104.223 E.02776
G1 X124.815 Y105.777 E.05301
G1 X124.223 Y106.369 E.02776
G1 X122.668 Y106.74 E.05301
G1 X122.077 Y107.332 E.02776
G1 X121.706 Y108.886 E.05301
G1 X121.114 Y109.478 E.02776
G1 X119.56 Y109.849 E.05301
G1 X118.968 Y110.44 E.02776
G1 X118.597 Y111.995 E.05301
G1 X118.005 Y112.587 E.02776
G1 X116.451 Y112.957 E.05301
G1 X116 Y113.409 E.02117
G1 X116 Y110.3 E.10312
G1 X116.451 Y109.849 E.02117
G1 X118.005 Y109.478 E.05301
G1 X118.597 Y108.886 E.02776
G1 X118.968 Y107.332 E.05301
G1 X119.56 Y106.74 E.02776
G1 X121.114 Y106.369 E.05301
G1 X121.706 Y105.777 E.02776
G1 X122.077 Y104.223 E.05301
G1 X122.668 Y103.631 E.02776
G1 X124.223 Y103.26 E.05301
G1 X124.815 Y102.668 E.02776
G1 X125.185 Y101.114 E.05301
G1 X125.777 Y100.522 E.02776
G1 X127.332 Y100.151 E.05301
G1 X127.923 Y99.56 E.02776
G1 X128.294 Y98.005 E.05301
G1 X128.886 Y97.413 E.02776
G1 X130.44 Y97.043 E.05301
G1 X131.032 Y96.451 E.02776
G1 X131.14 Y96 E.01539
G1 X128.031 Y96 E.10312
G1 X127.923 Y96.451 E.01539
G1 X127.332 Y97.043 E.02776
G1 X125.777 Y97.413 E.05301
G1 X125.185 Y98.005 E.02776
G1 X124.815 Y99.56 E.05301
G1 X124.223 Y100.151 E.02776
G1 X122.668 Y100.522 E.05301
G1 X122.077 Y101.114 E.02776
G1 X121.706 Y102.668 E.05301
G1 X121.114 Y103.26 E.02776
G1 X119.56 Y103.631 E.05301
G1 X118.968 Y104.223 E.02776
G1 X118.597 Y105.777 E.05301
G1 X118.005 Y106.369 E.02776
G1 X116.451 Y106.74 E.05301
G1 X116 Y107.191 E.02117
G1 X116 Y104.082 E.10312
G1 X116.451 Y103.631 E.02117
G1 X118.005 Y103.26 E.05301
G1 X118.597 Y102.668 E.02776
G1 X118.968 Y101.114 E.05301
G1 X119.56 Y100.522 E.02776
G1 X121.114 Y100.151 E.05301
G1 X121.706 Y99.56 E.02776
G1 X122.077 Y98.005 E.05301
G1 X122.668 Y97.413 E.02776
G1 X124.223 Y97.043 E.05301
G1 X124.815 Y96.451 E.02776
G1 X124.922 Y96 E.01539
G1 X121.814 Y96 E.10312
G1 X121.706 Y96.451 E.01539
G1 X121.114 Y97.043 E.02776
G1 X119.56 Y97.413 E.05301
G1 X118.968 Y98.005 E.02776
G1 X118.597 Y99.56 E.05301
G1 X118.005 Y100.151 E.02776
G1 X116.451 Y100.522 E.05301
G1 X116 Y100.974 E.02117
G1 X116 Y97.865 E.10312
G1 X116.451 Y97.413 E.02117
G1 X118.005 Y97.043 E.05301
G1 X118.597 Y96.451 E.02776
G1 X118.705 Y96 E.01539
G1 X117.076 Y96 E.05401
; stop printing object cube.stl id:0 copy 0
;LAYER_CHANGE
;Z:4.8
;HEIGHT:0.2
;BEFORE_LAYER_CHANGE
G92 E0.0
;4.8
M201 X4000 Y4000
M74 W0
;AFTER_LAYER_CHANGE
;4.8
;_SET_FAN_SPEED_CHANGING_LAYER
; printing object cube.stl id:0 copy 0
G1 E-.8 F1800
G1 X122.308 Y101.557 Z5.2 F7200
G1 X134.346 Y114.346 Z5.2
G1 Z4.8
G1 E.8 F1800
M204 P4000
;TYPE:Inner wall
;WIDTH:0.449999
G1 F3003
G1 X115.654 Y114.346 E.62008
G1 X115.654 Y95.654 E.62008
G1 X134.346 Y95.654 E.62008
G1 X134.346 Y114.306 E.61875
M204 T500
G1 X134.775 Y114.775 F7200
M204 P500
;TYPE:Outer wall
G1 F3003
G1 X115.225 Y114.775 E.64851
G1 X115.225 Y95.225 E.64851
G1 X134.775 Y95.225 E.64851
G1 X134.775 Y114.735 E.64718
M204 T4000
G1 E-.8 F1800
G1 X132.906 Y114 Z5.2 F7200
G1 Z4.8
G1 E.8 F1800
;TYPE:Sparse infill
;WIDTH:0.45
G1 F3003
G1 X131.277 Y114 E.05401
G1 X131.36 Y113.549 E.01522
G1 X130.44 Y112.629 E.04315
G1 X128.886 Y112.915 E.05242
G1 X127.966 Y111.995 E.04315
G1 X128.251 Y110.44 E.05242
G1 X127.332 Y109.52 E.04315
G1 X125.777 Y109.806 E.05242
G1 X124.857 Y108.886 E.04315
G1 X125.143 Y107.332 E.05242
G1 X124.223 Y106.412 E.04315
G1 X122.668 Y106.697 E.05242
G1 X121.749 Y105.777 E.04315
G1 X122.034 Y104.223 E.05242
G1 X121.114 Y103.303 E.04315
G1 X119.56 Y103.588 E.05242
G1 X118.64 Y102.668 E.04315
G1 X118.925 Y101.114 E.05242
G1 X118.005 Y100.194 E.04315
G1 X116.451 Y100.48 E.05242
G1 X116 Y100.028 E.02117
G1 X116 Y103.137 E.10312
G1 X116.451 Y103.588 E.02117
G1 X118.005 Y103.303 E.05242
G1 X118.925 Y104.223 E.04315
G1 X118.64 Y105.777 E.05242
G1 X119.56 Y106.697 E.04315
G1 X121.114 Y106.412 E.05242
G1 X122.034 Y107.332 E.04315
G1 X121.749 Y108.886 E.05242
M73 P37 R17
G1 X122.668 Y109.806 E.04315
G1 X124.223 Y109.52 E.05242
G1 X125.143 Y110.44 E.04315
G1 X124.857 Y111.995 E.05242
G1 X125.777 Y112.915 E.04315
G1 X127.332 Y112.629 E.05242
G1 X128.251 Y113.549 E.04315
G1 X128.169 Y114 E.01522
G1 X125.06 Y114 E.10312
G1 X125.143 Y113.549 E.01522
G1 X124.223 Y112.629 E.04315
G1 X122.668 Y112.915 E.05242
G1 X121.749 Y111.995 E.04315
G1 X122.034 Y110.44 E.05242
G1 X121.114 Y109.52 E.04315
G1 X119.56 Y109.806 E.05242
G1 X118.64 Y108.886 E.04315
G1 X118.925 Y107.332 E.05242
G1 X118.005 Y106.412 E.04315
G1 X116.451 Y106.697 E.05242
G1 X116 Y106.246 E.02117
G1 X116 Y109.355 E.10312
G1 X116.451 Y109.806 E.02117
G1 X118.005 Y109.52 E.05242
G1 X118.925 Y110.44 E.04315
G1 X118.64 Y111.995 E.05242
G1 X119.56 Y112.915 E.04315
G1 X121.114 Y112.629 E.05242
G1 X122.034 Y113.549 E.04315
G1 X121.951 Y114 E.01522
G1 X118.842 Y114 E.10312
G1 X118.925 Y113.549 E.01522
G1 X118.005 Y112.629 E.04315
G1 X116.451 Y112.915 E.05242
G1 X116 Y112.463 E.02117
G1 X116 Y114 E.05099
G1 X116.091 Y114 E.00302
G1 E-.8 F1800
G1 X116.352 Y106.372 Z5.2 F7200
G1 X116.708 Y96 Z5.2
G1 Z4.8
G1 E.8 F1800
G1 F3003
G1 X116 Y96 E.0235
G1 X116 Y96.919 E.03051
G1 X116.451 Y97.371 E.02117
G1 X118.005 Y97.085 E.05242
G1 X118.925 Y98.005 E.04315
G1 X118.64 Y99.56 E.05242
G1 X119.56 Y100.48 E.04315
G1 X121.114 Y100.194 E.05242
G1 X122.034 Y101.114 E.04315
G1 X121.749 Y102.668 E.05242
G1 X122.668 Y103.588 E.04315
G1 X124.223 Y103.303 E.05242
G1 X125.143 Y104.223 E.04315
G1 X124.857 Y105.777 E.05242
G1 X125.777 Y106.697 E.04315
G1 X127.332 Y106.412 E.05242
G1 X128.251 Y107.332 E.04315
G1 X127.966 Y108.886 E.05242
G1 X128.886 Y109.806 E.04315
G1 X130.44 Y109.52 E.05242
G1 X131.36 Y110.44 E.04315
G1 X131.075 Y111.995 E.05242
G1 X131.995 Y112.915 E.04315
G1 X133.549 Y112.629 E.05242
G1 X134 Y113.081 E.02117
G1 X134 Y109.972 E.10312
G1 X133.549 Y109.52 E.02117
G1 X131.995 Y109.806 E.05242
G1 X131.075 Y108.886 E.04315
G1 X131.36 Y107.332 E.05242
G1 X130.44 Y106.412 E.04315
G1 X128.886 Y106.697 E.05242
G1 X127.966 Y105.777 E.04315
G1 X128.251 Y104.223 E.05242
G1 X127.332 Y103.303 E.04315
G1 X125.777 Y103.588 E.05242
G1 X124.857 Y102.668 E.04315
G1 X125.143 Y101.114 E.05242
G1 X124.223 Y100.194 E.04315
G1 X122.668 Y100.48 E.05242
G1 X121.749 Y99.56 E.04315
G1 X122.034 Y98.005 E.05242
G1 X121.114 Y97.085 E.04315
G1 X119.56 Y97.371 E.05242
G1 X118.64 Y96.451 E.04315
G1 X118.723 Y96 E.01522
G1 X120.351 Y96 E.05401
G1 E-.8 F1800
G1 X127.983 Y96 Z5.2 F7200
G1 X133.909 Y96 Z5.2
G1 Z4.8
G1 E.8 F1800
G1 F3003
G1 X134 Y96 E.00302
G1 X134 Y97.537 E.05099
G1 X133.549 Y97.085 E.02117
G1 X131.995 Y97.371 E.05242
G1 X131.075 Y96.451 E.04315
G1 X131.158 Y96 E.01522
G1 X128.049 Y96 E.10312
G1 X127.966 Y96.451 E.01522
G1 X128.886 Y97.371 E.04315
G1 X130.44 Y97.085 E.05242
G1 X131.36 Y98.005 E.04315
G1 X131.075 Y99.56 E.05242
G1 X131.995 Y100.48 E.04315
G1 X133.549 Y100.194 E.05242
G1 X134 Y100.645 E.02117
G1 X134 Y103.754 E.10312
G1 X133.549 Y103.303 E.02117
G1 X131.995 Y103.588 E.05242
G1 X131.075 Y102.668 E.04315
G1 X131.36 Y101.114 E.05242
G1 X130.44 Y100.194 E.04315
G1 X128.886 Y100.48 E.05242
G1 X127.966 Y99.56 E.04315
G1 X128.251 Y98.005 E.05242
G1 X127.332 Y97.085 E.04315
G1 X125.777 Y97.371 E.05242
G1 X124.857 Y96.451 E.04315
G1 X124.94 Y96 E.01522
G1 X121.831 Y96 E.10312
G1 X121.749 Y96.451 E.01522
G1 X122.668 Y97.371 E.04315
G1 X124.223 Y97.085 E.05242
G1 X125.143 Y98.005 E.04315
G1 X124.857 Y99.56 E.05242
G1 X125.777 Y100.48 E.04315
G1 X127.332 Y100.194 E.05242
G1 X128.251 Y101.114 E.04315
G1 X127.966 Y102.668 E.05242
G1 X128.886 Y103.588 E.04315
G1 X130.44 Y103.303 E.05242
G1 X131.36 Y104.223 E.04315
G1 X131.075 Y105.777 E.05242
G1 X131.995 Y106.697 E.04315
G1 X133.549 Y106.412 E.05242
G1 X134 Y106.863 E.02117
G1 X134 Y108.491 E.05401
; stop printing object cube.stl id:0 copy 0
;LAYER_CHANGE
;Z:5
;HEIGHT:0.2
;BEFORE_LAYER_CHANGE
G92 E0.0
;5
M201 X4000 Y4000
M74 W0
;AFTER_LAYER_CHANGE
;5
;_SET_FAN_SPEED_CHANGING_LAYER
; printing object cube.stl id:0 copy 0
G1 E-.8 F1800
G1 X134.346 Y114.346 Z5.4 F7200
G1 Z5
G1 E.8 F1800
M204 P4000
;TYPE:Inner wall
;WIDTH:0.449999
G1 F2678
G1 X115.654 Y114.346 E.62008
G1 X115.654 Y95.654 E.62008
G1 X134.346 Y95.654 E.62008
G1 X134.346 Y114.306 E.61875
M204 T500
G1 X134.775 Y114.775 F7200
M204 P500
;TYPE:Outer wall
G1 F2678
G1 X115.225 Y114.775 E.64851
G1 X115.225 Y95.225 E.64851
G1 X134.775 Y95.225 E.64851
G1 X134.775 Y114.735 E.64718
M204 T4000
G1 E-.8 F1800
G1 X127.149 Y114.419 Z5.4 F7200
G1 X117.066 Y114 Z5.4
G1 Z5
M73 P38 R17
G1 E.8 F1800
;TYPE:Sparse infill
;WIDTH:0.45
G1 F2678
G1 X118.694 Y114 E.05401
G1 X118.572 Y113.549 E.01551
M73 P38 R16
G1 X118.005 Y112.983 E.02657
G1 X116.451 Y112.561 E.05343
G1 X116 Y112.11 E.02117
G1 X116 Y109.001 E.10312
G1 X116.451 Y109.452 E.02117
G1 X118.005 Y109.874 E.05343
G1 X118.572 Y110.44 E.02657
G1 X118.993 Y111.995 E.05343
G1 X119.56 Y112.561 E.02657
G1 X121.114 Y112.983 E.05343
G1 X121.68 Y113.549 E.02657
G1 X121.803 Y114 E.01551
G1 X124.912 Y114 E.10312
G1 X124.789 Y113.549 E.01551
G1 X124.223 Y112.983 E.02657
G1 X122.668 Y112.561 E.05343
G1 X122.102 Y111.995 E.02657
G1 X121.68 Y110.44 E.05343
G1 X121.114 Y109.874 E.02657
G1 X119.56 Y109.452 E.05343
G1 X118.993 Y108.886 E.02657
G1 X118.572 Y107.332 E.05343
G1 X118.005 Y106.765 E.02657
G1 X116.451 Y106.344 E.05343
G1 X116 Y105.892 E.02117
G1 X116 Y102.783 E.10312
G1 X116.451 Y103.235 E.02117
G1 X118.005 Y103.656 E.05343
G1 X118.572 Y104.223 E.02657
G1 X118.993 Y105.777 E.05343
G1 X119.56 Y106.344 E.02657
G1 X121.114 Y106.765 E.05343
G1 X121.68 Y107.332 E.02657
G1 X122.102 Y108.886 E.05343
G1 X122.668 Y109.452 E.02657
G1 X124.223 Y109.874 E.05343
G1 X124.789 Y110.44 E.02657
G1 X125.211 Y111.995 E.05343
G1 X125.777 Y112.561 E.02657
G1 X127.332 Y112.983 E.05343
G1 X127.898 Y113.549 E.02657
G1 X128.02 Y114 E.01551
G1 X131.129 Y114 E.10312
G1 X131.007 Y113.549 E.01551
G1 X130.44 Y112.983 E.02657
G1 X128.886 Y112.561 E.05343
G1 X128.32 Y111.995 E.02657
G1 X127.898 Y110.44 E.05343
G1 X127.332 Y109.874 E.02657
G1 X125.777 Y109.452 E.05343
G1 X125.211 Y108.886 E.02657
G1 X124.789 Y107.332 E.05343
G1 X124.223 Y106.765 E.02657
G1 X122.668 Y106.344 E.05343
G1 X122.102 Y105.777 E.02657
G1 X121.68 Y104.223 E.05343
G1 X121.114 Y103.656 E.02657
G1 X119.56 Y103.235 E.05343
G1 X118.993 Y102.668 E.02657
G1 X118.572 Y101.114 E.05343
G1 X118.005 Y100.548 E.02657
G1 X116.451 Y100.126 E.05343
G1 X116 Y99.675 E.02117
G1 X116 Y96.566 E.10312
G1 X116.451 Y97.017 E.02117
G1 X118.005 Y97.439 E.05343
G1 X118.572 Y98.005 E.02657
G1 X118.993 Y99.56 E.05343
G1 X119.56 Y100.126 E.02657
G1 X121.114 Y100.548 E.05343
G1 X121.68 Y101.114 E.02657
G1 X122.102 Y102.668 E.05343
G1 X122.668 Y103.235 E.02657
G1 X124.223 Y103.656 E.05343
G1 X124.789 Y104.223 E.02657
G1 X125.211 Y105.777 E.05343
G1 X125.777 Y106.344 E.02657
G1 X127.332 Y106.765 E.05343
G1 X127.898 Y107.332 E.02657
G1 X128.32 Y108.886 E.05343
G1 X128.886 Y109.452 E.02657
G1 X130.44 Y109.874 E.05343
G1 X131.007 Y110.44 E.02657
G1 X131.428 Y111.995 E.05343
G1 X131.995 Y112.561 E.02657
G1 X133.549 Y112.983 E.05343
G1 X134 Y113.434 E.02117
G1 X134 Y110.325 E.10312
G1 X133.549 Y109.874 E.02117
G1 X131.995 Y109.452 E.05343
G1 X131.428 Y108.886 E.02657
G1 X131.007 Y107.332 E.05343
G1 X130.44 Y106.765 E.02657
G1 X128.886 Y106.344 E.05343
G1 X128.32 Y105.777 E.02657
G1 X127.898 Y104.223 E.05343
G1 X127.332 Y103.656 E.02657
G1 X125.777 Y103.235 E.05343
G1 X125.211 Y102.668 E.02657
G1 X124.789 Y101.114 E.05343
G1 X124.223 Y100.548 E.02657
G1 X122.668 Y100.126 E.05343
G1 X122.102 Y99.56 E.02657
G1 X121.68 Y98.005 E.05343
G1 X121.114 Y97.439 E.02657
G1 X119.56 Y97.017 E.05343
G1 X118.993 Y96.451 E.02657
G1 X118.871 Y96 E.01551
G1 X121.98 Y96 E.10312
G1 X122.102 Y96.451 E.01551
G1 X122.668 Y97.017 E.02657
G1 X124.223 Y97.439 E.05343
G1 X124.789 Y98.005 E.02657
G1 X125.211 Y99.56 E.05343
G1 X125.777 Y100.126 E.02657
G1 X127.332 Y100.548 E.05343
G1 X127.898 Y101.114 E.02657
G1 X128.32 Y102.668 E.05343
G1 X128.886 Y103.235 E.02657
G1 X130.44 Y103.656 E.05343
G1 X131.007 Y104.223 E.02657
G1 X131.428 Y105.777 E.05343
G1 X131.995 Y106.344 E.02657
G1 X133.549 Y106.765 E.05343
G1 X134 Y107.217 E.02117
G1 X134 Y104.108 E.10312
G1 X133.549 Y103.656 E.02117
G1 X131.995 Y103.235 E.05343
G1 X131.428 Y102.668 E.02657
G1 X131.007 Y101.114 E.05343
G1 X130.44 Y100.548 E.02657
G1 X128.886 Y100.126 E.05343
G1 X128.32 Y99.56 E.02657
G1 X127.898 Y98.005 E.05343
G1 X127.332 Y97.439 E.02657
G1 X125.777 Y97.017 E.05343
G1 X125.211 Y96.451 E.02657
G1 X125.088 Y96 E.01551
G1 X128.197 Y96 E.10312
G1 X128.32 Y96.451 E.01551
G1 X128.886 Y97.017 E.02657
G1 X130.44 Y97.439 E.05343
G1 X131.007 Y98.005 E.02657
G1 X131.428 Y99.56 E.05343
G1 X131.995 Y100.126 E.02657
G1 X133.549 Y100.548 E.05343
G1 X134 Y100.999 E.02117
G1 X134 Y97.89 E.10312
G1 X133.549 Y97.439 E.02117
G1 X131.995 Y97.017 E.05343
G1 X131.428 Y96.451 E.02657
G1 X131.306 Y96 E.01551
G1 X132.934 Y96 E.05401
; stop printing object cube.stl id:0 copy 0
;LAYER_CHANGE
;Z:5.2
;HEIGHT:0.2
;BEFORE_LAYER_CHANGE
G92 E0.0
;5.2
M201 X4000 Y4000
M74 W0
;AFTER_LAYER_CHANGE
;5.2
;_SET_FAN_SPEED_CHANGING_LAYER
; printing object cube.stl id:0 copy 0
G1 E-.8 F1800
G1 X133.52 Y103.61 Z5.6 F7200
G1 X134.346 Y114.346 Z5.6
G1 Z5.2
G1 E.8 F1800
M204 P4000
;TYPE:Inner wall
;WIDTH:0.449999
G1 F2705
G1 X115.654 Y114.346 E.62008
G1 X115.654 Y95.654 E.62008
G1 X134.346 Y95.654 E.62008
G1 X134.346 Y114.306 E.61875
M204 T500
G1 X134.775 Y114.775 F7200
M204 P500
;TYPE:Outer wall
G1 F2705
G1 X115.225 Y114.775 E.64851
G1 X115.225 Y95.225 E.64851
G1 X134.775 Y95.225 E.64851
G1 X134.775 Y114.735 E.64718
M204 T4000
G1 E-.8 F1800
G1 X132.609 Y114 Z5.6 F7200
G1 Z5.2
G1 E.8 F1800
;TYPE:Sparse infill
;WIDTH:0.45
G1 F2705
G1 X130.981 Y114 E.05401
G1 X130.653 Y113.549 E.0185
G1 X130.44 Y113.336 E.00998
G1 X128.886 Y112.208 E.06372
G1 X128.673 Y111.995 E.00998
G1 X127.544 Y110.44 E.06372
G1 X127.332 Y110.228 E.00998
G1 X125.777 Y109.099 E.06372
G1 X125.564 Y108.886 E.00998
G1 X124.436 Y107.332 E.06372
G1 X124.223 Y107.119 E.00998
G1 X122.668 Y105.99 E.06372
G1 X122.456 Y105.777 E.00998
G1 X121.327 Y104.223 E.06372
M73 P39 R16
G1 X121.114 Y104.01 E.00998
G1 X119.56 Y102.881 E.06372
G1 X119.347 Y102.668 E.00998
G1 X118.218 Y101.114 E.06372
G1 X118.005 Y100.901 E.00998
G1 X116.451 Y99.772 E.06372
G1 X116.238 Y99.56 E.00998
G1 X116 Y99.231 E.01347
G1 X116 Y102.34 E.10312
G1 X116.238 Y102.668 E.01347
G1 X116.451 Y102.881 E.00998
G1 X118.005 Y104.01 E.06372
G1 X118.218 Y104.223 E.00998
G1 X119.347 Y105.777 E.06372
G1 X119.56 Y105.99 E.00998
G1 X121.114 Y107.119 E.06372
G1 X121.327 Y107.332 E.00998
G1 X122.456 Y108.886 E.06372
G1 X122.668 Y109.099 E.00998
G1 X124.223 Y110.228 E.06372
G1 X124.436 Y110.44 E.00998
G1 X125.564 Y111.995 E.06372
G1 X125.777 Y112.208 E.00998
G1 X127.332 Y113.336 E.06372
G1 X127.544 Y113.549 E.00998
G1 X127.872 Y114 E.0185
G1 X124.763 Y114 E.10312
G1 X124.436 Y113.549 E.0185
G1 X124.223 Y113.336 E.00998
G1 X122.668 Y112.208 E.06372
G1 X122.456 Y111.995 E.00998
G1 X121.327 Y110.44 E.06372
G1 X121.114 Y110.228 E.00998
G1 X119.56 Y109.099 E.06372
G1 X119.347 Y108.886 E.00998
G1 X118.218 Y107.332 E.06372
G1 X118.005 Y107.119 E.00998
G1 X116.451 Y105.99 E.06372
G1 X116.238 Y105.777 E.00998
G1 X116 Y105.449 E.01347
G1 X116 Y108.557 E.10312
G1 X116.238 Y108.886 E.01347
G1 X116.451 Y109.099 E.00998
G1 X118.005 Y110.228 E.06372
G1 X118.218 Y110.44 E.00998
G1 X119.347 Y111.995 E.06372
G1 X119.56 Y112.208 E.00998
G1 X121.114 Y113.336 E.06372
G1 X121.327 Y113.549 E.00998
G1 X121.655 Y114 E.0185
G1 X118.546 Y114 E.10312
G1 X118.218 Y113.549 E.0185
G1 X118.005 Y113.336 E.00998
G1 X116.451 Y112.208 E.06372
G1 X116.238 Y111.995 E.00998
G1 X116 Y111.666 E.01347
G1 X116 Y113.295 E.05401
G1 E-.8 F1800
G1 X116.661 Y105.691 Z5.6 F7200
G1 X117.505 Y96 Z5.6
G1 Z5.2
G1 E.8 F1800
G1 F2705
G1 X116 Y96 E.04994
G1 X116 Y96.122 E.00408
G1 X116.238 Y96.451 E.01347
G1 X116.451 Y96.664 E.00998
G1 X118.005 Y97.792 E.06372
G1 X118.218 Y98.005 E.00998
G1 X119.347 Y99.56 E.06372
G1 X119.56 Y99.772 E.00998
G1 X121.114 Y100.901 E.06372
G1 X121.327 Y101.114 E.00998
G1 X122.456 Y102.668 E.06372
G1 X122.668 Y102.881 E.00998
G1 X124.223 Y104.01 E.06372
G1 X124.436 Y104.223 E.00998
G1 X125.564 Y105.777 E.06372
G1 X125.777 Y105.99 E.00998
G1 X127.332 Y107.119 E.06372
G1 X127.544 Y107.332 E.00998
G1 X128.673 Y108.886 E.06372
G1 X128.886 Y109.099 E.00998
G1 X130.44 Y110.228 E.06372
G1 X130.653 Y110.44 E.00998
G1 X131.782 Y111.995 E.06372
G1 X131.995 Y112.208 E.00998
G1 X133.549 Y113.336 E.06372
G1 X133.762 Y113.549 E.00998
G1 X134 Y113.878 E.01347
G1 X134 Y110.769 E.10312
G1 X133.762 Y110.44 E.01347
G1 X133.549 Y110.228 E.00998
G1 X131.995 Y109.099 E.06372
G1 X131.782 Y108.886 E.00998
G1 X130.653 Y107.332 E.06372
G1 X130.44 Y107.119 E.00998
G1 X128.886 Y105.99 E.06372
G1 X128.673 Y105.777 E.00998
G1 X127.544 Y104.223 E.06372
G1 X127.332 Y104.01 E.00998
G1 X125.777 Y102.881 E.06372
G1 X125.564 Y102.668 E.00998
G1 X124.436 Y101.114 E.06372
G1 X124.223 Y100.901 E.00998
G1 X122.668 Y99.772 E.06372
G1 X122.456 Y99.56 E.00998
G1 X121.327 Y98.005 E.06372
G1 X121.114 Y97.792 E.00998
G1 X119.56 Y96.664 E.06372
G1 X119.347 Y96.451 E.00998
G1 X119.019 Y96 E.0185
G1 X120.647 Y96 E.05401
G1 E-.8 F1800
G1 X128.269 Y96.402 Z5.6 F7200
G1 X134 Y96.705 Z5.6
G1 Z5.2
G1 E.8 F1800
G1 F2705
G1 X134 Y98.334 E.05401
G1 X133.762 Y98.005 E.01347
G1 X133.549 Y97.792 E.00998
G1 X131.995 Y96.664 E.06372
G1 X131.782 Y96.451 E.00998
G1 X131.454 Y96 E.0185
G1 X128.345 Y96 E.10312
G1 X128.673 Y96.451 E.0185
G1 X128.886 Y96.664 E.00998
G1 X130.44 Y97.792 E.06372
G1 X130.653 Y98.005 E.00998
G1 X131.782 Y99.56 E.06372
G1 X131.995 Y99.772 E.00998
G1 X133.549 Y100.901 E.06372
G1 X133.762 Y101.114 E.00998
G1 X134 Y101.443 E.01347
G1 X134 Y104.551 E.10312
G1 X133.762 Y104.223 E.01347
G1 X133.549 Y104.01 E.00998
G1 X131.995 Y102.881 E.06372
G1 X131.782 Y102.668 E.00998
G1 X130.653 Y101.114 E.06372
G1 X130.44 Y100.901 E.00998
G1 X128.886 Y99.772 E.06372
G1 X128.673 Y99.56 E.00998
G1 X127.544 Y98.005 E.06372
G1 X127.332 Y97.792 E.00998
G1 X125.777 Y96.664 E.06372
G1 X125.564 Y96.451 E.00998
G1 X125.237 Y96 E.0185
G1 X122.128 Y96 E.10312
G1 X122.456 Y96.451 E.0185
G1 X122.668 Y96.664 E.00998
G1 X124.223 Y97.792 E.06372
G1 X124.436 Y98.005 E.00998
G1 X125.564 Y99.56 E.06372
G1 X125.777 Y99.772 E.00998
G1 X127.332 Y100.901 E.06372
G1 X127.544 Y101.114 E.00998
G1 X128.673 Y102.668 E.06372
G1 X128.886 Y102.881 E.00998
G1 X130.44 Y104.01 E.06372
G1 X130.653 Y104.223 E.00998
G1 X131.782 Y105.777 E.06372
G1 X131.995 Y105.99 E.00998
G1 X133.549 Y107.119 E.06372
G1 X133.762 Y107.332 E.00998
G1 X134 Y107.66 E.01347
G1 X134 Y109.288 E.05401
; stop printing object cube.stl id:0 copy 0
;LAYER_CHANGE
;Z:5.4
;HEIGHT:0.2
;BEFORE_LAYER_CHANGE
G92 E0.0
;5.4
M201 X4000 Y4000
M74 W0
;AFTER_LAYER_CHANGE
;5.4
;_SET_FAN_SPEED_CHANGING_LAYER
; printing object cube.stl id:0 copy 0
G1 E-.8 F1800
G1 X134.346 Y114.346 Z5.8 F7200
G1 Z5.4
G1 E.8 F1800
M204 P4000
;TYPE:Inner wall
;WIDTH:0.449999
G1 F2598
G1 X115.654 Y114.346 E.62008
G1 X115.654 Y95.654 E.62008
G1 X134.346 Y95.654 E.62008
G1 X134.346 Y114.306 E.61875
M204 T500
G1 X134.775 Y114.775 F7200
M204 P500
;TYPE:Outer wall
G1 F2598
G1 X115.225 Y114.775 E.64851
G1 X115.225 Y95.225 E.64851
G1 X134.775 Y95.225 E.64851
G1 X134.775 Y114.735 E.64718
M204 T4000
G1 E-.8 F1800
G1 X134.445 Y107.11 Z5.8 F7200
G1 X134 Y96.828 Z5.8
G1 Z5.4
G1 E.8 F1800
;TYPE:Sparse infill
;WIDTH:0.45
G1 F2598
G1 X134 Y98.457 E.05401
G1 X131.543 Y96 E.11527
G1 X128.435 Y96 E.10312
G1 X134 Y101.565 E.2611
G1 X134 Y104.674 E.10312
G1 X125.326 Y96 E.40694
G1 X122.217 Y96 E.10312
G1 X134 Y107.783 E.55278
G1 X134 Y110.892 E.10312
G1 X119.108 Y96 E.69862
G1 X116 Y96 E.10312
G1 X134 Y114 E.84446
G1 X130.892 Y114 E.10312
M73 P40 R16
G1 X116 Y99.108 E.69862
G1 X116 Y102.217 E.10312
G1 X127.783 Y114 E.55278
G1 X124.674 Y114 E.10312
G1 X116 Y105.326 E.40694
G1 X116 Y108.435 E.10312
G1 X121.565 Y114 E.2611
G1 X118.457 Y114 E.10312
G1 X116 Y111.543 E.11527
G1 X116 Y113.172 E.05401
; stop printing object cube.stl id:0 copy 0
;LAYER_CHANGE
;Z:5.6
;HEIGHT:0.2
;BEFORE_LAYER_CHANGE
G92 E0.0
;5.6
M201 X4000 Y4000
M74 W0
;AFTER_LAYER_CHANGE
;5.6
;_SET_FAN_SPEED_CHANGING_LAYER
; printing object cube.stl id:0 copy 0
G1 E-.8 F1800
G1 X123.616 Y113.659 Z6 F7200
G1 X134.346 Y114.346 Z6
G1 Z5.6
G1 E.8 F1800
M204 P4000
;TYPE:Inner wall
;WIDTH:0.449999
G1 F2598
G1 X115.654 Y114.346 E.62008
G1 X115.654 Y95.654 E.62008
G1 X134.346 Y95.654 E.62008
G1 X134.346 Y114.306 E.61875
M204 T500
G1 X134.775 Y114.775 F7200
M204 P500
;TYPE:Outer wall
G1 F2598
G1 X115.225 Y114.775 E.64851
G1 X115.225 Y95.225 E.64851
G1 X134.775 Y95.225 E.64851
G1 X134.775 Y114.735 E.64718
M204 T4000
G1 E-.8 F1800
G1 X134.445 Y107.11 Z6 F7200
G1 X134 Y96.828 Z6
G1 Z5.6
G1 E.8 F1800
;TYPE:Sparse infill
;WIDTH:0.45
G1 F2598
G1 X134 Y98.457 E.05401
G1 X131.543 Y96 E.11527
G1 X128.435 Y96 E.10312
G1 X134 Y101.565 E.2611
G1 X134 Y104.674 E.10312
G1 X125.326 Y96 E.40694
G1 X122.217 Y96 E.10312
G1 X134 Y107.783 E.55278
G1 X134 Y110.892 E.10312
G1 X119.108 Y96 E.69862
G1 X116 Y96 E.10312
G1 X134 Y114 E.84446
G1 X130.892 Y114 E.10312
G1 X116 Y99.108 E.69862
G1 X116 Y102.217 E.10312
G1 X127.783 Y114 E.55278
G1 X124.674 Y114 E.10312
G1 X116 Y105.326 E.40694
G1 X116 Y108.435 E.10312
G1 X121.565 Y114 E.2611
G1 X118.457 Y114 E.10312
G1 X116 Y111.543 E.11527
G1 X116 Y113.172 E.05401
; stop printing object cube.stl id:0 copy 0
;LAYER_CHANGE
;Z:5.8
;HEIGHT:0.2
;BEFORE_LAYER_CHANGE
G92 E0.0
;5.8
M201 X4000 Y4000
M74 W0
;AFTER_LAYER_CHANGE
;5.8
;_SET_FAN_SPEED_CHANGING_LAYER
; printing object cube.stl id:0 copy 0
G1 E-.8 F1800
G1 X123.616 Y113.659 Z6.2 F7200
G1 X134.346 Y114.346 Z6.2
G1 Z5.8
G1 E.8 F1800
M204 P4000
;TYPE:Inner wall
;WIDTH:0.449999
G1 F2598
G1 X115.654 Y114.346 E.62008
G1 X115.654 Y95.654 E.62008
G1 X134.346 Y95.654 E.62008
G1 X134.346 Y114.306 E.61875
M204 T500
G1 X134.775 Y114.775 F7200
M204 P500
;TYPE:Outer wall
G1 F2598
G1 X115.225 Y114.775 E.64851
G1 X115.225 Y95.225 E.64851
G1 X134.775 Y95.225 E.64851
M73 P41 R16
G1 X134.775 Y114.735 E.64718
M204 T4000
G1 E-.8 F1800
G1 X134.445 Y107.11 Z6.2 F7200
G1 X134 Y96.828 Z6.2
G1 Z5.8
G1 E.8 F1800
;TYPE:Sparse infill
;WIDTH:0.45
G1 F2598
G1 X134 Y98.457 E.05401
G1 X131.543 Y96 E.11527
G1 X128.435 Y96 E.10312
G1 X134 Y101.565 E.2611
G1 X134 Y104.674 E.10312
G1 X125.326 Y96 E.40694
G1 X122.217 Y96 E.10312
G1 X134 Y107.783 E.55278
G1 X134 Y110.892 E.10312
G1 X119.108 Y96 E.69862
G1 X116 Y96 E.10312
G1 X134 Y114 E.84446
G1 X130.892 Y114 E.10312
G1 X116 Y99.108 E.69862
G1 X116 Y102.217 E.10312
G1 X127.783 Y114 E.55278
G1 X124.674 Y114 E.10312
G1 X116 Y105.326 E.40694
G1 X116 Y108.435 E.10312
G1 X121.565 Y114 E.2611
G1 X118.457 Y114 E.10312
G1 X116 Y111.543 E.11527
G1 X116 Y113.172 E.05401
; stop printing object cube.stl id:0 copy 0
;LAYER_CHANGE
;Z:6
;HEIGHT:0.2
;BEFORE_LAYER_CHANGE
G92 E0.0
;6
M201 X4000 Y4000
M74 W0
;AFTER_LAYER_CHANGE
;6
;_SET_FAN_SPEED_CHANGING_LAYER
; printing object cube.stl id:0 copy 0
G1 E-.8 F1800
G1 X123.616 Y113.659 Z6.4 F7200
G1 X134.346 Y114.346 Z6.4
G1 Z6
G1 E.8 F1800
M204 P4000
;TYPE:Inner wall
;WIDTH:0.449999
G1 F2598
G1 X115.654 Y114.346 E.62008
G1 X115.654 Y95.654 E.62008
G1 X134.346 Y95.654 E.62008
G1 X134.346 Y114.306 E.61875
M204 T500
G1 X134.775 Y114.775 F7200
M204 P500
;TYPE:Outer wall
G1 F2598
G1 X115.225 Y114.775 E.64851
G1 X115.225 Y95.225 E.64851
G1 X134.775 Y95.225 E.64851
G1 X134.775 Y114.735 E.64718
M73 P41 R15
M204 T4000
G1 E-.8 F1800
G1 X134.445 Y107.11 Z6.4 F7200
G1 X134 Y96.828 Z6.4
G1 Z6
G1 E.8 F1800
;TYPE:Sparse infill
;WIDTH:0.45
G1 F2598
G1 X134 Y98.457 E.05401
G1 X131.543 Y96 E.11527
G1 X128.435 Y96 E.10312
G1 X134 Y101.565 E.2611
G1 X134 Y104.674 E.10312
G1 X125.326 Y96 E.40694
G1 X122.217 Y96 E.10312
G1 X134 Y107.783 E.55278
G1 X134 Y110.892 E.10312
G1 X119.108 Y96 E.69862
G1 X116 Y96 E.10312
G1 X134 Y114 E.84446
G1 X130.892 Y114 E.10312
G1 X116 Y99.108 E.69862
G1 X116 Y102.217 E.10312
G1 X127.783 Y114 E.55278
G1 X124.674 Y114 E.10312
M73 P42 R15
G1 X116 Y105.326 E.40694
G1 X116 Y108.435 E.10312
G1 X121.565 Y114 E.2611
G1 X118.457 Y114 E.10312
G1 X116 Y111.543 E.11527
G1 X116 Y113.172 E.05401
; stop printing object cube.stl id:0 copy 0
;LAYER_CHANGE
;Z:6.2
;HEIGHT:0.2
;BEFORE_LAYER_CHANGE
G92 E0.0
;6.2
M201 X4000 Y4000
M74 W0
;AFTER_LAYER_CHANGE
;6.2
;_SET_FAN_SPEED_CHANGING_LAYER
; printing object cube.stl id:0 copy 0
G1 E-.8 F1800
G1 X123.616 Y113.659 Z6.6 F7200
G1 X134.346 Y114.346 Z6.6
G1 Z6.2
G1 E.8 F1800
M204 P4000
;TYPE:Inner wall
;WIDTH:0.449999
G1 F2598
G1 X115.654 Y114.346 E.62008
G1 X115.654 Y95.654 E.62008
G1 X134.346 Y95.654 E.62008
G1 X134.346 Y114.306 E.61875
M204 T500
G1 X134.775 Y114.775 F7200
M204 P500
;TYPE:Outer wall
G1 F2598
G1 X115.225 Y114.775 E.64851
G1 X115.225 Y95.225 E.64851
G1 X134.775 Y95.225 E.64851
G1 X134.775 Y114.735 E.64718
M204 T4000
G1 E-.8 F1800
G1 X134.445 Y107.11 Z6.6 F7200
G1 X134 Y96.828 Z6.6
G1 Z6.2
G1 E.8 F1800
;TYPE:Sparse infill
;WIDTH:0.45
G1 F2598
G1 X134 Y98.457 E.05401
G1 X131.543 Y96 E.11527
G1 X128.435 Y96 E.10312
G1 X134 Y101.565 E.2611
G1 X134 Y104.674 E.10312
G1 X125.326 Y96 E.40694
G1 X122.217 Y96 E.10312
G1 X134 Y107.783 E.55278
G1 X134 Y110.892 E.10312
G1 X119.108 Y96 E.69862
G1 X116 Y96 E.10312
G1 X134 Y114 E.84446
G1 X130.892 Y114 E.10312
G1 X116 Y99.108 E.69862
G1 X116 Y102.217 E.10312
G1 X127.783 Y114 E.55278
G1 X124.674 Y114 E.10312
G1 X116 Y105.326 E.40694
G1 X116 Y108.435 E.10312
G1 X121.565 Y114 E.2611
G1 X118.457 Y114 E.10312
G1 X116 Y111.543 E.11527
G1 X116 Y113.172 E.05401
; stop printing object cube.stl id:0 copy 0
;LAYER_CHANGE
;Z:6.4
;HEIGHT:0.2
;BEFORE_LAYER_CHANGE
G92 E0.0
;6.4
M201 X4000 Y4000
M74 W0
;AFTER_LAYER_CHANGE
;6.4
;_SET_FAN_SPEED_CHANGING_LAYER
; printing object cube.stl id:0 copy 0
G1 E-.8 F1800
G1 X123.616 Y113.659 Z6.8 F7200
G1 X134.346 Y114.346 Z6.8
G1 Z6.4
G1 E.8 F1800
M204 P4000
;TYPE:Inner wall
;WIDTH:0.449999
G1 F2598
G1 X115.654 Y114.346 E.62008
G1 X115.654 Y95.654 E.62008
G1 X134.346 Y95.654 E.62008
G1 X134.346 Y114.306 E.61875
M204 T500
G1 X134.775 Y114.775 F7200
M204 P500
;TYPE:Outer wall
G1 F2598
G1 X115.225 Y114.775 E.64851
G1 X115.225 Y95.225 E.64851
G1 X134.775 Y95.225 E.64851
G1 X134.775 Y114.735 E.64718
M204 T4000
G1 E-.8 F1800
G1 X134.445 Y107.11 Z6.8 F7200
G1 X134 Y96.828 Z6.8
G1 Z6.4
M73 P43 R15
G1 E.8 F1800
;TYPE:Sparse infill
;WIDTH:0.45
G1 F2598
G1 X134 Y98.457 E.05401
G1 X131.543 Y96 E.11527
G1 X128.435 Y96 E.10312
G1 X134 Y101.565 E.2611
G1 X134 Y104.674 E.10312
G1 X125.326 Y96 E.40694
G1 X122.217 Y96 E.10312
G1 X134 Y107.783 E.55278
G1 X134 Y110.892 E.10312
G1 X119.108 Y96 E.69862
G1 X116 Y96 E.10312
G1 X134 Y114 E.84446
G1 X130.892 Y114 E.10312
G1 X116 Y99.108 E.69862
G1 X116 Y102.217 E.10312
G1 X127.783 Y114 E.55278
G1 X124.674 Y114 E.10312
G1 X116 Y105.326 E.40694
G1 X116 Y108.435 E.10312
G1 X121.565 Y114 E.2611
G1 X118.457 Y114 E.10312
G1 X116 Y111.543 E.11527
G1 X116 Y113.172 E.05401
; stop printing object cube.stl id:0 copy 0
;LAYER_CHANGE
;Z:6.6
;HEIGHT:0.2
;BEFORE_LAYER_CHANGE
G92 E0.0
;6.6
M201 X4000 Y4000
M74 W0
;AFTER_LAYER_CHANGE
;6.6
;_SET_FAN_SPEED_CHANGING_LAYER
; printing object cube.stl id:0 copy 0
G1 E-.8 F1800
G1 X123.616 Y113.659 Z7 F7200
G1 X134.346 Y114.346 Z7
G1 Z6.6
G1 E.8 F1800
M204 P4000
;TYPE:Inner wall
;WIDTH:0.449999
G1 F2598
G1 X115.654 Y114.346 E.62008
G1 X115.654 Y95.654 E.62008
G1 X134.346 Y95.654 E.62008
G1 X134.346 Y114.306 E.61875
M204 T500
G1 X134.775 Y114.775 F7200
M204 P500
;TYPE:Outer wall
G1 F2598
G1 X115.225 Y114.775 E.64851
G1 X115.225 Y95.225 E.64851
G1 X134.775 Y95.225 E.64851
G1 X134.775 Y114.735 E.64718
M204 T4000
G1 E-.8 F1800
G1 X134.445 Y107.11 Z7 F7200
G1 X134 Y96.828 Z7
G1 Z6.6
G1 E.8 F1800
;TYPE:Sparse infill
;WIDTH:0.45
G1 F2598
G1 X134 Y98.457 E.05401
G1 X131.543 Y96 E.11527
G1 X128.435 Y96 E.10312
G1 X134 Y101.565 E.2611
G1 X134 Y104.674 E.10312
G1 X125.326 Y96 E.40694
G1 X122.217 Y96 E.10312
G1 X134 Y107.783 E.55278
G1 X134 Y110.892 E.10312
G1 X119.108 Y96 E.69862
G1 X116 Y96 E.10312
G1 X134 Y114 E.84446
G1 X130.892 Y114 E.10312
G1 X116 Y99.108 E.69862
G1 X116 Y102.217 E.10312
G1 X127.783 Y114 E.55278
G1 X124.674 Y114 E.10312
G1 X116 Y105.326 E.40694
G1 X116 Y108.435 E.10312
G1 X121.565 Y114 E.2611
G1 X118.457 Y114 E.10312
G1 X116 Y111.543 E.11527
G1 X116 Y113.172 E.05401
; stop printing object cube.stl id:0 copy 0
;LAYER_CHANGE
;Z:6.8
;HEIGHT:0.2
;BEFORE_LAYER_CHANGE
G92 E0.0
;6.8
M201 X4000 Y4000
M74 W0
;AFTER_LAYER_CHANGE
;6.8
;_SET_FAN_SPEED_CHANGING_LAYER
; printing object cube.stl id:0 copy 0
G1 E-.8 F1800
G1 X123.616 Y113.659 Z7.2 F7200
G1 X134.346 Y114.346 Z7.2
M73 P44 R15
G1 Z6.8
G1 E.8 F1800
M204 P4000
;TYPE:Inner wall
;WIDTH:0.449999
G1 F2645
G1 X115.654 Y114.346 E.62008
G1 X115.654 Y95.654 E.62008
G1 X134.346 Y95.654 E.62008
G1 X134.346 Y114.306 E.61875
M204 T500
G1 X134.775 Y114.775 F7200
M204 P500
;TYPE:Outer wall
G1 F2645
G1 X115.225 Y114.775 E.64851
G1 X115.225 Y95.225 E.64851
G1 X134.775 Y95.225 E.64851
G1 X134.775 Y114.735 E.64718
M204 T4000
G1 E-.8 F1800
G1 X127.149 Y114.419 Z7.2 F7200
G1 X117.025 Y114 Z7.2
G1 Z6.8
G1 E.8 F1800
;TYPE:Sparse infill
;WIDTH:0.45
G1 F2645
G1 X118.654 Y114 E.05401
G1 X118.475 Y113.549 E.0161
G1 X118.005 Y113.079 E.02205
G1 X116.451 Y112.465 E.05544
G1 X116 Y112.013 E.02117
G1 X116 Y108.905 E.10312
G1 X116.451 Y109.356 E.02117
G1 X118.005 Y109.97 E.05544
G1 X118.475 Y110.44 E.02205
G1 X119.09 Y111.995 E.05544
G1 X119.56 Y112.465 E.02205
G1 X121.114 Y113.079 E.05544
G1 X121.584 Y113.549 E.02205
G1 X121.762 Y114 E.0161
G1 X124.871 Y114 E.10312
G1 X124.693 Y113.549 E.0161
G1 X124.223 Y113.079 E.02205
G1 X122.668 Y112.465 E.05544
G1 X122.198 Y111.995 E.02205
G1 X121.584 Y110.44 E.05544
G1 X121.114 Y109.97 E.02205
G1 X119.56 Y109.356 E.05544
G1 X119.09 Y108.886 E.02205
G1 X118.475 Y107.332 E.05544
G1 X118.005 Y106.861 E.02205
G1 X116.451 Y106.247 E.05544
G1 X116 Y105.796 E.02117
G1 X116 Y102.687 E.10312
G1 X116.451 Y103.139 E.02117
G1 X118.005 Y103.753 E.05544
G1 X118.475 Y104.223 E.02205
G1 X119.09 Y105.777 E.05544
G1 X119.56 Y106.247 E.02205
G1 X121.114 Y106.861 E.05544
G1 X121.584 Y107.332 E.02205
G1 X122.198 Y108.886 E.05544
G1 X122.668 Y109.356 E.02205
G1 X124.223 Y109.97 E.05544
G1 X124.693 Y110.44 E.02205
G1 X125.307 Y111.995 E.05544
G1 X125.777 Y112.465 E.02205
G1 X127.332 Y113.079 E.05544
G1 X127.802 Y113.549 E.02205
G1 X127.98 Y114 E.0161
G1 X131.089 Y114 E.10312
G1 X130.91 Y113.549 E.0161
G1 X130.44 Y113.079 E.02205
G1 X128.886 Y112.465 E.05544
G1 X128.416 Y111.995 E.02205
G1 X127.802 Y110.44 E.05544
G1 X127.332 Y109.97 E.02205
G1 X125.777 Y109.356 E.05544
G1 X125.307 Y108.886 E.02205
G1 X124.693 Y107.332 E.05544
G1 X124.223 Y106.861 E.02205
G1 X122.668 Y106.247 E.05544
G1 X122.198 Y105.777 E.02205
G1 X121.584 Y104.223 E.05544
G1 X121.114 Y103.753 E.02205
G1 X119.56 Y103.139 E.05544
G1 X119.09 Y102.668 E.02205
G1 X118.475 Y101.114 E.05544
G1 X118.005 Y100.644 E.02205
G1 X116.451 Y100.03 E.05544
G1 X116 Y99.578 E.02117
G1 X116 Y96.47 E.10312
G1 X116.451 Y96.921 E.02117
G1 X118.005 Y97.535 E.05544
G1 X118.475 Y98.005 E.02205
G1 X119.09 Y99.56 E.05544
G1 X119.56 Y100.03 E.02205
G1 X121.114 Y100.644 E.05544
G1 X121.584 Y101.114 E.02205
G1 X122.198 Y102.668 E.05544
G1 X122.668 Y103.139 E.02205
G1 X124.223 Y103.753 E.05544
G1 X124.693 Y104.223 E.02205
G1 X125.307 Y105.777 E.05544
G1 X125.777 Y106.247 E.02205
G1 X127.332 Y106.861 E.05544
G1 X127.802 Y107.332 E.02205
G1 X128.416 Y108.886 E.05544
G1 X128.886 Y109.356 E.02205
G1 X130.44 Y109.97 E.05544
G1 X130.91 Y110.44 E.02205
G1 X131.525 Y111.995 E.05544
G1 X131.995 Y112.465 E.02205
G1 X133.549 Y113.079 E.05544
G1 X134 Y113.53 E.02117
G1 X134 Y110.422 E.10312
G1 X133.549 Y109.97 E.02117
G1 X131.995 Y109.356 E.05544
G1 X131.525 Y108.886 E.02205
G1 X130.91 Y107.332 E.05544
G1 X130.44 Y106.861 E.02205
G1 X128.886 Y106.247 E.05544
G1 X128.416 Y105.777 E.02205
G1 X127.802 Y104.223 E.05544
G1 X127.332 Y103.753 E.02205
G1 X125.777 Y103.139 E.05544
G1 X125.307 Y102.668 E.02205
G1 X124.693 Y101.114 E.05544
G1 X124.223 Y100.644 E.02205
G1 X122.668 Y100.03 E.05544
G1 X122.198 Y99.56 E.02205
G1 X121.584 Y98.005 E.05544
G1 X121.114 Y97.535 E.02205
G1 X119.56 Y96.921 E.05544
G1 X119.09 Y96.451 E.02205
G1 X118.911 Y96 E.0161
G1 X122.02 Y96 E.10312
G1 X122.198 Y96.451 E.0161
G1 X122.668 Y96.921 E.02205
G1 X124.223 Y97.535 E.05544
G1 X124.693 Y98.005 E.02205
G1 X125.307 Y99.56 E.05544
G1 X125.777 Y100.03 E.02205
G1 X127.332 Y100.644 E.05544
G1 X127.802 Y101.114 E.02205
G1 X128.416 Y102.668 E.05544
G1 X128.886 Y103.139 E.02205
G1 X130.44 Y103.753 E.05544
G1 X130.91 Y104.223 E.02205
G1 X131.525 Y105.777 E.05544
G1 X131.995 Y106.247 E.02205
G1 X133.549 Y106.861 E.05544
G1 X134 Y107.313 E.02117
G1 X134 Y104.204 E.10312
G1 X133.549 Y103.753 E.02117
G1 X131.995 Y103.139 E.05544
G1 X131.525 Y102.668 E.02205
G1 X130.91 Y101.114 E.05544
G1 X130.44 Y100.644 E.02205
G1 X128.886 Y100.03 E.05544
G1 X128.416 Y99.56 E.02205
G1 X127.802 Y98.005 E.05544
G1 X127.332 Y97.535 E.02205
G1 X125.777 Y96.921 E.05544
G1 X125.307 Y96.451 E.02205
G1 X125.129 Y96 E.0161
G1 X128.238 Y96 E.10312
G1 X128.416 Y96.451 E.0161
G1 X128.886 Y96.921 E.02205
G1 X130.44 Y97.535 E.05544
G1 X130.91 Y98.005 E.02205
G1 X131.525 Y99.56 E.05544
G1 X131.995 Y100.03 E.02205
G1 X133.549 Y100.644 E.05544
G1 X134 Y101.095 E.02117
G1 X134 Y97.987 E.10312
G1 X133.549 Y97.535 E.02117
G1 X131.995 Y96.921 E.05544
G1 X131.525 Y96.451 E.02205
G1 X131.346 Y96 E.0161
G1 X132.975 Y96 E.05401
; stop printing object cube.stl id:0 copy 0
;LAYER_CHANGE
;Z:7
;HEIGHT:0.2
;BEFORE_LAYER_CHANGE
G92 E0.0
;7
M201 X4000 Y4000
M74 W0
;AFTER_LAYER_CHANGE
;7
;_SET_FAN_SPEED_CHANGING_LAYER
; printing object cube.stl id:0 copy 0
G1 E-.8 F1800
G1 X133.544 Y103.611 Z7.4 F7200
G1 X134.346 Y114.346 Z7.4
G1 Z7
G1 E.8 F1800
M204 P4000
;TYPE:Inner wall
;WIDTH:0.449999
G1 F2832
G1 X115.654 Y114.346 E.62008
G1 X115.654 Y95.654 E.62008
G1 X134.346 Y95.654 E.62008
M73 P45 R15
G1 X134.346 Y114.306 E.61875
M204 T500
G1 X134.775 Y114.775 F7200
M204 P500
;TYPE:Outer wall
G1 F2832
G1 X115.225 Y114.775 E.64851
G1 X115.225 Y95.225 E.64851
G1 X134.775 Y95.225 E.64851
G1 X134.775 Y114.735 E.64718
M204 T4000
G1 X133.196 Y114 F7200
;TYPE:Sparse infill
;WIDTH:0.45
G1 F2832
G1 X134 Y114 E.02669
G1 X134 Y113.177 E.02732
G1 X133.549 Y112.725 E.02117
G1 X131.995 Y112.818 E.05165
G1 X131.171 Y111.995 E.03864
G1 X131.264 Y110.44 E.05165
G1 X130.44 Y109.617 E.03864
G1 X128.886 Y109.71 E.05165
G1 X128.062 Y108.886 E.03864
G1 X128.155 Y107.332 E.05165
G1 X127.332 Y106.508 E.03864
G1 X125.777 Y106.601 E.05165
G1 X124.954 Y105.777 E.03864
G1 X125.046 Y104.223 E.05165
G1 X124.223 Y103.399 E.03864
G1 X122.668 Y103.492 E.05165
G1 X121.845 Y102.668 E.03864
G1 X121.938 Y101.114 E.05165
G1 X121.114 Y100.29 E.03864
G1 X119.56 Y100.383 E.05165
G1 X118.736 Y99.56 E.03864
G1 X118.829 Y98.005 E.05165
G1 X118.005 Y97.182 E.03864
G1 X116.451 Y97.275 E.05165
G1 X116 Y96.823 E.02117
M73 P45 R14
G1 X116 Y99.932 E.10312
G1 X116.451 Y100.383 E.02117
G1 X118.005 Y100.29 E.05165
G1 X118.829 Y101.114 E.03864
G1 X118.736 Y102.668 E.05165
G1 X119.56 Y103.492 E.03864
G1 X121.114 Y103.399 E.05165
G1 X121.938 Y104.223 E.03864
G1 X121.845 Y105.777 E.05165
G1 X122.668 Y106.601 E.03864
G1 X124.223 Y106.508 E.05165
G1 X125.046 Y107.332 E.03864
G1 X124.954 Y108.886 E.05165
G1 X125.777 Y109.71 E.03864
G1 X127.332 Y109.617 E.05165
G1 X128.155 Y110.44 E.03864
G1 X128.062 Y111.995 E.05165
G1 X128.886 Y112.818 E.03864
G1 X130.44 Y112.725 E.05165
G1 X131.264 Y113.549 E.03864
G1 X131.237 Y114 E.015
G1 X128.128 Y114 E.10312
G1 X128.155 Y113.549 E.015
G1 X127.332 Y112.725 E.03864
G1 X125.777 Y112.818 E.05165
G1 X124.954 Y111.995 E.03864
G1 X125.046 Y110.44 E.05165
G1 X124.223 Y109.617 E.03864
G1 X122.668 Y109.71 E.05165
G1 X121.845 Y108.886 E.03864
G1 X121.938 Y107.332 E.05165
G1 X121.114 Y106.508 E.03864
G1 X119.56 Y106.601 E.05165
G1 X118.736 Y105.777 E.03864
G1 X118.829 Y104.223 E.05165
G1 X118.005 Y103.399 E.03864
G1 X116.451 Y103.492 E.05165
G1 X116 Y103.041 E.02117
G1 X116 Y106.15 E.10312
G1 X116.451 Y106.601 E.02117
G1 X118.005 Y106.508 E.05165
G1 X118.829 Y107.332 E.03864
G1 X118.736 Y108.886 E.05165
G1 X119.56 Y109.71 E.03864
G1 X121.114 Y109.617 E.05165
G1 X121.938 Y110.44 E.03864
G1 X121.845 Y111.995 E.05165
G1 X122.668 Y112.818 E.03864
G1 X124.223 Y112.725 E.05165
G1 X125.046 Y113.549 E.03864
G1 X125.019 Y114 E.015
G1 X121.911 Y114 E.10312
G1 X121.938 Y113.549 E.015
G1 X121.114 Y112.725 E.03864
G1 X119.56 Y112.818 E.05165
G1 X118.736 Y111.995 E.03864
G1 X118.829 Y110.44 E.05165
G1 X118.005 Y109.617 E.03864
G1 X116.451 Y109.71 E.05165
G1 X116 Y109.258 E.02117
G1 X116 Y112.367 E.10312
G1 X116.451 Y112.818 E.02117
G1 X118.005 Y112.725 E.05165
G1 X118.829 Y113.549 E.03864
G1 X118.802 Y114 E.015
G1 X117.174 Y114 E.05401
G1 E-.8 F1800
G1 X117.157 Y106.368 Z7.4 F7200
G1 X117.135 Y96 Z7.4
G1 Z7
G1 E.8 F1800
G1 F2832
G1 X118.763 Y96 E.05401
G1 X118.736 Y96.451 E.015
G1 X119.56 Y97.275 E.03864
G1 X121.114 Y97.182 E.05165
G1 X121.938 Y98.005 E.03864
G1 X121.845 Y99.56 E.05165
G1 X122.668 Y100.383 E.03864
G1 X124.223 Y100.29 E.05165
G1 X125.046 Y101.114 E.03864
G1 X124.954 Y102.668 E.05165
G1 X125.777 Y103.492 E.03864
G1 X127.332 Y103.399 E.05165
G1 X128.155 Y104.223 E.03864
G1 X128.062 Y105.777 E.05165
G1 X128.886 Y106.601 E.03864
G1 X130.44 Y106.508 E.05165
G1 X131.264 Y107.332 E.03864
G1 X131.171 Y108.886 E.05165
G1 X131.995 Y109.71 E.03864
G1 X133.549 Y109.617 E.05165
G1 X134 Y110.068 E.02117
G1 X134 Y106.959 E.10312
G1 X133.549 Y106.508 E.02117
G1 X131.995 Y106.601 E.05165
G1 X131.171 Y105.777 E.03864
G1 X131.264 Y104.223 E.05165
G1 X130.44 Y103.399 E.03864
G1 X128.886 Y103.492 E.05165
G1 X128.062 Y102.668 E.03864
G1 X128.155 Y101.114 E.05165
G1 X127.332 Y100.29 E.03864
G1 X125.777 Y100.383 E.05165
G1 X124.954 Y99.56 E.03864
G1 X125.046 Y98.005 E.05165
G1 X124.223 Y97.182 E.03864
G1 X122.668 Y97.275 E.05165
G1 X121.845 Y96.451 E.03864
G1 X121.872 Y96 E.015
G1 X124.981 Y96 E.10312
G1 X124.954 Y96.451 E.015
G1 X125.777 Y97.275 E.03864
G1 X127.332 Y97.182 E.05165
G1 X128.155 Y98.005 E.03864
G1 X128.062 Y99.56 E.05165
G1 X128.886 Y100.383 E.03864
G1 X130.44 Y100.29 E.05165
G1 X131.264 Y101.114 E.03864
G1 X131.171 Y102.668 E.05165
G1 X131.995 Y103.492 E.03864
G1 X133.549 Y103.399 E.05165
G1 X134 Y103.85 E.02117
G1 X134 Y100.742 E.10312
G1 X133.549 Y100.29 E.02117
G1 X131.995 Y100.383 E.05165
G1 X131.171 Y99.56 E.03864
G1 X131.264 Y98.005 E.05165
G1 X130.44 Y97.182 E.03864
G1 X128.886 Y97.275 E.05165
G1 X128.062 Y96.451 E.03864
G1 X128.089 Y96 E.015
G1 X131.198 Y96 E.10312
G1 X131.171 Y96.451 E.015
M73 P46 R14
G1 X131.995 Y97.275 E.03864
G1 X133.549 Y97.182 E.05165
G1 X134 Y97.633 E.02117
G1 X134 Y96.005 E.05401
; stop printing object cube.stl id:0 copy 0
;LAYER_CHANGE
;Z:7.2
;HEIGHT:0.2
;BEFORE_LAYER_CHANGE
G92 E0.0
;7.2
M201 X4000 Y4000
M74 W0
;AFTER_LAYER_CHANGE
;7.2
;_SET_FAN_SPEED_CHANGING_LAYER
; printing object cube.stl id:0 copy 0
G1 E-.8 F1800
G1 X134.144 Y103.636 Z7.6 F7200
G1 X134.346 Y114.346 Z7.6
G1 Z7.2
G1 E.8 F1800
M204 P4000
;TYPE:Inner wall
;WIDTH:0.449999
G1 F2787
G1 X115.654 Y114.346 E.62008
G1 X115.654 Y95.654 E.62008
G1 X134.346 Y95.654 E.62008
G1 X134.346 Y114.306 E.61875
M204 T500
G1 X134.775 Y114.775 F7200
M204 P500
;TYPE:Outer wall
G1 F2787
G1 X115.225 Y114.775 E.64851
G1 X115.225 Y95.225 E.64851
G1 X134.775 Y95.225 E.64851
G1 X134.775 Y114.735 E.64718
M204 T4000
G1 X134 Y113.86 F7200
;TYPE:Sparse infill
;WIDTH:0.45
G1 F2787
G1 X134 Y112.231 E.05401
G1 X133.549 Y112.683 E.02117
G1 X131.995 Y112.861 E.0519
G1 X131.307 Y113.549 E.03228
G1 X131.255 Y114 E.01507
G1 X128.146 Y114 E.10312
G1 X128.198 Y113.549 E.01507
G1 X128.886 Y112.861 E.03228
G1 X130.44 Y112.683 E.0519
G1 X131.128 Y111.995 E.03228
G1 X131.307 Y110.44 E.0519
G1 X131.995 Y109.752 E.03228
G1 X133.549 Y109.574 E.0519
G1 X134 Y109.123 E.02117
G1 X134 Y106.014 E.10312
G1 X133.549 Y106.465 E.02117
G1 X131.995 Y106.644 E.0519
G1 X131.307 Y107.332 E.03228
G1 X131.128 Y108.886 E.0519
G1 X130.44 Y109.574 E.03228
G1 X128.886 Y109.752 E.0519
G1 X128.198 Y110.44 E.03228
G1 X128.02 Y111.995 E.0519
G1 X127.332 Y112.683 E.03228
G1 X125.777 Y112.861 E.0519
G1 X125.089 Y113.549 E.03228
G1 X125.037 Y114 E.01507
G1 X126.666 Y114 E.05401
G1 E-.8 F1800
G1 X131.34 Y107.967 Z7.6 F7200
G1 X134 Y104.533 Z7.6
G1 Z7.2
G1 E.8 F1800
G1 F2787
G1 X134 Y102.905 E.05401
G1 X133.549 Y103.356 E.02117
G1 X131.995 Y103.535 E.0519
G1 X131.307 Y104.223 E.03228
G1 X131.128 Y105.777 E.0519
G1 X130.44 Y106.465 E.03228
G1 X128.886 Y106.644 E.0519
G1 X128.198 Y107.332 E.03228
G1 X128.02 Y108.886 E.0519
G1 X127.332 Y109.574 E.03228
G1 X125.777 Y109.752 E.0519
G1 X125.089 Y110.44 E.03228
G1 X124.911 Y111.995 E.0519
G1 X124.223 Y112.683 E.03228
G1 X122.668 Y112.861 E.0519
G1 X121.98 Y113.549 E.03228
G1 X121.929 Y114 E.01507
G1 X118.82 Y114 E.10312
G1 X118.872 Y113.549 E.01507
G1 X119.56 Y112.861 E.03228
G1 X121.114 Y112.683 E.0519
G1 X121.802 Y111.995 E.03228
G1 X121.98 Y110.44 E.0519
G1 X122.668 Y109.752 E.03228
G1 X124.223 Y109.574 E.0519
G1 X124.911 Y108.886 E.03228
G1 X125.089 Y107.332 E.0519
G1 X125.777 Y106.644 E.03228
G1 X127.332 Y106.465 E.0519
G1 X128.02 Y105.777 E.03228
G1 X128.198 Y104.223 E.0519
G1 X128.886 Y103.535 E.03228
G1 X130.44 Y103.356 E.0519
G1 X131.128 Y102.668 E.03228
G1 X131.307 Y101.114 E.0519
G1 X131.995 Y100.426 E.03228
G1 X133.549 Y100.248 E.0519
G1 X134 Y99.796 E.02117
G1 X134 Y96.688 E.10312
G1 X133.549 Y97.139 E.02117
G1 X131.995 Y97.317 E.0519
G1 X131.307 Y98.005 E.03228
G1 X131.128 Y99.56 E.0519
G1 X130.44 Y100.248 E.03228
G1 X128.886 Y100.426 E.0519
G1 X128.198 Y101.114 E.03228
G1 X128.02 Y102.668 E.0519
G1 X127.332 Y103.356 E.03228
G1 X125.777 Y103.535 E.0519
G1 X125.089 Y104.223 E.03228
G1 X124.911 Y105.777 E.0519
G1 X124.223 Y106.465 E.03228
G1 X122.668 Y106.644 E.0519
G1 X121.98 Y107.332 E.03228
G1 X121.802 Y108.886 E.0519
G1 X121.114 Y109.574 E.03228
G1 X119.56 Y109.752 E.0519
G1 X118.872 Y110.44 E.03228
G1 X118.693 Y111.995 E.0519
G1 X118.005 Y112.683 E.03228
G1 X116.451 Y112.861 E.0519
G1 X116 Y113.312 E.02117
G1 X116 Y110.204 E.10312
G1 X116.451 Y109.752 E.02117
G1 X118.005 Y109.574 E.0519
G1 X118.693 Y108.886 E.03228
G1 X118.872 Y107.332 E.0519
G1 X119.56 Y106.644 E.03228
G1 X121.114 Y106.465 E.0519
G1 X121.802 Y105.777 E.03228
G1 X121.98 Y104.223 E.0519
G1 X122.668 Y103.535 E.03228
G1 X124.223 Y103.356 E.0519
G1 X124.911 Y102.668 E.03228
G1 X125.089 Y101.114 E.0519
G1 X125.777 Y100.426 E.03228
G1 X127.332 Y100.248 E.0519
G1 X128.02 Y99.56 E.03228
G1 X128.198 Y98.005 E.0519
G1 X128.886 Y97.317 E.03228
G1 X130.44 Y97.139 E.0519
G1 X131.128 Y96.451 E.03228
G1 X131.18 Y96 E.01507
G1 X128.071 Y96 E.10312
G1 X128.02 Y96.451 E.01507
G1 X127.332 Y97.139 E.03228
G1 X125.777 Y97.317 E.0519
G1 X125.089 Y98.005 E.03228
G1 X124.911 Y99.56 E.0519
G1 X124.223 Y100.248 E.03228
G1 X122.668 Y100.426 E.0519
G1 X121.98 Y101.114 E.03228
G1 X121.802 Y102.668 E.0519
G1 X121.114 Y103.356 E.03228
G1 X119.56 Y103.535 E.0519
G1 X118.872 Y104.223 E.03228
G1 X118.693 Y105.777 E.0519
G1 X118.005 Y106.465 E.03228
G1 X116.451 Y106.644 E.0519
G1 X116 Y107.095 E.02117
G1 X116 Y103.986 E.10312
G1 X116.451 Y103.535 E.02117
G1 X118.005 Y103.356 E.0519
G1 X118.693 Y102.668 E.03228
G1 X118.872 Y101.114 E.0519
G1 X119.56 Y100.426 E.03228
G1 X121.114 Y100.248 E.0519
G1 X121.802 Y99.56 E.03228
G1 X121.98 Y98.005 E.0519
G1 X122.668 Y97.317 E.03228
G1 X124.223 Y97.139 E.0519
G1 X124.911 Y96.451 E.03228
G1 X124.963 Y96 E.01507
G1 X126.591 Y96 E.05401
G1 E-.8 F1800
G1 X118.959 Y96.101 Z7.6 F7200
G1 X116 Y96.14 Z7.6
G1 Z7.2
G1 E.8 F1800
G1 F2787
G1 X116 Y97.769 E.05401
G1 X116.451 Y97.317 E.02117
G1 X118.005 Y97.139 E.0519
M73 P47 R14
G1 X118.693 Y96.451 E.03228
G1 X118.745 Y96 E.01507
G1 X121.854 Y96 E.10312
G1 X121.802 Y96.451 E.01507
G1 X121.114 Y97.139 E.03228
G1 X119.56 Y97.317 E.0519
G1 X118.872 Y98.005 E.03228
G1 X118.693 Y99.56 E.0519
G1 X118.005 Y100.248 E.03228
G1 X116.451 Y100.426 E.0519
G1 X116 Y100.877 E.02117
G1 X116 Y99.249 E.05401
; stop printing object cube.stl id:0 copy 0
;LAYER_CHANGE
;Z:7.4
;HEIGHT:0.2
;BEFORE_LAYER_CHANGE
G92 E0.0
;7.4
M201 X4000 Y4000
M74 W0
;AFTER_LAYER_CHANGE
;7.4
;_SET_FAN_SPEED_CHANGING_LAYER
; printing object cube.stl id:0 copy 0
G1 E-.8 F1800
G1 X121.893 Y104.099 Z7.8 F7200
G1 X134.346 Y114.346 Z7.8
G1 Z7.4
G1 E.8 F1800
M204 P4000
;TYPE:Inner wall
;WIDTH:0.449999
G1 F2604
G1 X115.654 Y114.346 E.62008
G1 X115.654 Y95.654 E.62008
G1 X134.346 Y95.654 E.62008
G1 X134.346 Y114.306 E.61875
M204 T500
G1 X134.775 Y114.775 F7200
M204 P500
;TYPE:Outer wall
G1 F2604
G1 X115.225 Y114.775 E.64851
G1 X115.225 Y95.225 E.64851
G1 X134.775 Y95.225 E.64851
G1 X134.775 Y114.735 E.64718
M204 T4000
G1 X134 Y113.418 F7200
;TYPE:Sparse infill
;WIDTH:0.45
G1 F2604
G1 X134 Y111.79 E.05401
G1 X133.884 Y111.995 E.00783
G1 X133.549 Y112.329 E.01569
G1 X131.995 Y113.215 E.05934
G1 X131.66 Y113.549 E.01569
G1 X131.403 Y114 E.01723
G1 X128.294 Y114 E.10312
G1 X128.551 Y113.549 E.01723
G1 X128.886 Y113.215 E.01569
G1 X130.44 Y112.329 E.05934
G1 X130.775 Y111.995 E.01569
G1 X131.66 Y110.44 E.05934
G1 X131.995 Y110.106 E.01569
G1 X133.549 Y109.22 E.05934
G1 X133.884 Y108.886 E.01569
G1 X134 Y108.681 E.00783
G1 X134 Y110.309 E.05401
G1 E-.8 F1800
G1 X127.211 Y113.796 Z7.8 F7200
G1 X126.814 Y114 Z7.8
G1 Z7.4
G1 E.8 F1800
G1 F2604
G1 X125.186 Y114 E.05401
G1 X125.443 Y113.549 E.01723
G1 X125.777 Y113.215 E.01569
G1 X127.332 Y112.329 E.05934
G1 X127.666 Y111.995 E.01569
G1 X128.551 Y110.44 E.05934
G1 X128.886 Y110.106 E.01569
G1 X130.44 Y109.22 E.05934
G1 X130.775 Y108.886 E.01569
G1 X131.66 Y107.332 E.05934
G1 X131.995 Y106.997 E.01569
G1 X133.549 Y106.112 E.05934
G1 X133.884 Y105.777 E.01569
G1 X134 Y105.572 E.00783
G1 X134 Y102.463 E.10312
G1 X133.884 Y102.668 E.00783
G1 X133.549 Y103.003 E.01569
G1 X131.995 Y103.888 E.05934
G1 X131.66 Y104.223 E.01569
G1 X130.775 Y105.777 E.05934
G1 X130.44 Y106.112 E.01569
G1 X128.886 Y106.997 E.05934
G1 X128.551 Y107.332 E.01569
G1 X127.666 Y108.886 E.05934
G1 X127.332 Y109.22 E.01569
G1 X125.777 Y110.106 E.05934
G1 X125.443 Y110.44 E.01569
G1 X124.557 Y111.995 E.05934
G1 X124.223 Y112.329 E.01569
G1 X122.668 Y113.215 E.05934
G1 X122.334 Y113.549 E.01569
G1 X122.077 Y114 E.01723
G1 X118.968 Y114 E.10312
G1 X119.225 Y113.549 E.01723
G1 X119.56 Y113.215 E.01569
G1 X121.114 Y112.329 E.05934
G1 X121.449 Y111.995 E.01569
G1 X122.334 Y110.44 E.05934
G1 X122.668 Y110.106 E.01569
G1 X124.223 Y109.22 E.05934
G1 X124.557 Y108.886 E.01569
G1 X125.443 Y107.332 E.05934
G1 X125.777 Y106.997 E.01569
G1 X127.332 Y106.112 E.05934
G1 X127.666 Y105.777 E.01569
G1 X128.551 Y104.223 E.05934
G1 X128.886 Y103.888 E.01569
G1 X130.44 Y103.003 E.05934
G1 X130.775 Y102.668 E.01569
G1 X131.66 Y101.114 E.05934
G1 X131.995 Y100.78 E.01569
G1 X133.549 Y99.894 E.05934
G1 X133.884 Y99.56 E.01569
G1 X134 Y99.355 E.00783
G1 X134 Y96.246 E.10312
G1 X133.884 Y96.451 E.00783
G1 X133.549 Y96.785 E.01569
G1 X131.995 Y97.671 E.05934
G1 X131.66 Y98.005 E.01569
G1 X130.775 Y99.56 E.05934
G1 X130.44 Y99.894 E.01569
G1 X128.886 Y100.78 E.05934
G1 X128.551 Y101.114 E.01569
G1 X127.666 Y102.668 E.05934
G1 X127.332 Y103.003 E.01569
G1 X125.777 Y103.888 E.05934
G1 X125.443 Y104.223 E.01569
G1 X124.557 Y105.777 E.05934
G1 X124.223 Y106.112 E.01569
G1 X122.668 Y106.997 E.05934
G1 X122.334 Y107.332 E.01569
G1 X121.449 Y108.886 E.05934
G1 X121.114 Y109.22 E.01569
G1 X119.56 Y110.106 E.05934
G1 X119.225 Y110.44 E.01569
G1 X118.34 Y111.995 E.05934
G1 X118.005 Y112.329 E.01569
G1 X116.451 Y113.215 E.05934
G1 X116.116 Y113.549 E.01569
G1 X116 Y113.754 E.00783
G1 X116 Y110.645 E.10312
G1 X116.116 Y110.44 E.00783
G1 X116.451 Y110.106 E.01569
G1 X118.005 Y109.22 E.05934
G1 X118.34 Y108.886 E.01569
G1 X119.225 Y107.332 E.05934
G1 X119.56 Y106.997 E.01569
G1 X121.114 Y106.112 E.05934
G1 X121.449 Y105.777 E.01569
G1 X122.334 Y104.223 E.05934
G1 X122.668 Y103.888 E.01569
G1 X124.223 Y103.003 E.05934
G1 X124.557 Y102.668 E.01569
G1 X125.443 Y101.114 E.05934
G1 X125.777 Y100.78 E.01569
G1 X127.332 Y99.894 E.05934
G1 X127.666 Y99.56 E.01569
G1 X128.551 Y98.005 E.05934
G1 X128.886 Y97.671 E.01569
G1 X130.44 Y96.785 E.05934
G1 X130.775 Y96.451 E.01569
G1 X131.032 Y96 E.01723
G1 X127.923 Y96 E.10312
G1 X127.666 Y96.451 E.01723
G1 X127.332 Y96.785 E.01569
G1 X125.777 Y97.671 E.05934
G1 X125.443 Y98.005 E.01569
G1 X124.557 Y99.56 E.05934
G1 X124.223 Y99.894 E.01569
G1 X122.668 Y100.78 E.05934
G1 X122.334 Y101.114 E.01569
G1 X121.449 Y102.668 E.05934
G1 X121.114 Y103.003 E.01569
G1 X119.56 Y103.888 E.05934
G1 X119.225 Y104.223 E.01569
G1 X118.34 Y105.777 E.05934
G1 X118.005 Y106.112 E.01569
G1 X116.451 Y106.997 E.05934
G1 X116.116 Y107.332 E.01569
G1 X116 Y107.537 E.00783
G1 X116 Y104.428 E.10312
G1 X116.116 Y104.223 E.00783
G1 X116.451 Y103.888 E.01569
G1 X118.005 Y103.003 E.05934
G1 X118.34 Y102.668 E.01569
G1 X119.225 Y101.114 E.05934
G1 X119.56 Y100.78 E.01569
G1 X121.114 Y99.894 E.05934
G1 X121.449 Y99.56 E.01569
G1 X122.334 Y98.005 E.05934
G1 X122.668 Y97.671 E.01569
G1 X124.223 Y96.785 E.05934
G1 X124.557 Y96.451 E.01569
G1 X124.814 Y96 E.01723
G1 X121.706 Y96 E.10312
G1 X121.449 Y96.451 E.01723
G1 X121.114 Y96.785 E.01569
G1 X119.56 Y97.671 E.05934
G1 X119.225 Y98.005 E.01569
G1 X118.34 Y99.56 E.05934
G1 X118.005 Y99.894 E.01569
G1 X116.451 Y100.78 E.05934
G1 X116.116 Y101.114 E.01569
G1 X116 Y101.319 E.00783
G1 X116 Y98.21 E.10312
G1 X116.116 Y98.005 E.00783
G1 X116.451 Y97.671 E.01569
G1 X118.005 Y96.785 E.05934
G1 X118.34 Y96.451 E.01569
G1 X118.597 Y96 E.01723
G1 X116.969 Y96 E.05401
; stop printing object cube.stl id:0 copy 0
;LAYER_CHANGE
;Z:7.6
;HEIGHT:0.2
;BEFORE_LAYER_CHANGE
G92 E0.0
;7.6
M201 X4000 Y4000
M74 W0
;AFTER_LAYER_CHANGE
;7.6
;_SET_FAN_SPEED_CHANGING_LAYER
; printing object cube.stl id:0 copy 0
G1 E-.8 F1800
G1 X122.217 Y101.541 Z8 F7200
G1 X134.346 Y114.346 Z8
G1 Z7.6
G1 E.8 F1800
M204 P4000
;TYPE:Inner wall
;WIDTH:0.449999
G1 F2590
G1 X115.654 Y114.346 E.62008
G1 X115.654 Y95.654 E.62008
G1 X134.346 Y95.654 E.62008
M73 P48 R14
G1 X134.346 Y114.306 E.61875
M204 T500
G1 X134.775 Y114.775 F7200
M204 P500
;TYPE:Outer wall
G1 F2590
G1 X115.225 Y114.775 E.64851
G1 X115.225 Y95.225 E.64851
G1 X134.775 Y95.225 E.64851
G1 X134.775 Y114.735 E.64718
M204 T4000
G1 X134 Y113.172 F7200
;TYPE:Sparse infill
;WIDTH:0.45
G1 F2590
G1 X134 Y111.543 E.05401
G1 X131.543 Y114 E.11527
G1 X128.435 Y114 E.10312
G1 X134 Y108.435 E.2611
G1 X134 Y110.063 E.05401
G1 E-.8 F1800
G1 X126.871 Y112.788 Z8 F7200
G1 X123.698 Y114 Z8
G1 Z7.6
G1 E.8 F1800
G1 F2590
G1 X125.326 Y114 E.05401
G1 X134 Y105.326 E.40694
G1 X134 Y102.217 E.10312
G1 X122.217 Y114 E.55278
G1 X119.108 Y114 E.10312
G1 X134 Y99.108 E.69862
G1 X134 Y96 E.10312
G1 X116 Y114 E.84446
G1 X116 Y110.892 E.10312
G1 X130.892 Y96 E.69862
G1 X127.783 Y96 E.10312
G1 X116 Y107.783 E.55278
G1 X116 Y104.674 E.10312
G1 X124.674 Y96 E.40694
G1 X121.565 Y96 E.10312
G1 X116 Y101.565 E.2611
G1 X116 Y98.457 E.10312
G1 X118.457 Y96 E.11527
G1 X116.828 Y96 E.05401
; stop printing object cube.stl id:0 copy 0
;LAYER_CHANGE
;Z:7.8
;HEIGHT:0.2
;BEFORE_LAYER_CHANGE
G92 E0.0
;7.8
M201 X4000 Y4000
M74 W0
;AFTER_LAYER_CHANGE
;7.8
;_SET_FAN_SPEED_CHANGING_LAYER
; printing object cube.stl id:0 copy 0
G1 E-.8 F1800
G1 X122.099 Y101.52 Z8.2 F7200
G1 X134.346 Y114.346 Z8.2
G1 Z7.8
G1 E.8 F1800
M204 P4000
;TYPE:Inner wall
;WIDTH:0.449999
G1 F2590
G1 X115.654 Y114.346 E.62008
G1 X115.654 Y95.654 E.62008
G1 X134.346 Y95.654 E.62008
G1 X134.346 Y114.306 E.61875
M204 T500
G1 X134.775 Y114.775 F7200
M204 P500
;TYPE:Outer wall
G1 F2590
G1 X115.225 Y114.775 E.64851
G1 X115.225 Y95.225 E.64851
G1 X134.775 Y95.225 E.64851
G1 X134.775 Y114.735 E.64718
M204 T4000
G1 X134 Y113.172 F7200
;TYPE:Sparse infill
;WIDTH:0.45
G1 F2590
G1 X134 Y111.543 E.05401
G1 X131.543 Y114 E.11527
G1 X128.435 Y114 E.10312
G1 X134 Y108.435 E.2611
G1 X134 Y110.063 E.05401
G1 E-.8 F1800
G1 X126.871 Y112.788 Z8.2 F7200
G1 X123.698 Y114 Z8.2
G1 Z7.8
G1 E.8 F1800
G1 F2590
G1 X125.326 Y114 E.05401
G1 X134 Y105.326 E.40694
G1 X134 Y102.217 E.10312
G1 X122.217 Y114 E.55278
G1 X119.108 Y114 E.10312
M73 P48 R13
G1 X134 Y99.108 E.69862
G1 X134 Y96 E.10312
M73 P49 R13
G1 X116 Y114 E.84446
G1 X116 Y110.892 E.10312
G1 X130.892 Y96 E.69862
G1 X127.783 Y96 E.10312
G1 X116 Y107.783 E.55278
G1 X116 Y104.674 E.10312
G1 X124.674 Y96 E.40694
G1 X121.565 Y96 E.10312
G1 X116 Y101.565 E.2611
G1 X116 Y98.457 E.10312
G1 X118.457 Y96 E.11527
G1 X116.828 Y96 E.05401
; stop printing object cube.stl id:0 copy 0
;LAYER_CHANGE
;Z:8
;HEIGHT:0.2
;BEFORE_LAYER_CHANGE
G92 E0.0
;8
M201 X4000 Y4000
M74 W0
;AFTER_LAYER_CHANGE
;8
;_SET_FAN_SPEED_CHANGING_LAYER
; printing object cube.stl id:0 copy 0
G1 E-.8 F1800
G1 X122.099 Y101.52 Z8.4 F7200
G1 X134.346 Y114.346 Z8.4
G1 Z8
G1 E.8 F1800
M204 P4000
;TYPE:Inner wall
;WIDTH:0.449999
G1 F2590
G1 X115.654 Y114.346 E.62008
G1 X115.654 Y95.654 E.62008
G1 X134.346 Y95.654 E.62008
G1 X134.346 Y114.306 E.61875
M204 T500
G1 X134.775 Y114.775 F7200
M204 P500
;TYPE:Outer wall
G1 F2590
G1 X115.225 Y114.775 E.64851
G1 X115.225 Y95.225 E.64851
G1 X134.775 Y95.225 E.64851
G1 X134.775 Y114.735 E.64718
M204 T4000
G1 X134 Y113.172 F7200
;TYPE:Sparse infill
;WIDTH:0.45
G1 F2590
G1 X134 Y111.543 E.05401
G1 X131.543 Y114 E.11527
G1 X128.435 Y114 E.10312
G1 X134 Y108.435 E.2611
G1 X134 Y110.063 E.05401
G1 E-.8 F1800
G1 X126.871 Y112.788 Z8.4 F7200
G1 X123.698 Y114 Z8.4
G1 Z8
G1 E.8 F1800
G1 F2590
G1 X125.326 Y114 E.05401
G1 X134 Y105.326 E.40694
G1 X134 Y102.217 E.10312
G1 X122.217 Y114 E.55278
G1 X119.108 Y114 E.10312
G1 X134 Y99.108 E.69862
G1 X134 Y96 E.10312
G1 X116 Y114 E.84446
G1 X116 Y110.892 E.10312
G1 X130.892 Y96 E.69862
G1 X127.783 Y96 E.10312
G1 X116 Y107.783 E.55278
G1 X116 Y104.674 E.10312
G1 X124.674 Y96 E.40694
G1 X121.565 Y96 E.10312
G1 X116 Y101.565 E.2611
G1 X116 Y98.457 E.10312
G1 X118.457 Y96 E.11527
G1 X116.828 Y96 E.05401
; stop printing object cube.stl id:0 copy 0
;LAYER_CHANGE
;Z:8.2
;HEIGHT:0.2
;BEFORE_LAYER_CHANGE
G92 E0.0
;8.2
M201 X4000 Y4000
M74 W0
;AFTER_LAYER_CHANGE
;8.2
;_SET_FAN_SPEED_CHANGING_LAYER
; printing object cube.stl id:0 copy 0
G1 E-.8 F1800
G1 X122.099 Y101.52 Z8.6 F7200
G1 X134.346 Y114.346 Z8.6
G1 Z8.2
G1 E.8 F1800
M204 P4000
;TYPE:Inner wall
;WIDTH:0.449999
G1 F2590
G1 X115.654 Y114.346 E.62008
G1 X115.654 Y95.654 E.62008
G1 X134.346 Y95.654 E.62008
G1 X134.346 Y114.306 E.61875
M204 T500
G1 X134.775 Y114.775 F7200
M204 P500
;TYPE:Outer wall
G1 F2590
G1 X115.225 Y114.775 E.64851
G1 X115.225 Y95.225 E.64851
M73 P50 R13
G1 X134.775 Y95.225 E.64851
G1 X134.775 Y114.735 E.64718
M204 T4000
G1 X134 Y113.172 F7200
;TYPE:Sparse infill
;WIDTH:0.45
G1 F2590
G1 X134 Y111.543 E.05401
G1 X131.543 Y114 E.11527
G1 X128.435 Y114 E.10312
G1 X134 Y108.435 E.2611
G1 X134 Y110.063 E.05401
G1 E-.8 F1800
G1 X126.871 Y112.788 Z8.6 F7200
G1 X123.698 Y114 Z8.6
G1 Z8.2
G1 E.8 F1800
G1 F2590
G1 X125.326 Y114 E.05401
G1 X134 Y105.326 E.40694
G1 X134 Y102.217 E.10312
G1 X122.217 Y114 E.55278
G1 X119.108 Y114 E.10312
G1 X134 Y99.108 E.69862
G1 X134 Y96 E.10312
G1 X116 Y114 E.84446
G1 X116 Y110.892 E.10312
G1 X130.892 Y96 E.69862
G1 X127.783 Y96 E.10312
G1 X116 Y107.783 E.55278
G1 X116 Y104.674 E.10312
G1 X124.674 Y96 E.40694
G1 X121.565 Y96 E.10312
G1 X116 Y101.565 E.2611
G1 X116 Y98.457 E.10312
G1 X118.457 Y96 E.11527
G1 X116.828 Y96 E.05401
; stop printing object cube.stl id:0 copy 0
;LAYER_CHANGE
;Z:8.4
;HEIGHT:0.2
;BEFORE_LAYER_CHANGE
G92 E0.0
;8.4
M201 X4000 Y4000
M74 W0
;AFTER_LAYER_CHANGE
;8.4
;_SET_FAN_SPEED_CHANGING_LAYER
; printing object cube.stl id:0 copy 0
G1 E-.8 F1800
G1 X122.099 Y101.52 Z8.8 F7200
G1 X134.346 Y114.346 Z8.8
G1 Z8.4
G1 E.8 F1800
M204 P4000
;TYPE:Inner wall
;WIDTH:0.449999
G1 F2590
G1 X115.654 Y114.346 E.62008
G1 X115.654 Y95.654 E.62008
G1 X134.346 Y95.654 E.62008
G1 X134.346 Y114.306 E.61875
M204 T500
G1 X134.775 Y114.775 F7200
M204 P500
;TYPE:Outer wall
G1 F2590
G1 X115.225 Y114.775 E.64851
G1 X115.225 Y95.225 E.64851
G1 X134.775 Y95.225 E.64851
G1 X134.775 Y114.735 E.64718
M204 T4000
G1 X134 Y113.172 F7200
;TYPE:Sparse infill
;WIDTH:0.45
G1 F2590
G1 X134 Y111.543 E.05401
G1 X131.543 Y114 E.11527
G1 X128.435 Y114 E.10312
G1 X134 Y108.435 E.2611
G1 X134 Y110.063 E.05401
G1 E-.8 F1800
G1 X126.871 Y112.788 Z8.8 F7200
G1 X123.698 Y114 Z8.8
G1 Z8.4
G1 E.8 F1800
G1 F2590
G1 X125.326 Y114 E.05401
G1 X134 Y105.326 E.40694
G1 X134 Y102.217 E.10312
G1 X122.217 Y114 E.55278
G1 X119.108 Y114 E.10312
G1 X134 Y99.108 E.69862
G1 X134 Y96 E.10312
G1 X116 Y114 E.84446
G1 X116 Y110.892 E.10312
G1 X130.892 Y96 E.69862
G1 X127.783 Y96 E.10312
M73 P51 R13
G1 X116 Y107.783 E.55278
G1 X116 Y104.674 E.10312
G1 X124.674 Y96 E.40694
G1 X121.565 Y96 E.10312
G1 X116 Y101.565 E.2611
G1 X116 Y98.457 E.10312
G1 X118.457 Y96 E.11527
G1 X116.828 Y96 E.05401
; stop printing object cube.stl id:0 copy 0
;LAYER_CHANGE
;Z:8.6
;HEIGHT:0.200001
;BEFORE_LAYER_CHANGE
G92 E0.0
;8.6
M201 X4000 Y4000
M74 W0
;AFTER_LAYER_CHANGE
;8.6
;_SET_FAN_SPEED_CHANGING_LAYER
; printing object cube.stl id:0 copy 0
G1 E-.8 F1800
G1 X122.099 Y101.52 Z9 F7200
G1 X134.346 Y114.346 Z9
G1 Z8.6
G1 E.8 F1800
M204 P4000
;TYPE:Inner wall
;WIDTH:0.449999
G1 F2590
G1 X115.654 Y114.346 E.62008
G1 X115.654 Y95.654 E.62008
G1 X134.346 Y95.654 E.62008
G1 X134.346 Y114.306 E.61875
M204 T500
G1 X134.775 Y114.775 F7200
M204 P500
;TYPE:Outer wall
G1 F2590
G1 X115.225 Y114.775 E.64851
G1 X115.225 Y95.225 E.64851
G1 X134.775 Y95.225 E.64851
G1 X134.775 Y114.735 E.64718
M204 T4000
G1 X134 Y113.172 F7200
;TYPE:Sparse infill
;WIDTH:0.45
G1 F2590
G1 X134 Y111.543 E.05401
G1 X131.543 Y114 E.11527
G1 X128.435 Y114 E.10312
G1 X134 Y108.435 E.2611
G1 X134 Y110.063 E.05401
G1 E-.8 F1800
G1 X126.871 Y112.788 Z9 F7200
G1 X123.698 Y114 Z9
G1 Z8.6
G1 E.8 F1800
G1 F2590
G1 X125.326 Y114 E.05401
G1 X134 Y105.326 E.40694
G1 X134 Y102.217 E.10312
G1 X122.217 Y114 E.55278
G1 X119.108 Y114 E.10312
G1 X134 Y99.108 E.69862
G1 X134 Y96 E.10312
G1 X116 Y114 E.84446
G1 X116 Y110.892 E.10312
G1 X130.892 Y96 E.69862
G1 X127.783 Y96 E.10312
G1 X116 Y107.783 E.55278
G1 X116 Y104.674 E.10312
G1 X124.674 Y96 E.40694
G1 X121.565 Y96 E.10312
G1 X116 Y101.565 E.2611
G1 X116 Y98.457 E.10312
G1 X118.457 Y96 E.11527
G1 X116.828 Y96 E.05401
; stop printing object cube.stl id:0 copy 0
;LAYER_CHANGE
;Z:8.8
;HEIGHT:0.2
;BEFORE_LAYER_CHANGE
G92 E0.0
;8.8
M201 X4000 Y4000
M74 W0
;AFTER_LAYER_CHANGE
;8.8
;_SET_FAN_SPEED_CHANGING_LAYER
; printing object cube.stl id:0 copy 0
G1 E-.8 F1800
G1 X122.099 Y101.52 Z9.2 F7200
G1 X134.346 Y114.346 Z9.2
G1 Z8.8
G1 E.8 F1800
M204 P4000
;TYPE:Inner wall
;WIDTH:0.449999
G1 F2590
G1 X115.654 Y114.346 E.62008
G1 X115.654 Y95.654 E.62008
G1 X134.346 Y95.654 E.62008
G1 X134.346 Y114.306 E.61875
M204 T500
G1 X134.775 Y114.775 F7200
M204 P500
;TYPE:Outer wall
G1 F2590
G1 X115.225 Y114.775 E.64851
G1 X115.225 Y95.225 E.64851
G1 X134.775 Y95.225 E.64851
G1 X134.775 Y114.735 E.64718
M73 P52 R13
M204 T4000
G1 X134 Y113.172 F7200
;TYPE:Sparse infill
;WIDTH:0.45
G1 F2590
G1 X134 Y111.543 E.05401
G1 X131.543 Y114 E.11527
G1 X128.435 Y114 E.10312
G1 X134 Y108.435 E.2611
G1 X134 Y110.063 E.05401
G1 E-.8 F1800
G1 X126.871 Y112.788 Z9.2 F7200
G1 X123.698 Y114 Z9.2
G1 Z8.8
G1 E.8 F1800
G1 F2590
G1 X125.326 Y114 E.05401
G1 X134 Y105.326 E.40694
G1 X134 Y102.217 E.10312
G1 X122.217 Y114 E.55278
G1 X119.108 Y114 E.10312
G1 X134 Y99.108 E.69862
G1 X134 Y96 E.10312
G1 X116 Y114 E.84446
G1 X116 Y110.892 E.10312
G1 X130.892 Y96 E.69862
G1 X127.783 Y96 E.10312
G1 X116 Y107.783 E.55278
G1 X116 Y104.674 E.10312
G1 X124.674 Y96 E.40694
G1 X121.565 Y96 E.10312
G1 X116 Y101.565 E.2611
G1 X116 Y98.457 E.10312
G1 X118.457 Y96 E.11527
G1 X116.828 Y96 E.05401
; stop printing object cube.stl id:0 copy 0
;LAYER_CHANGE
;Z:9
;HEIGHT:0.2
;BEFORE_LAYER_CHANGE
G92 E0.0
;9
M201 X4000 Y4000
M74 W0
;AFTER_LAYER_CHANGE
;9
;_SET_FAN_SPEED_CHANGING_LAYER
; printing object cube.stl id:0 copy 0
G1 E-.8 F1800
G1 X122.099 Y101.52 Z9.4 F7200
G1 X134.346 Y114.346 Z9.4
G1 Z9
G1 E.8 F1800
M204 P4000
;TYPE:Inner wall
;WIDTH:0.449999
G1 F2560
G1 X115.654 Y114.346 E.62008
G1 X115.654 Y95.654 E.62008
G1 X134.346 Y95.654 E.62008
G1 X134.346 Y114.306 E.61875
M204 T500
G1 X134.775 Y114.775 F7200
M204 P500
;TYPE:Outer wall
G1 F2560
G1 X115.225 Y114.775 E.64851
G1 X115.225 Y95.225 E.64851
G1 X134.775 Y95.225 E.64851
M73 P52 R12
G1 X134.775 Y114.735 E.64718
M204 T4000
G1 X133.026 Y114 F7200
;TYPE:Sparse infill
;WIDTH:0.45
G1 F2560
G1 X131.397 Y114 E.05401
G1 X131.646 Y113.549 E.0171
G1 X131.995 Y113.201 E.01635
G1 X133.549 Y112.343 E.05889
G1 X133.898 Y111.995 E.01635
G1 X134 Y111.808 E.00707
G1 X134 Y108.699 E.10312
G1 X133.898 Y108.886 E.00707
G1 X133.549 Y109.234 E.01635
G1 X131.995 Y110.092 E.05889
G1 X131.646 Y110.44 E.01635
G1 X130.789 Y111.995 E.05889
G1 X130.44 Y112.343 E.01635
G1 X128.886 Y113.201 E.05889
G1 X128.538 Y113.549 E.01635
G1 X128.289 Y114 E.0171
G1 X125.18 Y114 E.10312
G1 X125.429 Y113.549 E.0171
G1 X125.777 Y113.201 E.01635
G1 X127.332 Y112.343 E.05889
G1 X127.68 Y111.995 E.01635
G1 X128.538 Y110.44 E.05889
G1 X128.886 Y110.092 E.01635
G1 X130.44 Y109.234 E.05889
G1 X130.789 Y108.886 E.01635
G1 X131.646 Y107.332 E.05889
G1 X131.995 Y106.983 E.01635
G1 X133.549 Y106.126 E.05889
G1 X133.898 Y105.777 E.01635
G1 X134 Y105.591 E.00707
G1 X134 Y102.482 E.10312
G1 X133.898 Y102.668 E.00707
G1 X133.549 Y103.017 E.01635
G1 X131.995 Y103.874 E.05889
G1 X131.646 Y104.223 E.01635
G1 X130.789 Y105.777 E.05889
G1 X130.44 Y106.126 E.01635
G1 X128.886 Y106.983 E.05889
G1 X128.538 Y107.332 E.01635
G1 X127.68 Y108.886 E.05889
G1 X127.332 Y109.234 E.01635
G1 X125.777 Y110.092 E.05889
G1 X125.429 Y110.44 E.01635
G1 X124.571 Y111.995 E.05889
G1 X124.223 Y112.343 E.01635
G1 X122.668 Y113.201 E.05889
G1 X122.32 Y113.549 E.01635
G1 X122.071 Y114 E.0171
G1 X118.962 Y114 E.10312
G1 X119.211 Y113.549 E.0171
G1 X119.56 Y113.201 E.01635
G1 X121.114 Y112.343 E.05889
G1 X121.462 Y111.995 E.01635
G1 X122.32 Y110.44 E.05889
G1 X122.668 Y110.092 E.01635
G1 X124.223 Y109.234 E.05889
G1 X124.571 Y108.886 E.01635
G1 X125.429 Y107.332 E.05889
G1 X125.777 Y106.983 E.01635
G1 X127.332 Y106.126 E.05889
G1 X127.68 Y105.777 E.01635
G1 X128.538 Y104.223 E.05889
G1 X128.886 Y103.874 E.01635
G1 X130.44 Y103.017 E.05889
G1 X130.789 Y102.668 E.01635
G1 X131.646 Y101.114 E.05889
G1 X131.995 Y100.766 E.01635
G1 X133.549 Y99.908 E.05889
G1 X133.898 Y99.56 E.01635
G1 X134 Y99.373 E.00707
G1 X134 Y96.264 E.10312
G1 X133.898 Y96.451 E.00707
G1 X133.549 Y96.799 E.01635
G1 X131.995 Y97.657 E.05889
G1 X131.646 Y98.005 E.01635
G1 X130.789 Y99.56 E.05889
G1 X130.44 Y99.908 E.01635
G1 X128.886 Y100.766 E.05889
G1 X128.538 Y101.114 E.01635
G1 X127.68 Y102.668 E.05889
G1 X127.332 Y103.017 E.01635
G1 X125.777 Y103.874 E.05889
G1 X125.429 Y104.223 E.01635
G1 X124.571 Y105.777 E.05889
G1 X124.223 Y106.126 E.01635
G1 X122.668 Y106.983 E.05889
G1 X122.32 Y107.332 E.01635
G1 X121.462 Y108.886 E.05889
G1 X121.114 Y109.234 E.01635
M73 P53 R12
G1 X119.56 Y110.092 E.05889
G1 X119.211 Y110.44 E.01635
G1 X118.354 Y111.995 E.05889
G1 X118.005 Y112.343 E.01635
G1 X116.451 Y113.201 E.05889
G1 X116.102 Y113.549 E.01635
G1 X116 Y113.736 E.00707
G1 X116 Y110.627 E.10312
G1 X116.102 Y110.44 E.00707
G1 X116.451 Y110.092 E.01635
G1 X118.005 Y109.234 E.05889
G1 X118.354 Y108.886 E.01635
G1 X119.211 Y107.332 E.05889
G1 X119.56 Y106.983 E.01635
G1 X121.114 Y106.126 E.05889
G1 X121.462 Y105.777 E.01635
G1 X122.32 Y104.223 E.05889
G1 X122.668 Y103.874 E.01635
G1 X124.223 Y103.017 E.05889
G1 X124.571 Y102.668 E.01635
G1 X125.429 Y101.114 E.05889
G1 X125.777 Y100.766 E.01635
G1 X127.332 Y99.908 E.05889
G1 X127.68 Y99.56 E.01635
G1 X128.538 Y98.005 E.05889
G1 X128.886 Y97.657 E.01635
G1 X130.44 Y96.799 E.05889
G1 X130.789 Y96.451 E.01635
G1 X131.038 Y96 E.0171
G1 X127.929 Y96 E.10312
G1 X127.68 Y96.451 E.0171
G1 X127.332 Y96.799 E.01635
G1 X125.777 Y97.657 E.05889
G1 X125.429 Y98.005 E.01635
G1 X124.571 Y99.56 E.05889
G1 X124.223 Y99.908 E.01635
G1 X122.668 Y100.766 E.05889
G1 X122.32 Y101.114 E.01635
G1 X121.462 Y102.668 E.05889
G1 X121.114 Y103.017 E.01635
G1 X119.56 Y103.874 E.05889
G1 X119.211 Y104.223 E.01635
G1 X118.354 Y105.777 E.05889
G1 X118.005 Y106.126 E.01635
G1 X116.451 Y106.983 E.05889
G1 X116.102 Y107.332 E.01635
G1 X116 Y107.518 E.00707
G1 X116 Y104.409 E.10312
G1 X116.102 Y104.223 E.00707
G1 X116.451 Y103.874 E.01635
G1 X118.005 Y103.017 E.05889
G1 X118.354 Y102.668 E.01635
G1 X119.211 Y101.114 E.05889
G1 X119.56 Y100.766 E.01635
G1 X121.114 Y99.908 E.05889
G1 X121.462 Y99.56 E.01635
G1 X122.32 Y98.005 E.05889
G1 X122.668 Y97.657 E.01635
G1 X124.223 Y96.799 E.05889
G1 X124.571 Y96.451 E.01635
G1 X124.82 Y96 E.0171
G1 X121.711 Y96 E.10312
G1 X121.462 Y96.451 E.0171
G1 X121.114 Y96.799 E.01635
G1 X119.56 Y97.657 E.05889
G1 X119.211 Y98.005 E.01635
G1 X118.354 Y99.56 E.05889
G1 X118.005 Y99.908 E.01635
G1 X116.451 Y100.766 E.05889
G1 X116.102 Y101.114 E.01635
G1 X116 Y101.301 E.00707
G1 X116 Y98.192 E.10312
G1 X116.102 Y98.005 E.00707
G1 X116.451 Y97.657 E.01635
G1 X118.005 Y96.799 E.05889
G1 X118.354 Y96.451 E.01635
G1 X118.603 Y96 E.0171
G1 X116.974 Y96 E.05401
; stop printing object cube.stl id:0 copy 0
;LAYER_CHANGE
;Z:9.2
;HEIGHT:0.2
;BEFORE_LAYER_CHANGE
G92 E0.0
;9.2
M201 X4000 Y4000
M74 W0
;AFTER_LAYER_CHANGE
;9.2
;_SET_FAN_SPEED_CHANGING_LAYER
; printing object cube.stl id:0 copy 0
G1 E-.8 F1800
G1 X122.222 Y101.542 Z9.6 F7200
G1 X134.346 Y114.346 Z9.6
G1 Z9.2
G1 E.8 F1800
M204 P4000
;TYPE:Inner wall
;WIDTH:0.449999
G1 F2733
G1 X115.654 Y114.346 E.62008
G1 X115.654 Y95.654 E.62008
G1 X134.346 Y95.654 E.62008
G1 X134.346 Y114.306 E.61875
M204 T500
G1 X134.775 Y114.775 F7200
M204 P500
;TYPE:Outer wall
G1 F2733
G1 X115.225 Y114.775 E.64851
G1 X115.225 Y95.225 E.64851
G1 X134.775 Y95.225 E.64851
G1 X134.775 Y114.735 E.64718
M204 T4000
G1 X134 Y113.874 F7200
;TYPE:Sparse infill
;WIDTH:0.45
G1 F2733
G1 X134 Y112.245 E.05401
G1 X133.549 Y112.697 E.02117
G1 X131.995 Y112.847 E.0518
G1 X131.293 Y113.549 E.03293
G1 X131.249 Y114 E.01504
G1 X128.14 Y114 E.10312
G1 X128.184 Y113.549 E.01504
G1 X128.886 Y112.847 E.03293
G1 X130.44 Y112.697 E.0518
G1 X131.142 Y111.995 E.03293
G1 X131.293 Y110.44 E.0518
G1 X131.995 Y109.738 E.03293
G1 X133.549 Y109.588 E.0518
G1 X134 Y109.137 E.02117
G1 X134 Y110.765 E.05401
G1 E-.8 F1800
G1 X126.701 Y112.994 Z9.6 F7200
G1 X123.403 Y114 Z9.6
G1 Z9.2
G1 E.8 F1800
G1 F2733
G1 X125.032 Y114 E.05401
G1 X125.075 Y113.549 E.01504
G1 X125.777 Y112.847 E.03293
G1 X127.332 Y112.697 E.0518
G1 X128.034 Y111.995 E.03293
G1 X128.184 Y110.44 E.0518
G1 X128.886 Y109.738 E.03293
G1 X130.44 Y109.588 E.0518
G1 X131.142 Y108.886 E.03293
G1 X131.293 Y107.332 E.0518
G1 X131.995 Y106.63 E.03293
G1 X133.549 Y106.479 E.0518
G1 X134 Y106.028 E.02117
G1 X134 Y102.919 E.10312
G1 X133.549 Y103.37 E.02117
G1 X131.995 Y103.521 E.0518
G1 X131.293 Y104.223 E.03293
G1 X131.142 Y105.777 E.0518
G1 X130.44 Y106.479 E.03293
G1 X128.886 Y106.63 E.0518
G1 X128.184 Y107.332 E.03293
G1 X128.034 Y108.886 E.0518
G1 X127.332 Y109.588 E.03293
G1 X125.777 Y109.738 E.0518
G1 X125.075 Y110.44 E.03293
G1 X124.925 Y111.995 E.0518
G1 X124.223 Y112.697 E.03293
G1 X122.668 Y112.847 E.0518
G1 X121.966 Y113.549 E.03293
G1 X121.923 Y114 E.01504
G1 X118.814 Y114 E.10312
G1 X118.858 Y113.549 E.01504
G1 X119.56 Y112.847 E.03293
G1 X121.114 Y112.697 E.0518
G1 X121.816 Y111.995 E.03293
G1 X121.966 Y110.44 E.0518
G1 X122.668 Y109.738 E.03293
G1 X124.223 Y109.588 E.0518
G1 X124.925 Y108.886 E.03293
G1 X125.075 Y107.332 E.0518
G1 X125.777 Y106.63 E.03293
G1 X127.332 Y106.479 E.0518
G1 X128.034 Y105.777 E.03293
G1 X128.184 Y104.223 E.0518
G1 X128.886 Y103.521 E.03293
G1 X130.44 Y103.37 E.0518
G1 X131.142 Y102.668 E.03293
G1 X131.293 Y101.114 E.0518
G1 X131.995 Y100.412 E.03293
G1 X133.549 Y100.262 E.0518
G1 X134 Y99.81 E.02117
G1 X134 Y96.702 E.10312
G1 X133.549 Y97.153 E.02117
G1 X131.995 Y97.303 E.0518
G1 X131.293 Y98.005 E.03293
G1 X131.142 Y99.56 E.0518
G1 X130.44 Y100.262 E.03293
G1 X128.886 Y100.412 E.0518
G1 X128.184 Y101.114 E.03293
G1 X128.034 Y102.668 E.0518
G1 X127.332 Y103.37 E.03293
G1 X125.777 Y103.521 E.0518
G1 X125.075 Y104.223 E.03293
G1 X124.925 Y105.777 E.0518
G1 X124.223 Y106.479 E.03293
G1 X122.668 Y106.63 E.0518
G1 X121.966 Y107.332 E.03293
G1 X121.816 Y108.886 E.0518
G1 X121.114 Y109.588 E.03293
G1 X119.56 Y109.738 E.0518
G1 X118.858 Y110.44 E.03293
G1 X118.707 Y111.995 E.0518
G1 X118.005 Y112.697 E.03293
G1 X116.451 Y112.847 E.0518
G1 X116 Y113.298 E.02117
G1 X116 Y110.19 E.10312
G1 X116.451 Y109.738 E.02117
M73 P54 R12
G1 X118.005 Y109.588 E.0518
G1 X118.707 Y108.886 E.03293
G1 X118.858 Y107.332 E.0518
G1 X119.56 Y106.63 E.03293
G1 X121.114 Y106.479 E.0518
G1 X121.816 Y105.777 E.03293
G1 X121.966 Y104.223 E.0518
G1 X122.668 Y103.521 E.03293
G1 X124.223 Y103.37 E.0518
G1 X124.925 Y102.668 E.03293
G1 X125.075 Y101.114 E.0518
G1 X125.777 Y100.412 E.03293
G1 X127.332 Y100.262 E.0518
G1 X128.034 Y99.56 E.03293
G1 X128.184 Y98.005 E.0518
G1 X128.886 Y97.303 E.03293
G1 X130.44 Y97.153 E.0518
G1 X131.142 Y96.451 E.03293
G1 X131.186 Y96 E.01504
G1 X128.077 Y96 E.10312
G1 X128.034 Y96.451 E.01504
G1 X127.332 Y97.153 E.03293
G1 X125.777 Y97.303 E.0518
G1 X125.075 Y98.005 E.03293
G1 X124.925 Y99.56 E.0518
G1 X124.223 Y100.262 E.03293
G1 X122.668 Y100.412 E.0518
G1 X121.966 Y101.114 E.03293
G1 X121.816 Y102.668 E.0518
G1 X121.114 Y103.37 E.03293
G1 X119.56 Y103.521 E.0518
G1 X118.858 Y104.223 E.03293
G1 X118.707 Y105.777 E.0518
G1 X118.005 Y106.479 E.03293
G1 X116.451 Y106.63 E.0518
G1 X116 Y107.081 E.02117
G1 X116 Y103.972 E.10312
G1 X116.451 Y103.521 E.02117
G1 X118.005 Y103.37 E.0518
G1 X118.707 Y102.668 E.03293
G1 X118.858 Y101.114 E.0518
G1 X119.56 Y100.412 E.03293
G1 X121.114 Y100.262 E.0518
G1 X121.816 Y99.56 E.03293
G1 X121.966 Y98.005 E.0518
G1 X122.668 Y97.303 E.03293
G1 X124.223 Y97.153 E.0518
G1 X124.925 Y96.451 E.03293
G1 X124.968 Y96 E.01504
G1 X121.86 Y96 E.10312
G1 X121.816 Y96.451 E.01504
G1 X121.114 Y97.153 E.03293
G1 X119.56 Y97.303 E.0518
G1 X118.858 Y98.005 E.03293
G1 X118.707 Y99.56 E.0518
G1 X118.005 Y100.262 E.03293
G1 X116.451 Y100.412 E.0518
G1 X116 Y100.863 E.02117
G1 X116 Y97.755 E.10312
G1 X116.451 Y97.303 E.02117
G1 X118.005 Y97.153 E.0518
G1 X118.707 Y96.451 E.03293
G1 X118.751 Y96 E.01504
G1 X117.123 Y96 E.05401
; stop printing object cube.stl id:0 copy 0
;LAYER_CHANGE
;Z:9.4
;HEIGHT:0.2
;BEFORE_LAYER_CHANGE
G92 E0.0
;9.4
M201 X4000 Y4000
M74 W0
;AFTER_LAYER_CHANGE
;9.4
;_SET_FAN_SPEED_CHANGING_LAYER
; printing object cube.stl id:0 copy 0
G1 E-.8 F1800
G1 X122.347 Y101.564 Z9.8 F7200
G1 X134.346 Y114.346 Z9.8
G1 Z9.4
G1 E.8 F1800
M204 P4000
;TYPE:Inner wall
;WIDTH:0.449999
G1 F2912
G1 X115.654 Y114.346 E.62008
G1 X115.654 Y95.654 E.62008
G1 X134.346 Y95.654 E.62008
G1 X134.346 Y114.306 E.61875
M204 T500
G1 X134.775 Y114.775 F7200
M204 P500
;TYPE:Outer wall
G1 F2912
G1 X115.225 Y114.775 E.64851
G1 X115.225 Y95.225 E.64851
G1 X134.775 Y95.225 E.64851
G1 X134.775 Y114.735 E.64718
M204 T4000
G1 X133.182 Y114 F7200
;TYPE:Sparse infill
;WIDTH:0.45
G1 F2912
G1 X134 Y114 E.02715
G1 X134 Y113.191 E.02686
G1 X133.549 Y112.739 E.02117
G1 X131.995 Y112.804 E.05161
G1 X131.185 Y111.995 E.03799
G1 X131.25 Y110.44 E.05161
G1 X130.44 Y109.631 E.03799
G1 X128.886 Y109.696 E.05161
G1 X128.076 Y108.886 E.03799
G1 X128.141 Y107.332 E.05161
G1 X127.332 Y106.522 E.03799
G1 X125.777 Y106.587 E.05161
G1 X124.967 Y105.777 E.03799
G1 X125.033 Y104.223 E.05161
G1 X124.223 Y103.413 E.03799
G1 X122.668 Y103.478 E.05161
G1 X121.859 Y102.668 E.03799
G1 X121.924 Y101.114 E.05161
G1 X121.114 Y100.304 E.03799
G1 X119.56 Y100.369 E.05161
G1 X118.75 Y99.56 E.03799
G1 X118.815 Y98.005 E.05161
G1 X118.005 Y97.196 E.03799
G1 X116.451 Y97.261 E.05161
G1 X116 Y96.809 E.02117
G1 X116 Y99.918 E.10312
G1 X116.451 Y100.369 E.02117
G1 X118.005 Y100.304 E.05161
G1 X118.815 Y101.114 E.03799
G1 X118.75 Y102.668 E.05161
G1 X119.56 Y103.478 E.03799
G1 X121.114 Y103.413 E.05161
G1 X121.924 Y104.223 E.03799
G1 X121.859 Y105.777 E.05161
G1 X122.668 Y106.587 E.03799
G1 X124.223 Y106.522 E.05161
G1 X125.033 Y107.332 E.03799
G1 X124.967 Y108.886 E.05161
G1 X125.777 Y109.696 E.03799
G1 X127.332 Y109.631 E.05161
G1 X128.141 Y110.44 E.03799
G1 X128.076 Y111.995 E.05161
G1 X128.886 Y112.804 E.03799
G1 X130.44 Y112.739 E.05161
G1 X131.25 Y113.549 E.03799
G1 X131.231 Y114 E.01498
G1 X128.122 Y114 E.10312
G1 X128.141 Y113.549 E.01498
G1 X127.332 Y112.739 E.03799
G1 X125.777 Y112.804 E.05161
G1 X124.967 Y111.995 E.03799
G1 X125.033 Y110.44 E.05161
G1 X124.223 Y109.631 E.03799
G1 X122.668 Y109.696 E.05161
G1 X121.859 Y108.886 E.03799
G1 X121.924 Y107.332 E.05161
G1 X121.114 Y106.522 E.03799
G1 X119.56 Y106.587 E.05161
G1 X118.75 Y105.777 E.03799
G1 X118.815 Y104.223 E.05161
G1 X118.005 Y103.413 E.03799
G1 X116.451 Y103.478 E.05161
G1 X116 Y103.027 E.02117
G1 X116 Y101.398 E.05401
G1 E-.8 F1800
G1 X117.141 Y96 Z9.8 F7200
G1 Z9.4
G1 E.8 F1800
G1 F2912
G1 X118.769 Y96 E.05401
G1 X118.75 Y96.451 E.01498
G1 X119.56 Y97.261 E.03799
G1 X121.114 Y97.196 E.05161
G1 X121.924 Y98.005 E.03799
G1 X121.859 Y99.56 E.05161
G1 X122.668 Y100.369 E.03799
G1 X124.223 Y100.304 E.05161
G1 X125.033 Y101.114 E.03799
G1 X124.967 Y102.668 E.05161
G1 X125.777 Y103.478 E.03799
G1 X127.332 Y103.413 E.05161
G1 X128.141 Y104.223 E.03799
G1 X128.076 Y105.777 E.05161
G1 X128.886 Y106.587 E.03799
G1 X130.44 Y106.522 E.05161
G1 X131.25 Y107.332 E.03799
G1 X131.185 Y108.886 E.05161
G1 X131.995 Y109.696 E.03799
M73 P55 R12
G1 X133.549 Y109.631 E.05161
G1 X134 Y110.082 E.02117
G1 X134 Y106.973 E.10312
G1 X133.549 Y106.522 E.02117
G1 X131.995 Y106.587 E.05161
G1 X131.185 Y105.777 E.03799
G1 X131.25 Y104.223 E.05161
G1 X130.44 Y103.413 E.03799
G1 X128.886 Y103.478 E.05161
G1 X128.076 Y102.668 E.03799
G1 X128.141 Y101.114 E.05161
G1 X127.332 Y100.304 E.03799
G1 X125.777 Y100.369 E.05161
G1 X124.967 Y99.56 E.03799
G1 X125.033 Y98.005 E.05161
G1 X124.223 Y97.196 E.03799
G1 X122.668 Y97.261 E.05161
G1 X121.859 Y96.451 E.03799
G1 X121.878 Y96 E.01498
G1 X123.506 Y96 E.05401
G1 E-.8 F1800
G1 X131.138 Y96 Z9.8 F7200
G1 X132.832 Y96 Z9.8
G1 Z9.4
G1 E.8 F1800
G1 F2912
G1 X131.204 Y96 E.05401
G1 X131.185 Y96.451 E.01498
G1 X131.995 Y97.261 E.03799
G1 X133.549 Y97.196 E.05161
G1 X134 Y97.647 E.02117
G1 X134 Y100.756 E.10312
G1 X133.549 Y100.304 E.02117
G1 X131.995 Y100.369 E.05161
G1 X131.185 Y99.56 E.03799
G1 X131.25 Y98.005 E.05161
G1 X130.44 Y97.196 E.03799
G1 X128.886 Y97.261 E.05161
G1 X128.076 Y96.451 E.03799
G1 X128.095 Y96 E.01498
G1 X124.986 Y96 E.10312
G1 X124.967 Y96.451 E.01498
G1 X125.777 Y97.261 E.03799
G1 X127.332 Y97.196 E.05161
G1 X128.141 Y98.005 E.03799
G1 X128.076 Y99.56 E.05161
G1 X128.886 Y100.369 E.03799
G1 X130.44 Y100.304 E.05161
G1 X131.25 Y101.114 E.03799
G1 X131.185 Y102.668 E.05161
G1 X131.995 Y103.478 E.03799
G1 X133.549 Y103.413 E.05161
G1 X134 Y103.864 E.02117
G1 X134 Y105.493 E.05401
G1 E-.8 F1800
G1 X128.045 Y110.266 Z9.8 F7200
G1 X123.385 Y114 Z9.8
G1 Z9.4
G1 E.8 F1800
G1 F2912
G1 X125.014 Y114 E.05401
G1 X125.033 Y113.549 E.01498
G1 X124.223 Y112.739 E.03799
G1 X122.668 Y112.804 E.05161
G1 X121.859 Y111.995 E.03799
G1 X121.924 Y110.44 E.05161
G1 X121.114 Y109.631 E.03799
G1 X119.56 Y109.696 E.05161
G1 X118.75 Y108.886 E.03799
G1 X118.815 Y107.332 E.05161
G1 X118.005 Y106.522 E.03799
G1 X116.451 Y106.587 E.05161
G1 X116 Y106.136 E.02117
G1 X116 Y109.244 E.10312
G1 X116.451 Y109.696 E.02117
G1 X118.005 Y109.631 E.05161
G1 X118.815 Y110.44 E.03799
G1 X118.75 Y111.995 E.05161
G1 X119.56 Y112.804 E.03799
G1 X121.114 Y112.739 E.05161
G1 X121.924 Y113.549 E.03799
G1 X121.905 Y114 E.01498
G1 X118.796 Y114 E.10312
G1 X118.815 Y113.549 E.01498
G1 X118.005 Y112.739 E.03799
G1 X116.451 Y112.804 E.05161
G1 X116 Y112.353 E.02117
G1 X116 Y113.981 E.05401
; stop printing object cube.stl id:0 copy 0
;LAYER_CHANGE
;Z:9.6
;HEIGHT:0.200001
;BEFORE_LAYER_CHANGE
G92 E0.0
;9.6
M201 X4000 Y4000
M74 W0
;AFTER_LAYER_CHANGE
;9.6
;_SET_FAN_SPEED_CHANGING_LAYER
; printing object cube.stl id:0 copy 0
G1 E-.8 F1800
G1 X123.631 Y114.133 Z10 F7200
G1 X134.346 Y114.346 Z10
G1 Z9.6
G1 E.8 F1800
M204 P4000
;TYPE:Inner wall
;WIDTH:0.449999
G1 F2647
G1 X115.654 Y114.346 E.62008
G1 X115.654 Y95.654 E.62008
G1 X134.346 Y95.654 E.62008
G1 X134.346 Y114.306 E.61875
M204 T500
G1 X134.775 Y114.775 F7200
M204 P500
;TYPE:Outer wall
G1 F2647
G1 X115.225 Y114.775 E.64851
G1 X115.225 Y95.225 E.64851
G1 X134.775 Y95.225 E.64851
G1 X134.775 Y114.735 E.64718
M204 T4000
G1 E-.8 F1800
G1 X134.453 Y107.109 Z10 F7200
G1 X134 Y96.372 Z10
G1 Z9.6
G1 E.8 F1800
;TYPE:Sparse infill
;WIDTH:0.45
G1 F2647
G1 X134 Y98 E.05401
G1 X133.549 Y97.549 E.02117
G1 X131.995 Y96.907 E.05579
G1 X131.539 Y96.451 E.0214
G1 X131.352 Y96 E.0162
G1 X128.243 Y96 E.10312
G1 X128.43 Y96.451 E.0162
G1 X128.886 Y96.907 E.0214
G1 X130.44 Y97.549 E.05579
G1 X130.897 Y98.005 E.0214
G1 X131.539 Y99.56 E.05579
G1 X131.995 Y100.016 E.0214
G1 X133.549 Y100.658 E.05579
G1 X134 Y101.109 E.02117
G1 X134 Y104.218 E.10312
G1 X133.549 Y103.767 E.02117
G1 X131.995 Y103.125 E.05579
G1 X131.539 Y102.668 E.0214
G1 X130.897 Y101.114 E.05579
G1 X130.44 Y100.658 E.0214
G1 X128.886 Y100.016 E.05579
G1 X128.43 Y99.56 E.0214
G1 X127.788 Y98.005 E.05579
G1 X127.332 Y97.549 E.0214
G1 X125.777 Y96.907 E.05579
G1 X125.321 Y96.451 E.0214
G1 X125.135 Y96 E.0162
G1 X122.026 Y96 E.10312
G1 X122.212 Y96.451 E.0162
G1 X122.668 Y96.907 E.0214
G1 X124.223 Y97.549 E.05579
G1 X124.679 Y98.005 E.0214
G1 X125.321 Y99.56 E.05579
G1 X125.777 Y100.016 E.0214
G1 X127.332 Y100.658 E.05579
G1 X127.788 Y101.114 E.0214
G1 X128.43 Y102.668 E.05579
G1 X128.886 Y103.125 E.0214
G1 X130.44 Y103.767 E.05579
G1 X130.897 Y104.223 E.0214
G1 X131.539 Y105.777 E.05579
G1 X131.995 Y106.233 E.0214
G1 X133.549 Y106.875 E.05579
G1 X134 Y107.327 E.02117
G1 X134 Y110.436 E.10312
G1 X133.549 Y109.984 E.02117
G1 X131.995 Y109.342 E.05579
G1 X131.539 Y108.886 E.0214
G1 X130.897 Y107.332 E.05579
G1 X130.44 Y106.875 E.0214
G1 X128.886 Y106.233 E.05579
G1 X128.43 Y105.777 E.0214
G1 X127.788 Y104.223 E.05579
G1 X127.332 Y103.767 E.0214
G1 X125.777 Y103.125 E.05579
G1 X125.321 Y102.668 E.0214
G1 X124.679 Y101.114 E.05579
G1 X124.223 Y100.658 E.0214
G1 X122.668 Y100.016 E.05579
G1 X122.212 Y99.56 E.0214
G1 X121.57 Y98.005 E.05579
G1 X121.114 Y97.549 E.0214
G1 X119.56 Y96.907 E.05579
G1 X119.103 Y96.451 E.0214
G1 X118.917 Y96 E.0162
G1 X116 Y96 E.09678
G1 X116 Y96.456 E.01513
G1 X116.451 Y96.907 E.02117
G1 X118.005 Y97.549 E.05579
G1 X118.461 Y98.005 E.0214
M73 P56 R12
G1 X119.103 Y99.56 E.05579
G1 X119.56 Y100.016 E.0214
G1 X121.114 Y100.658 E.05579
G1 X121.57 Y101.114 E.0214
G1 X122.212 Y102.668 E.05579
G1 X122.668 Y103.125 E.0214
G1 X124.223 Y103.767 E.05579
G1 X124.679 Y104.223 E.0214
G1 X125.321 Y105.777 E.05579
G1 X125.777 Y106.233 E.0214
G1 X127.332 Y106.875 E.05579
G1 X127.788 Y107.332 E.0214
G1 X128.43 Y108.886 E.05579
G1 X128.886 Y109.342 E.0214
G1 X130.44 Y109.984 E.05579
G1 X130.897 Y110.44 E.0214
G1 X131.539 Y111.995 E.05579
G1 X131.995 Y112.451 E.0214
G1 X133.549 Y113.093 E.05579
G1 X134 Y113.544 E.02117
G1 X134 Y114 E.01513
G1 X131.083 Y114 E.09678
G1 X130.897 Y113.549 E.0162
G1 X130.44 Y113.093 E.0214
G1 X128.886 Y112.451 E.05579
G1 X128.43 Y111.995 E.0214
G1 X127.788 Y110.44 E.05579
G1 X127.332 Y109.984 E.0214
G1 X125.777 Y109.342 E.05579
G1 X125.321 Y108.886 E.0214
G1 X124.679 Y107.332 E.05579
G1 X124.223 Y106.875 E.0214
G1 X122.668 Y106.233 E.05579
G1 X122.212 Y105.777 E.0214
G1 X121.57 Y104.223 E.05579
G1 X121.114 Y103.767 E.0214
G1 X119.56 Y103.125 E.05579
G1 X119.103 Y102.668 E.0214
G1 X118.461 Y101.114 E.05579
G1 X118.005 Y100.658 E.0214
G1 X116.451 Y100.016 E.05579
G1 X116 Y99.564 E.02117
G1 X116 Y102.673 E.10312
G1 X116.451 Y103.125 E.02117
G1 X118.005 Y103.767 E.05579
G1 X118.461 Y104.223 E.0214
G1 X119.103 Y105.777 E.05579
G1 X119.56 Y106.233 E.0214
G1 X121.114 Y106.875 E.05579
G1 X121.57 Y107.332 E.0214
G1 X122.212 Y108.886 E.05579
G1 X122.668 Y109.342 E.0214
G1 X124.223 Y109.984 E.05579
G1 X124.679 Y110.44 E.0214
G1 X125.321 Y111.995 E.05579
G1 X125.777 Y112.451 E.0214
G1 X127.332 Y113.093 E.05579
G1 X127.788 Y113.549 E.0214
G1 X127.974 Y114 E.0162
G1 X124.865 Y114 E.10312
G1 X124.679 Y113.549 E.0162
M73 P56 R11
G1 X124.223 Y113.093 E.0214
G1 X122.668 Y112.451 E.05579
G1 X122.212 Y111.995 E.0214
G1 X121.57 Y110.44 E.05579
G1 X121.114 Y109.984 E.0214
G1 X119.56 Y109.342 E.05579
G1 X119.103 Y108.886 E.0214
G1 X118.461 Y107.332 E.05579
G1 X118.005 Y106.875 E.0214
G1 X116.451 Y106.233 E.05579
G1 X116 Y105.782 E.02117
G1 X116 Y108.891 E.10312
G1 X116.451 Y109.342 E.02117
G1 X118.005 Y109.984 E.05579
G1 X118.461 Y110.44 E.0214
G1 X119.103 Y111.995 E.05579
G1 X119.56 Y112.451 E.0214
G1 X121.114 Y113.093 E.05579
G1 X121.57 Y113.549 E.0214
G1 X121.757 Y114 E.0162
G1 X118.648 Y114 E.10312
G1 X118.461 Y113.549 E.0162
G1 X118.005 Y113.093 E.0214
G1 X116.451 Y112.451 E.05579
G1 X116 Y112 E.02117
G1 X116 Y113.628 E.05401
; stop printing object cube.stl id:0 copy 0
;LAYER_CHANGE
;Z:9.8
;HEIGHT:0.2
;BEFORE_LAYER_CHANGE
G92 E0.0
;9.8
M201 X4000 Y4000
M74 W0
;AFTER_LAYER_CHANGE
;9.8
;_SET_FAN_SPEED_CHANGING_LAYER
; printing object cube.stl id:0 copy 0
G1 E-.8 F1800
G1 X123.626 Y113.927 Z10.2 F7200
G1 X134.346 Y114.346 Z10.2
G1 Z9.8
G1 E.8 F1800
M204 P4000
;TYPE:Inner wall
;WIDTH:0.449999
G1 F2598
G1 X115.654 Y114.346 E.62008
G1 X115.654 Y95.654 E.62008
G1 X134.346 Y95.654 E.62008
G1 X134.346 Y114.306 E.61875
M204 T500
G1 X134.775 Y114.775 F7200
M204 P500
;TYPE:Outer wall
G1 F2598
G1 X115.225 Y114.775 E.64851
G1 X115.225 Y95.225 E.64851
G1 X134.775 Y95.225 E.64851
G1 X134.775 Y114.735 E.64718
M204 T4000
G1 E-.8 F1800
G1 X134.445 Y107.11 Z10.2 F7200
G1 X134 Y96.828 Z10.2
G1 Z9.8
G1 E.8 F1800
;TYPE:Sparse infill
;WIDTH:0.45
G1 F2598
G1 X134 Y98.457 E.05401
G1 X131.543 Y96 E.11527
G1 X128.435 Y96 E.10312
G1 X134 Y101.565 E.2611
G1 X134 Y104.674 E.10312
G1 X125.326 Y96 E.40694
G1 X122.217 Y96 E.10312
G1 X134 Y107.783 E.55278
G1 X134 Y110.892 E.10312
G1 X119.108 Y96 E.69862
G1 X116 Y96 E.10312
G1 X134 Y114 E.84446
G1 X130.892 Y114 E.10312
G1 X116 Y99.108 E.69862
G1 X116 Y102.217 E.10312
G1 X127.783 Y114 E.55278
G1 X124.674 Y114 E.10312
G1 X116 Y105.326 E.40694
G1 X116 Y108.435 E.10312
G1 X121.565 Y114 E.2611
G1 X118.457 Y114 E.10312
G1 X116 Y111.543 E.11527
G1 X116 Y113.172 E.05401
M73 P57 R11
; stop printing object cube.stl id:0 copy 0
;LAYER_CHANGE
;Z:10
;HEIGHT:0.2
;BEFORE_LAYER_CHANGE
G92 E0.0
;10
M201 X4000 Y4000
M74 W0
;AFTER_LAYER_CHANGE
;10
;_SET_FAN_SPEED_CHANGING_LAYER
; printing object cube.stl id:0 copy 0
G1 E-.8 F1800
G1 X123.616 Y113.659 Z10.4 F7200
G1 X134.346 Y114.346 Z10.4
G1 Z10
G1 E.8 F1800
M204 P4000
;TYPE:Inner wall
;WIDTH:0.449999
G1 F2598
G1 X115.654 Y114.346 E.62008
G1 X115.654 Y95.654 E.62008
G1 X134.346 Y95.654 E.62008
G1 X134.346 Y114.306 E.61875
M204 T500
G1 X134.775 Y114.775 F7200
M204 P500
;TYPE:Outer wall
G1 F2598
G1 X115.225 Y114.775 E.64851
G1 X115.225 Y95.225 E.64851
G1 X134.775 Y95.225 E.64851
G1 X134.775 Y114.735 E.64718
M204 T4000
G1 E-.8 F1800
G1 X134.445 Y107.11 Z10.4 F7200
G1 X134 Y96.828 Z10.4
G1 Z10
G1 E.8 F1800
;TYPE:Sparse infill
;WIDTH:0.45
G1 F2598
G1 X134 Y98.457 E.05401
G1 X131.543 Y96 E.11527
G1 X128.435 Y96 E.10312
G1 X134 Y101.565 E.2611
G1 X134 Y104.674 E.10312
G1 X125.326 Y96 E.40694
G1 X122.217 Y96 E.10312
G1 X134 Y107.783 E.55278
G1 X134 Y110.892 E.10312
G1 X119.108 Y96 E.69862
G1 X116 Y96 E.10312
G1 X134 Y114 E.84446
G1 X130.892 Y114 E.10312
G1 X116 Y99.108 E.69862
G1 X116 Y102.217 E.10312
G1 X127.783 Y114 E.55278
G1 X124.674 Y114 E.10312
G1 X116 Y105.326 E.40694
G1 X116 Y108.435 E.10312
G1 X121.565 Y114 E.2611
G1 X118.457 Y114 E.10312
G1 X116 Y111.543 E.11527
G1 X116 Y113.172 E.05401
; stop printing object cube.stl id:0 copy 0
;LAYER_CHANGE
;Z:10.2
;HEIGHT:0.2
;BEFORE_LAYER_CHANGE
G92 E0.0
;10.2
M201 X4000 Y4000
M74 W0
;AFTER_LAYER_CHANGE
;10.2
;_SET_FAN_SPEED_CHANGING_LAYER
; printing object cube.stl id:0 copy 0
G1 E-.8 F1800
G1 X123.616 Y113.659 Z10.6 F7200
G1 X134.346 Y114.346 Z10.6
G1 Z10.2
G1 E.8 F1800
M204 P4000
;TYPE:Inner wall
;WIDTH:0.449999
G1 F2598
G1 X115.654 Y114.346 E.62008
G1 X115.654 Y95.654 E.62008
G1 X134.346 Y95.654 E.62008
G1 X134.346 Y114.306 E.61875
M204 T500
G1 X134.775 Y114.775 F7200
M204 P500
;TYPE:Outer wall
G1 F2598
G1 X115.225 Y114.775 E.64851
G1 X115.225 Y95.225 E.64851
G1 X134.775 Y95.225 E.64851
G1 X134.775 Y114.735 E.64718
M204 T4000
G1 E-.8 F1800
G1 X134.445 Y107.11 Z10.6 F7200
G1 X134 Y96.828 Z10.6
G1 Z10.2
G1 E.8 F1800
;TYPE:Sparse infill
;WIDTH:0.45
G1 F2598
G1 X134 Y98.457 E.05401
G1 X131.543 Y96 E.11527
G1 X128.435 Y96 E.10312
G1 X134 Y101.565 E.2611
G1 X134 Y104.674 E.10312
G1 X125.326 Y96 E.40694
G1 X122.217 Y96 E.10312
G1 X134 Y107.783 E.55278
M73 P58 R11
G1 X134 Y110.892 E.10312
G1 X119.108 Y96 E.69862
G1 X116 Y96 E.10312
G1 X134 Y114 E.84446
G1 X130.892 Y114 E.10312
G1 X116 Y99.108 E.69862
G1 X116 Y102.217 E.10312
G1 X127.783 Y114 E.55278
G1 X124.674 Y114 E.10312
G1 X116 Y105.326 E.40694
G1 X116 Y108.435 E.10312
G1 X121.565 Y114 E.2611
G1 X118.457 Y114 E.10312
G1 X116 Y111.543 E.11527
G1 X116 Y113.172 E.05401
; stop printing object cube.stl id:0 copy 0
;LAYER_CHANGE
;Z:10.4
;HEIGHT:0.2
;BEFORE_LAYER_CHANGE
G92 E0.0
;10.4
M201 X4000 Y4000
M74 W0
;AFTER_LAYER_CHANGE
;10.4
;_SET_FAN_SPEED_CHANGING_LAYER
; printing object cube.stl id:0 copy 0
G1 E-.8 F1800
G1 X123.616 Y113.659 Z10.8 F7200
G1 X134.346 Y114.346 Z10.8
G1 Z10.4
G1 E.8 F1800
M204 P4000
;TYPE:Inner wall
;WIDTH:0.449999
G1 F2598
G1 X115.654 Y114.346 E.62008
G1 X115.654 Y95.654 E.62008
G1 X134.346 Y95.654 E.62008
G1 X134.346 Y114.306 E.61875
M204 T500
G1 X134.775 Y114.775 F7200
M204 P500
;TYPE:Outer wall
G1 F2598
G1 X115.225 Y114.775 E.64851
G1 X115.225 Y95.225 E.64851
G1 X134.775 Y95.225 E.64851
G1 X134.775 Y114.735 E.64718
M204 T4000
G1 E-.8 F1800
G1 X134.445 Y107.11 Z10.8 F7200
G1 X134 Y96.828 Z10.8
G1 Z10.4
G1 E.8 F1800
;TYPE:Sparse infill
;WIDTH:0.45
G1 F2598
G1 X134 Y98.457 E.05401
G1 X131.543 Y96 E.11527
G1 X128.435 Y96 E.10312
G1 X134 Y101.565 E.2611
G1 X134 Y104.674 E.10312
G1 X125.326 Y96 E.40694
G1 X122.217 Y96 E.10312
G1 X134 Y107.783 E.55278
G1 X134 Y110.892 E.10312
G1 X119.108 Y96 E.69862
G1 X116 Y96 E.10312
G1 X134 Y114 E.84446
G1 X130.892 Y114 E.10312
G1 X116 Y99.108 E.69862
G1 X116 Y102.217 E.10312
G1 X127.783 Y114 E.55278
G1 X124.674 Y114 E.10312
G1 X116 Y105.326 E.40694
G1 X116 Y108.435 E.10312
G1 X121.565 Y114 E.2611
G1 X118.457 Y114 E.10312
G1 X116 Y111.543 E.11527
G1 X116 Y113.172 E.05401
; stop printing object cube.stl id:0 copy 0
;LAYER_CHANGE
;Z:10.6
;HEIGHT:0.200001
;BEFORE_LAYER_CHANGE
G92 E0.0
;10.6
M201 X4000 Y4000
M74 W0
;AFTER_LAYER_CHANGE
;10.6
;_SET_FAN_SPEED_CHANGING_LAYER
; printing object cube.stl id:0 copy 0
G1 E-.8 F1800
G1 X123.616 Y113.659 Z11 F7200
G1 X134.346 Y114.346 Z11
G1 Z10.6
G1 E.8 F1800
M204 P4000
;TYPE:Inner wall
;WIDTH:0.449999
G1 F2598
G1 X115.654 Y114.346 E.62008
G1 X115.654 Y95.654 E.62008
G1 X134.346 Y95.654 E.62008
G1 X134.346 Y114.306 E.61875
M73 P59 R11
M204 T500
G1 X134.775 Y114.775 F7200
M204 P500
;TYPE:Outer wall
G1 F2598
G1 X115.225 Y114.775 E.64851
G1 X115.225 Y95.225 E.64851
G1 X134.775 Y95.225 E.64851
G1 X134.775 Y114.735 E.64718
M204 T4000
G1 E-.8 F1800
G1 X134.445 Y107.11 Z11 F7200
G1 X134 Y96.828 Z11
G1 Z10.6
G1 E.8 F1800
;TYPE:Sparse infill
;WIDTH:0.45
G1 F2598
G1 X134 Y98.457 E.05401
G1 X131.543 Y96 E.11527
G1 X128.435 Y96 E.10312
G1 X134 Y101.565 E.2611
G1 X134 Y104.674 E.10312
G1 X125.326 Y96 E.40694
G1 X122.217 Y96 E.10312
G1 X134 Y107.783 E.55278
G1 X134 Y110.892 E.10312
G1 X119.108 Y96 E.69862
G1 X116 Y96 E.10312
G1 X134 Y114 E.84446
G1 X130.892 Y114 E.10312
G1 X116 Y99.108 E.69862
G1 X116 Y102.217 E.10312
G1 X127.783 Y114 E.55278
G1 X124.674 Y114 E.10312
G1 X116 Y105.326 E.40694
G1 X116 Y108.435 E.10312
G1 X121.565 Y114 E.2611
G1 X118.457 Y114 E.10312
G1 X116 Y111.543 E.11527
G1 X116 Y113.172 E.05401
; stop printing object cube.stl id:0 copy 0
;LAYER_CHANGE
;Z:10.8
;HEIGHT:0.2
;BEFORE_LAYER_CHANGE
G92 E0.0
;10.8
M201 X4000 Y4000
M74 W0
;AFTER_LAYER_CHANGE
;10.8
;_SET_FAN_SPEED_CHANGING_LAYER
; printing object cube.stl id:0 copy 0
G1 E-.8 F1800
G1 X123.616 Y113.659 Z11.2 F7200
G1 X134.346 Y114.346 Z11.2
G1 Z10.8
G1 E.8 F1800
M204 P4000
;TYPE:Inner wall
;WIDTH:0.449999
G1 F2598
G1 X115.654 Y114.346 E.62008
G1 X115.654 Y95.654 E.62008
G1 X134.346 Y95.654 E.62008
G1 X134.346 Y114.306 E.61875
M204 T500
G1 X134.775 Y114.775 F7200
M204 P500
;TYPE:Outer wall
G1 F2598
G1 X115.225 Y114.775 E.64851
G1 X115.225 Y95.225 E.64851
G1 X134.775 Y95.225 E.64851
G1 X134.775 Y114.735 E.64718
M204 T4000
G1 E-.8 F1800
G1 X134.445 Y107.11 Z11.2 F7200
G1 X134 Y96.828 Z11.2
G1 Z10.8
G1 E.8 F1800
;TYPE:Sparse infill
;WIDTH:0.45
G1 F2598
G1 X134 Y98.457 E.05401
G1 X131.543 Y96 E.11527
G1 X128.435 Y96 E.10312
G1 X134 Y101.565 E.2611
G1 X134 Y104.674 E.10312
G1 X125.326 Y96 E.40694
G1 X122.217 Y96 E.10312
G1 X134 Y107.783 E.55278
M73 P59 R10
G1 X134 Y110.892 E.10312
G1 X119.108 Y96 E.69862
G1 X116 Y96 E.10312
G1 X134 Y114 E.84446
G1 X130.892 Y114 E.10312
M73 P60 R10
G1 X116 Y99.108 E.69862
G1 X116 Y102.217 E.10312
G1 X127.783 Y114 E.55278
G1 X124.674 Y114 E.10312
G1 X116 Y105.326 E.40694
G1 X116 Y108.435 E.10312
G1 X121.565 Y114 E.2611
G1 X118.457 Y114 E.10312
G1 X116 Y111.543 E.11527
G1 X116 Y113.172 E.05401
; stop printing object cube.stl id:0 copy 0
;LAYER_CHANGE
;Z:11
;HEIGHT:0.2
;BEFORE_LAYER_CHANGE
G92 E0.0
;11
M201 X4000 Y4000
M74 W0
;AFTER_LAYER_CHANGE
;11
;_SET_FAN_SPEED_CHANGING_LAYER
; printing object cube.stl id:0 copy 0
G1 E-.8 F1800
G1 X123.616 Y113.659 Z11.4 F7200
G1 X134.346 Y114.346 Z11.4
G1 Z11
G1 E.8 F1800
M204 P4000
;TYPE:Inner wall
;WIDTH:0.449999
G1 F2598
G1 X115.654 Y114.346 E.62008
G1 X115.654 Y95.654 E.62008
G1 X134.346 Y95.654 E.62008
G1 X134.346 Y114.306 E.61875
M204 T500
G1 X134.775 Y114.775 F7200
M204 P500
;TYPE:Outer wall
G1 F2598
G1 X115.225 Y114.775 E.64851
G1 X115.225 Y95.225 E.64851
G1 X134.775 Y95.225 E.64851
G1 X134.775 Y114.735 E.64718
M204 T4000
G1 E-.8 F1800
G1 X134.445 Y107.11 Z11.4 F7200
G1 X134 Y96.828 Z11.4
G1 Z11
G1 E.8 F1800
;TYPE:Sparse infill
;WIDTH:0.45
G1 F2598
G1 X134 Y98.457 E.05401
G1 X131.543 Y96 E.11527
G1 X128.435 Y96 E.10312
G1 X134 Y101.565 E.2611
G1 X134 Y104.674 E.10312
G1 X125.326 Y96 E.40694
G1 X122.217 Y96 E.10312
G1 X134 Y107.783 E.55278
G1 X134 Y110.892 E.10312
G1 X119.108 Y96 E.69862
G1 X116 Y96 E.10312
G1 X134 Y114 E.84446
G1 X130.892 Y114 E.10312
G1 X116 Y99.108 E.69862
G1 X116 Y102.217 E.10312
G1 X127.783 Y114 E.55278
G1 X124.674 Y114 E.10312
G1 X116 Y105.326 E.40694
G1 X116 Y108.435 E.10312
G1 X121.565 Y114 E.2611
G1 X118.457 Y114 E.10312
G1 X116 Y111.543 E.11527
G1 X116 Y113.172 E.05401
; stop printing object cube.stl id:0 copy 0
;LAYER_CHANGE
;Z:11.2
;HEIGHT:0.2
;BEFORE_LAYER_CHANGE
G92 E0.0
;11.2
M201 X4000 Y4000
M74 W0
;AFTER_LAYER_CHANGE
;11.2
;_SET_FAN_SPEED_CHANGING_LAYER
; printing object cube.stl id:0 copy 0
G1 E-.8 F1800
G1 X123.616 Y113.659 Z11.6 F7200
G1 X134.346 Y114.346 Z11.6
G1 Z11.2
G1 E.8 F1800
M204 P4000
;TYPE:Inner wall
;WIDTH:0.449999
G1 F2642
G1 X115.654 Y114.346 E.62008
G1 X115.654 Y95.654 E.62008
G1 X134.346 Y95.654 E.62008
G1 X134.346 Y114.306 E.61875
M204 T500
G1 X134.775 Y114.775 F7200
M204 P500
;TYPE:Outer wall
G1 F2642
G1 X115.225 Y114.775 E.64851
G1 X115.225 Y95.225 E.64851
G1 X134.775 Y95.225 E.64851
M73 P61 R10
G1 X134.775 Y114.735 E.64718
M204 T4000
G1 E-.8 F1800
G1 X132.506 Y114 Z11.6 F7200
G1 Z11.2
G1 E.8 F1800
;TYPE:Sparse infill
;WIDTH:0.45
G1 F2642
G1 X134 Y114 E.04956
G1 X134 Y113.866 E.00445
G1 X133.776 Y113.549 E.01289
G1 X133.549 Y113.322 E.01064
G1 X131.995 Y112.221 E.06318
G1 X131.768 Y111.995 E.01064
G1 X130.667 Y110.44 E.06318
G1 X130.44 Y110.214 E.01064
G1 X128.886 Y109.113 E.06318
G1 X128.659 Y108.886 E.01064
G1 X127.558 Y107.332 E.06318
G1 X127.332 Y107.105 E.01064
G1 X125.777 Y106.004 E.06318
G1 X125.55 Y105.777 E.01064
G1 X124.45 Y104.223 E.06318
G1 X124.223 Y103.996 E.01064
G1 X122.668 Y102.895 E.06318
G1 X122.442 Y102.668 E.01064
G1 X121.341 Y101.114 E.06318
G1 X121.114 Y100.887 E.01064
G1 X119.56 Y99.786 E.06318
G1 X119.333 Y99.56 E.01064
G1 X118.232 Y98.005 E.06318
G1 X118.005 Y97.779 E.01064
G1 X116.451 Y96.678 E.06318
G1 X116.224 Y96.451 E.01064
G1 X116 Y96.134 E.01289
G1 X116 Y99.243 E.10312
G1 X116.224 Y99.56 E.01289
G1 X116.451 Y99.786 E.01064
G1 X118.005 Y100.887 E.06318
G1 X118.232 Y101.114 E.01064
G1 X119.333 Y102.668 E.06318
G1 X119.56 Y102.895 E.01064
G1 X121.114 Y103.996 E.06318
G1 X121.341 Y104.223 E.01064
G1 X122.442 Y105.777 E.06318
G1 X122.668 Y106.004 E.01064
G1 X124.223 Y107.105 E.06318
G1 X124.45 Y107.332 E.01064
G1 X125.55 Y108.886 E.06318
G1 X125.777 Y109.113 E.01064
G1 X127.332 Y110.214 E.06318
G1 X127.558 Y110.44 E.01064
G1 X128.659 Y111.995 E.06318
G1 X128.886 Y112.221 E.01064
G1 X130.44 Y113.322 E.06318
G1 X130.667 Y113.549 E.01064
G1 X130.987 Y114 E.01835
G1 X127.878 Y114 E.10312
G1 X127.558 Y113.549 E.01835
G1 X127.332 Y113.322 E.01064
G1 X125.777 Y112.221 E.06318
G1 X125.55 Y111.995 E.01064
G1 X124.45 Y110.44 E.06318
G1 X124.223 Y110.214 E.01064
G1 X122.668 Y109.113 E.06318
G1 X122.442 Y108.886 E.01064
G1 X121.341 Y107.332 E.06318
G1 X121.114 Y107.105 E.01064
G1 X119.56 Y106.004 E.06318
G1 X119.333 Y105.777 E.01064
G1 X118.232 Y104.223 E.06318
G1 X118.005 Y103.996 E.01064
G1 X116.451 Y102.895 E.06318
G1 X116.224 Y102.668 E.01064
G1 X116 Y102.351 E.01289
G1 X116 Y105.46 E.10312
G1 X116.224 Y105.777 E.01289
G1 X116.451 Y106.004 E.01064
G1 X118.005 Y107.105 E.06318
G1 X118.232 Y107.332 E.01064
G1 X119.333 Y108.886 E.06318
G1 X119.56 Y109.113 E.01064
G1 X121.114 Y110.214 E.06318
G1 X121.341 Y110.44 E.01064
G1 X122.442 Y111.995 E.06318
G1 X122.668 Y112.221 E.01064
G1 X124.223 Y113.322 E.06318
G1 X124.45 Y113.549 E.01064
G1 X124.769 Y114 E.01835
G1 X121.66 Y114 E.10312
G1 X121.341 Y113.549 E.01835
G1 X121.114 Y113.322 E.01064
G1 X119.56 Y112.221 E.06318
G1 X119.333 Y111.995 E.01064
G1 X118.232 Y110.44 E.06318
G1 X118.005 Y110.214 E.01064
G1 X116.451 Y109.113 E.06318
G1 X116.224 Y108.886 E.01064
G1 X116 Y108.569 E.01289
G1 X116 Y111.678 E.10312
G1 X116.224 Y111.995 E.01289
G1 X116.451 Y112.221 E.01064
G1 X118.005 Y113.322 E.06318
G1 X118.232 Y113.549 E.01064
G1 X118.552 Y114 E.01835
G1 X116.923 Y114 E.05401
G1 E-.8 F1800
G1 X117.119 Y106.37 Z11.6 F7200
G1 X117.385 Y96 Z11.6
G1 Z11.2
G1 E.8 F1800
G1 F2642
G1 X119.013 Y96 E.05401
G1 X119.333 Y96.451 E.01835
G1 X119.56 Y96.678 E.01064
G1 X121.114 Y97.779 E.06318
G1 X121.341 Y98.005 E.01064
G1 X122.442 Y99.56 E.06318
G1 X122.668 Y99.786 E.01064
G1 X124.223 Y100.887 E.06318
G1 X124.45 Y101.114 E.01064
G1 X125.55 Y102.668 E.06318
G1 X125.777 Y102.895 E.01064
G1 X127.332 Y103.996 E.06318
G1 X127.558 Y104.223 E.01064
G1 X128.659 Y105.777 E.06318
G1 X128.886 Y106.004 E.01064
G1 X130.44 Y107.105 E.06318
G1 X130.667 Y107.332 E.01064
G1 X131.768 Y108.886 E.06318
G1 X131.995 Y109.113 E.01064
G1 X133.549 Y110.214 E.06318
G1 X133.776 Y110.44 E.01064
G1 X134 Y110.757 E.01289
G1 X134 Y107.649 E.10312
G1 X133.776 Y107.332 E.01289
G1 X133.549 Y107.105 E.01064
G1 X131.995 Y106.004 E.06318
G1 X131.768 Y105.777 E.01064
G1 X130.667 Y104.223 E.06318
G1 X130.44 Y103.996 E.01064
G1 X128.886 Y102.895 E.06318
G1 X128.659 Y102.668 E.01064
G1 X127.558 Y101.114 E.06318
G1 X127.332 Y100.887 E.01064
G1 X125.777 Y99.786 E.06318
G1 X125.55 Y99.56 E.01064
G1 X124.45 Y98.005 E.06318
G1 X124.223 Y97.779 E.01064
G1 X122.668 Y96.678 E.06318
G1 X122.442 Y96.451 E.01064
G1 X122.122 Y96 E.01835
G1 X125.231 Y96 E.10312
G1 X125.55 Y96.451 E.01835
G1 X125.777 Y96.678 E.01064
G1 X127.332 Y97.779 E.06318
G1 X127.558 Y98.005 E.01064
G1 X128.659 Y99.56 E.06318
G1 X128.886 Y99.786 E.01064
G1 X130.44 Y100.887 E.06318
G1 X130.667 Y101.114 E.01064
G1 X131.768 Y102.668 E.06318
G1 X131.995 Y102.895 E.01064
G1 X133.549 Y103.996 E.06318
G1 X133.776 Y104.223 E.01064
G1 X134 Y104.54 E.01289
G1 X134 Y101.431 E.10312
G1 X133.776 Y101.114 E.01289
G1 X133.549 Y100.887 E.01064
G1 X131.995 Y99.786 E.06318
G1 X131.768 Y99.56 E.01064
G1 X130.667 Y98.005 E.06318
G1 X130.44 Y97.779 E.01064
G1 X128.886 Y96.678 E.06318
G1 X128.659 Y96.451 E.01064
G1 X128.34 Y96 E.01835
G1 X131.448 Y96 E.10312
G1 X131.768 Y96.451 E.01835
G1 X131.995 Y96.678 E.01064
G1 X133.549 Y97.779 E.06318
G1 X133.776 Y98.005 E.01064
G1 X134 Y98.322 E.01289
G1 X134 Y96.694 E.05401
; stop printing object cube.stl id:0 copy 0
;LAYER_CHANGE
;Z:11.4
;HEIGHT:0.2
;BEFORE_LAYER_CHANGE
G92 E0.0
;11.4
M201 X4000 Y4000
M74 W0
;AFTER_LAYER_CHANGE
;11.4
;_SET_FAN_SPEED_CHANGING_LAYER
; printing object cube.stl id:0 copy 0
G1 E-.8 F1800
G1 X134.15 Y104.325 Z11.8 F7200
G1 X134.346 Y114.346 Z11.8
G1 Z11.4
G1 E.8 F1800
M204 P4000
;TYPE:Inner wall
;WIDTH:0.449999
G1 F2786
G1 X115.654 Y114.346 E.62008
G1 X115.654 Y95.654 E.62008
G1 X134.346 Y95.654 E.62008
G1 X134.346 Y114.306 E.61875
M204 T500
G1 X134.775 Y114.775 F7200
M204 P500
;TYPE:Outer wall
G1 F2786
G1 X115.225 Y114.775 E.64851
G1 X115.225 Y95.225 E.64851
G1 X134.775 Y95.225 E.64851
G1 X134.775 Y114.735 E.64718
M204 T4000
G1 E-.8 F1800
G1 X132.763 Y114 Z11.8 F7200
G1 Z11.4
G1 E.8 F1800
;TYPE:Sparse infill
;WIDTH:0.45
G1 F2786
G1 X131.135 Y114 E.05401
G1 X131.021 Y113.549 E.01544
G1 X130.44 Y112.969 E.02722
G1 X128.886 Y112.575 E.05319
G1 X128.306 Y111.995 E.02722
G1 X127.912 Y110.44 E.05319
G1 X127.332 Y109.86 E.02722
G1 X125.777 Y109.466 E.05319
G1 X125.197 Y108.886 E.02722
G1 X124.803 Y107.332 E.05319
G1 X124.223 Y106.751 E.02722
G1 X122.668 Y106.357 E.05319
G1 X122.088 Y105.777 E.02722
G1 X121.694 Y104.223 E.05319
G1 X121.114 Y103.643 E.02722
G1 X119.56 Y103.249 E.05319
G1 X118.979 Y102.668 E.02722
G1 X118.586 Y101.114 E.05319
G1 X118.005 Y100.534 E.02722
M73 P62 R10
G1 X116.451 Y100.14 E.05319
G1 X116 Y99.689 E.02117
G1 X116 Y102.797 E.10312
G1 X116.451 Y103.249 E.02117
G1 X118.005 Y103.643 E.05319
G1 X118.586 Y104.223 E.02722
G1 X118.979 Y105.777 E.05319
G1 X119.56 Y106.357 E.02722
G1 X121.114 Y106.751 E.05319
G1 X121.694 Y107.332 E.02722
G1 X122.088 Y108.886 E.05319
G1 X122.668 Y109.466 E.02722
G1 X124.223 Y109.86 E.05319
G1 X124.803 Y110.44 E.02722
G1 X125.197 Y111.995 E.05319
G1 X125.777 Y112.575 E.02722
G1 X127.332 Y112.969 E.05319
G1 X127.912 Y113.549 E.02722
G1 X128.026 Y114 E.01544
G1 X124.917 Y114 E.10312
G1 X124.803 Y113.549 E.01544
G1 X124.223 Y112.969 E.02722
G1 X122.668 Y112.575 E.05319
G1 X122.088 Y111.995 E.02722
G1 X121.694 Y110.44 E.05319
G1 X121.114 Y109.86 E.02722
G1 X119.56 Y109.466 E.05319
G1 X118.979 Y108.886 E.02722
G1 X118.586 Y107.332 E.05319
G1 X118.005 Y106.751 E.02722
G1 X116.451 Y106.357 E.05319
G1 X116 Y105.906 E.02117
G1 X116 Y109.015 E.10312
G1 X116.451 Y109.466 E.02117
G1 X118.005 Y109.86 E.05319
G1 X118.586 Y110.44 E.02722
G1 X118.979 Y111.995 E.05319
G1 X119.56 Y112.575 E.02722
G1 X121.114 Y112.969 E.05319
G1 X121.694 Y113.549 E.02722
G1 X121.809 Y114 E.01544
G1 X118.7 Y114 E.10312
G1 X118.586 Y113.549 E.01544
G1 X118.005 Y112.969 E.02722
G1 X116.451 Y112.575 E.05319
G1 X116 Y112.124 E.02117
G1 X116 Y113.752 E.05401
G1 E-.8 F1800
G1 X116.449 Y106.133 Z11.8 F7200
G1 X117.048 Y96 Z11.8
G1 Z11.4
G1 E.8 F1800
G1 F2786
G1 X116 Y96 E.03477
G1 X116 Y96.58 E.01925
G1 X116.451 Y97.031 E.02117
G1 X118.005 Y97.425 E.05319
G1 X118.586 Y98.005 E.02722
G1 X118.979 Y99.56 E.05319
G1 X119.56 Y100.14 E.02722
G1 X121.114 Y100.534 E.05319
G1 X121.694 Y101.114 E.02722
G1 X122.088 Y102.668 E.05319
G1 X122.668 Y103.249 E.02722
G1 X124.223 Y103.643 E.05319
G1 X124.803 Y104.223 E.02722
G1 X125.197 Y105.777 E.05319
G1 X125.777 Y106.357 E.02722
G1 X127.332 Y106.751 E.05319
G1 X127.912 Y107.332 E.02722
G1 X128.306 Y108.886 E.05319
G1 X128.886 Y109.466 E.02722
G1 X130.44 Y109.86 E.05319
G1 X131.021 Y110.44 E.02722
G1 X131.414 Y111.995 E.05319
G1 X131.995 Y112.575 E.02722
G1 X133.549 Y112.969 E.05319
G1 X134 Y113.42 E.02117
G1 X134 Y110.311 E.10312
G1 X133.549 Y109.86 E.02117
G1 X131.995 Y109.466 E.05319
G1 X131.414 Y108.886 E.02722
G1 X131.021 Y107.332 E.05319
G1 X130.44 Y106.751 E.02722
G1 X128.886 Y106.357 E.05319
G1 X128.306 Y105.777 E.02722
G1 X127.912 Y104.223 E.05319
G1 X127.332 Y103.643 E.02722
G1 X125.777 Y103.249 E.05319
G1 X125.197 Y102.668 E.02722
G1 X124.803 Y101.114 E.05319
G1 X124.223 Y100.534 E.02722
G1 X122.668 Y100.14 E.05319
G1 X122.088 Y99.56 E.02722
G1 X121.694 Y98.005 E.05319
G1 X121.114 Y97.425 E.02722
G1 X119.56 Y97.031 E.05319
G1 X118.979 Y96.451 E.02722
G1 X118.865 Y96 E.01544
G1 X120.493 Y96 E.05401
G1 E-.8 F1800
G1 X128.125 Y96.14 Z11.8 F7200
G1 X134 Y96.248 Z11.8
G1 Z11.4
G1 E.8 F1800
G1 F2786
G1 X134 Y97.876 E.05401
G1 X133.549 Y97.425 E.02117
G1 X131.995 Y97.031 E.05319
G1 X131.414 Y96.451 E.02722
G1 X131.3 Y96 E.01544
G1 X128.191 Y96 E.10312
G1 X128.306 Y96.451 E.01544
G1 X128.886 Y97.031 E.02722
G1 X130.44 Y97.425 E.05319
G1 X131.021 Y98.005 E.02722
G1 X131.414 Y99.56 E.05319
G1 X131.995 Y100.14 E.02722
G1 X133.549 Y100.534 E.05319
G1 X134 Y100.985 E.02117
G1 X134 Y104.094 E.10312
G1 X133.549 Y103.643 E.02117
G1 X131.995 Y103.249 E.05319
G1 X131.414 Y102.668 E.02722
G1 X131.021 Y101.114 E.05319
G1 X130.44 Y100.534 E.02722
G1 X128.886 Y100.14 E.05319
G1 X128.306 Y99.56 E.02722
G1 X127.912 Y98.005 E.05319
G1 X127.332 Y97.425 E.02722
G1 X125.777 Y97.031 E.05319
G1 X125.197 Y96.451 E.02722
G1 X125.083 Y96 E.01544
G1 X121.974 Y96 E.10312
G1 X122.088 Y96.451 E.01544
G1 X122.668 Y97.031 E.02722
G1 X124.223 Y97.425 E.05319
G1 X124.803 Y98.005 E.02722
G1 X125.197 Y99.56 E.05319
G1 X125.777 Y100.14 E.02722
G1 X127.332 Y100.534 E.05319
G1 X127.912 Y101.114 E.02722
G1 X128.306 Y102.668 E.05319
G1 X128.886 Y103.249 E.02722
G1 X130.44 Y103.643 E.05319
G1 X131.021 Y104.223 E.02722
G1 X131.414 Y105.777 E.05319
G1 X131.995 Y106.357 E.02722
G1 X133.549 Y106.751 E.05319
G1 X134 Y107.203 E.02117
G1 X134 Y108.831 E.05401
; stop printing object cube.stl id:0 copy 0
;LAYER_CHANGE
;Z:11.6
;HEIGHT:0.200001
;BEFORE_LAYER_CHANGE
G92 E0.0
;11.6
M201 X4000 Y4000
M74 W0
;AFTER_LAYER_CHANGE
;11.6
;_SET_FAN_SPEED_CHANGING_LAYER
; printing object cube.stl id:0 copy 0
G1 E-.8 F1800
G1 X134.346 Y114.346 Z12 F7200
G1 Z11.6
G1 E.8 F1800
M204 P4000
;TYPE:Inner wall
;WIDTH:0.449999
G1 F2902
G1 X115.654 Y114.346 E.62008
G1 X115.654 Y95.654 E.62008
G1 X134.346 Y95.654 E.62008
G1 X134.346 Y114.306 E.61875
M204 T500
G1 X134.775 Y114.775 F7200
M204 P500
;TYPE:Outer wall
G1 F2902
G1 X115.225 Y114.775 E.64851
G1 X115.225 Y95.225 E.64851
G1 X134.775 Y95.225 E.64851
G1 X134.775 Y114.735 E.64718
M204 T4000
G1 X133.898 Y114 F7200
;TYPE:Sparse infill
;WIDTH:0.45
G1 F2902
G1 X134 Y114 E.00341
G1 X134 Y112.475 E.05061
G1 X133.549 Y112.926 E.02117
G1 X131.995 Y112.618 E.05257
G1 X131.063 Y113.549 E.04369
G1 X131.153 Y114 E.01526
G1 X128.044 Y114 E.10312
G1 X127.955 Y113.549 E.01526
G1 X128.886 Y112.618 E.04369
G1 X130.44 Y112.926 E.05257
G1 X131.372 Y111.995 E.04369
G1 X131.063 Y110.44 E.05257
G1 X131.995 Y109.509 E.04369
G1 X133.549 Y109.817 E.05257
G1 X134 Y109.366 E.02117
G1 X134 Y106.257 E.10312
G1 X133.549 Y106.709 E.02117
G1 X131.995 Y106.4 E.05257
G1 X131.063 Y107.332 E.04369
G1 X131.372 Y108.886 E.05257
G1 X130.44 Y109.817 E.04369
G1 X128.886 Y109.509 E.05257
M73 P63 R10
G1 X127.955 Y110.44 E.04369
G1 X128.263 Y111.995 E.05257
G1 X127.332 Y112.926 E.04369
G1 X125.777 Y112.618 E.05257
G1 X124.846 Y113.549 E.04369
G1 X124.935 Y114 E.01526
G1 X123.307 Y114 E.05401
G1 E-.8 F1800
G1 X129.087 Y109.015 Z12 F7200
G1 X134 Y104.777 Z12
G1 Z11.6
G1 E.8 F1800
G1 F2902
G1 X134 Y103.149 E.05401
G1 X133.549 Y103.6 E.02117
G1 X131.995 Y103.291 E.05257
G1 X131.063 Y104.223 E.04369
G1 X131.372 Y105.777 E.05257
G1 X130.44 Y106.709 E.04369
G1 X128.886 Y106.4 E.05257
G1 X127.955 Y107.332 E.04369
G1 X128.263 Y108.886 E.05257
G1 X127.332 Y109.817 E.04369
G1 X125.777 Y109.509 E.05257
G1 X124.846 Y110.44 E.04369
G1 X125.154 Y111.995 E.05257
G1 X124.223 Y112.926 E.04369
G1 X122.668 Y112.618 E.05257
G1 X121.737 Y113.549 E.04369
G1 X121.827 Y114 E.01526
G1 X118.718 Y114 E.10312
G1 X118.628 Y113.549 E.01526
G1 X119.56 Y112.618 E.04369
G1 X121.114 Y112.926 E.05257
G1 X122.045 Y111.995 E.04369
G1 X121.737 Y110.44 E.05257
G1 X122.668 Y109.509 E.04369
G1 X124.223 Y109.817 E.05257
G1 X125.154 Y108.886 E.04369
G1 X124.846 Y107.332 E.05257
G1 X125.777 Y106.4 E.04369
G1 X127.332 Y106.709 E.05257
G1 X128.263 Y105.777 E.04369
G1 X127.955 Y104.223 E.05257
G1 X128.886 Y103.291 E.04369
G1 X130.44 Y103.6 E.05257
G1 X131.372 Y102.668 E.04369
G1 X131.063 Y101.114 E.05257
G1 X131.995 Y100.183 E.04369
G1 X133.549 Y100.491 E.05257
G1 X134 Y100.04 E.02117
G1 X134 Y96.931 E.10312
G1 X133.549 Y97.382 E.02117
G1 X131.995 Y97.074 E.05257
G1 X131.063 Y98.005 E.04369
G1 X131.372 Y99.56 E.05257
G1 X130.44 Y100.491 E.04369
G1 X128.886 Y100.183 E.05257
G1 X127.955 Y101.114 E.04369
G1 X128.263 Y102.668 E.05257
G1 X127.332 Y103.6 E.04369
G1 X125.777 Y103.291 E.05257
G1 X124.846 Y104.223 E.04369
G1 X125.154 Y105.777 E.05257
G1 X124.223 Y106.709 E.04369
G1 X122.668 Y106.4 E.05257
G1 X121.737 Y107.332 E.04369
G1 X122.045 Y108.886 E.05257
G1 X121.114 Y109.817 E.04369
G1 X119.56 Y109.509 E.05257
G1 X118.628 Y110.44 E.04369
G1 X118.937 Y111.995 E.05257
G1 X118.005 Y112.926 E.04369
G1 X116.451 Y112.618 E.05257
G1 X116 Y113.069 E.02117
G1 X116 Y109.96 E.10312
G1 X116.451 Y109.509 E.02117
G1 X118.005 Y109.817 E.05257
G1 X118.937 Y108.886 E.04369
G1 X118.628 Y107.332 E.05257
G1 X119.56 Y106.4 E.04369
G1 X121.114 Y106.709 E.05257
G1 X122.045 Y105.777 E.04369
G1 X121.737 Y104.223 E.05257
G1 X122.668 Y103.291 E.04369
G1 X124.223 Y103.6 E.05257
G1 X125.154 Y102.668 E.04369
G1 X124.846 Y101.114 E.05257
G1 X125.777 Y100.183 E.04369
G1 X127.332 Y100.491 E.05257
G1 X128.263 Y99.56 E.04369
G1 X127.955 Y98.005 E.05257
G1 X128.886 Y97.074 E.04369
G1 X130.44 Y97.382 E.05257
G1 X131.372 Y96.451 E.04369
G1 X131.282 Y96 E.01526
G1 X128.173 Y96 E.10312
G1 X128.263 Y96.451 E.01526
G1 X127.332 Y97.382 E.04369
G1 X125.777 Y97.074 E.05257
G1 X124.846 Y98.005 E.04369
M73 P63 R9
G1 X125.154 Y99.56 E.05257
G1 X124.223 Y100.491 E.04369
G1 X122.668 Y100.183 E.05257
G1 X121.737 Y101.114 E.04369
G1 X122.045 Y102.668 E.05257
G1 X121.114 Y103.6 E.04369
G1 X119.56 Y103.291 E.05257
G1 X118.628 Y104.223 E.04369
G1 X118.937 Y105.777 E.05257
G1 X118.005 Y106.709 E.04369
G1 X116.451 Y106.4 E.05257
G1 X116 Y106.851 E.02117
G1 X116 Y103.743 E.10312
G1 X116.451 Y103.291 E.02117
G1 X118.005 Y103.6 E.05257
G1 X118.937 Y102.668 E.04369
G1 X118.628 Y101.114 E.05257
G1 X119.56 Y100.183 E.04369
G1 X121.114 Y100.491 E.05257
G1 X122.045 Y99.56 E.04369
G1 X121.737 Y98.005 E.05257
G1 X122.668 Y97.074 E.04369
G1 X124.223 Y97.382 E.05257
G1 X125.154 Y96.451 E.04369
G1 X125.065 Y96 E.01526
G1 X121.956 Y96 E.10312
G1 X122.045 Y96.451 E.01526
G1 X121.114 Y97.382 E.04369
G1 X119.56 Y97.074 E.05257
G1 X118.628 Y98.005 E.04369
G1 X118.937 Y99.56 E.05257
G1 X118.005 Y100.491 E.04369
G1 X116.451 Y100.183 E.05257
G1 X116 Y100.634 E.02117
G1 X116 Y97.525 E.10312
G1 X116.451 Y97.074 E.02117
G1 X118.005 Y97.382 E.05257
G1 X118.937 Y96.451 E.04369
G1 X118.847 Y96 E.01526
G1 X117.219 Y96 E.05401
; stop printing object cube.stl id:0 copy 0
;LAYER_CHANGE
;Z:11.8
;HEIGHT:0.2
;BEFORE_LAYER_CHANGE
G92 E0.0
;11.8
M201 X4000 Y4000
M74 W0
;AFTER_LAYER_CHANGE
;11.8
;_SET_FAN_SPEED_CHANGING_LAYER
; printing object cube.stl id:0 copy 0
G1 E-.8 F1800
G1 X122.427 Y101.579 Z12.2 F7200
G1 X134.346 Y114.346 Z12.2
G1 Z11.8
G1 E.8 F1800
M204 P4000
;TYPE:Inner wall
;WIDTH:0.449999
G1 F2750
G1 X115.654 Y114.346 E.62008
G1 X115.654 Y95.654 E.62008
G1 X134.346 Y95.654 E.62008
G1 X134.346 Y114.306 E.61875
M204 T500
G1 X134.775 Y114.775 F7200
M204 P500
;TYPE:Outer wall
G1 F2750
G1 X115.225 Y114.775 E.64851
G1 X115.225 Y95.225 E.64851
G1 X134.775 Y95.225 E.64851
G1 X134.775 Y114.735 E.64718
M204 T4000
G1 X134 Y113.75 F7200
M73 P64 R9
;TYPE:Sparse infill
;WIDTH:0.45
G1 F2750
G1 X134 Y112.121 E.05401
G1 X133.549 Y112.573 E.02117
G1 X131.995 Y112.971 E.05323
G1 X131.417 Y113.549 E.02711
G1 X131.301 Y114 E.01546
G1 X128.192 Y114 E.10312
G1 X128.308 Y113.549 E.01546
G1 X128.886 Y112.971 E.02711
G1 X130.44 Y112.573 E.05323
G1 X131.018 Y111.995 E.02711
G1 X131.417 Y110.44 E.05323
G1 X131.995 Y109.862 E.02711
G1 X133.549 Y109.464 E.05323
G1 X134 Y109.012 E.02117
G1 X134 Y110.641 E.05401
G1 E-.8 F1800
G1 X126.728 Y112.958 Z12.2 F7200
G1 X123.455 Y114 Z12.2
G1 Z11.8
G1 E.8 F1800
G1 F2750
G1 X125.084 Y114 E.05401
G1 X125.199 Y113.549 E.01546
G1 X125.777 Y112.971 E.02711
G1 X127.332 Y112.573 E.05323
G1 X127.909 Y111.995 E.02711
G1 X128.308 Y110.44 E.05323
G1 X128.886 Y109.862 E.02711
G1 X130.44 Y109.464 E.05323
G1 X131.018 Y108.886 E.02711
G1 X131.417 Y107.332 E.05323
G1 X131.995 Y106.754 E.02711
G1 X133.549 Y106.355 E.05323
G1 X134 Y105.904 E.02117
G1 X134 Y102.795 E.10312
G1 X133.549 Y103.246 E.02117
G1 X131.995 Y103.645 E.05323
G1 X131.417 Y104.223 E.02711
G1 X131.018 Y105.777 E.05323
G1 X130.44 Y106.355 E.02711
G1 X128.886 Y106.754 E.05323
G1 X128.308 Y107.332 E.02711
G1 X127.909 Y108.886 E.05323
G1 X127.332 Y109.464 E.02711
G1 X125.777 Y109.862 E.05323
G1 X125.199 Y110.44 E.02711
G1 X124.801 Y111.995 E.05323
G1 X124.223 Y112.573 E.02711
G1 X122.668 Y112.971 E.05323
G1 X122.091 Y113.549 E.02711
G1 X121.975 Y114 E.01546
G1 X118.866 Y114 E.10312
G1 X118.982 Y113.549 E.01546
G1 X119.56 Y112.971 E.02711
G1 X121.114 Y112.573 E.05323
G1 X121.692 Y111.995 E.02711
G1 X122.091 Y110.44 E.05323
G1 X122.668 Y109.862 E.02711
G1 X124.223 Y109.464 E.05323
G1 X124.801 Y108.886 E.02711
G1 X125.199 Y107.332 E.05323
G1 X125.777 Y106.754 E.02711
G1 X127.332 Y106.355 E.05323
G1 X127.909 Y105.777 E.02711
G1 X128.308 Y104.223 E.05323
G1 X128.886 Y103.645 E.02711
G1 X130.44 Y103.246 E.05323
G1 X131.018 Y102.668 E.02711
G1 X131.417 Y101.114 E.05323
G1 X131.995 Y100.536 E.02711
G1 X133.549 Y100.138 E.05323
G1 X134 Y99.686 E.02117
G1 X134 Y96.577 E.10312
G1 X133.549 Y97.029 E.02117
G1 X131.995 Y97.427 E.05323
G1 X131.417 Y98.005 E.02711
G1 X131.018 Y99.56 E.05323
G1 X130.44 Y100.138 E.02711
G1 X128.886 Y100.536 E.05323
G1 X128.308 Y101.114 E.02711
G1 X127.909 Y102.668 E.05323
G1 X127.332 Y103.246 E.02711
G1 X125.777 Y103.645 E.05323
G1 X125.199 Y104.223 E.02711
G1 X124.801 Y105.777 E.05323
G1 X124.223 Y106.355 E.02711
G1 X122.668 Y106.754 E.05323
G1 X122.091 Y107.332 E.02711
G1 X121.692 Y108.886 E.05323
G1 X121.114 Y109.464 E.02711
G1 X119.56 Y109.862 E.05323
G1 X118.982 Y110.44 E.02711
G1 X118.583 Y111.995 E.05323
G1 X118.005 Y112.573 E.02711
G1 X116.451 Y112.971 E.05323
G1 X116 Y113.423 E.02117
G1 X116 Y110.314 E.10312
G1 X116.451 Y109.862 E.02117
G1 X118.005 Y109.464 E.05323
G1 X118.583 Y108.886 E.02711
G1 X118.982 Y107.332 E.05323
G1 X119.56 Y106.754 E.02711
G1 X121.114 Y106.355 E.05323
G1 X121.692 Y105.777 E.02711
G1 X122.091 Y104.223 E.05323
G1 X122.668 Y103.645 E.02711
G1 X124.223 Y103.246 E.05323
G1 X124.801 Y102.668 E.02711
G1 X125.199 Y101.114 E.05323
G1 X125.777 Y100.536 E.02711
G1 X127.332 Y100.138 E.05323
G1 X127.909 Y99.56 E.02711
G1 X128.308 Y98.005 E.05323
G1 X128.886 Y97.427 E.02711
G1 X130.44 Y97.029 E.05323
G1 X131.018 Y96.451 E.02711
G1 X131.134 Y96 E.01546
G1 X132.762 Y96 E.05401
G1 E-.8 F1800
G1 X125.131 Y96.114 Z12.2 F7200
G1 X116 Y96.25 Z12.2
G1 Z11.8
G1 E.8 F1800
G1 F2750
G1 X116 Y97.879 E.05401
G1 X116.451 Y97.427 E.02117
G1 X118.005 Y97.029 E.05323
G1 X118.583 Y96.451 E.02711
G1 X118.699 Y96 E.01546
G1 X121.808 Y96 E.10312
G1 X121.692 Y96.451 E.01546
G1 X121.114 Y97.029 E.02711
G1 X119.56 Y97.427 E.05323
G1 X118.982 Y98.005 E.02711
G1 X118.583 Y99.56 E.05323
G1 X118.005 Y100.138 E.02711
G1 X116.451 Y100.536 E.05323
G1 X116 Y100.988 E.02117
G1 X116 Y104.096 E.10312
G1 X116.451 Y103.645 E.02117
G1 X118.005 Y103.246 E.05323
G1 X118.583 Y102.668 E.02711
G1 X118.982 Y101.114 E.05323
G1 X119.56 Y100.536 E.02711
G1 X121.114 Y100.138 E.05323
G1 X121.692 Y99.56 E.02711
G1 X122.091 Y98.005 E.05323
G1 X122.668 Y97.427 E.02711
G1 X124.223 Y97.029 E.05323
G1 X124.801 Y96.451 E.02711
G1 X124.916 Y96 E.01546
G1 X128.025 Y96 E.10312
G1 X127.909 Y96.451 E.01546
G1 X127.332 Y97.029 E.02711
G1 X125.777 Y97.427 E.05323
G1 X125.199 Y98.005 E.02711
G1 X124.801 Y99.56 E.05323
G1 X124.223 Y100.138 E.02711
G1 X122.668 Y100.536 E.05323
G1 X122.091 Y101.114 E.02711
G1 X121.692 Y102.668 E.05323
G1 X121.114 Y103.246 E.02711
G1 X119.56 Y103.645 E.05323
G1 X118.982 Y104.223 E.02711
G1 X118.583 Y105.777 E.05323
G1 X118.005 Y106.355 E.02711
G1 X116.451 Y106.754 E.05323
G1 X116 Y107.205 E.02117
G1 X116 Y105.577 E.05401
; stop printing object cube.stl id:0 copy 0
;LAYER_CHANGE
;Z:12
;HEIGHT:0.2
;BEFORE_LAYER_CHANGE
G92 E0.0
;12
M201 X4000 Y4000
M74 W0
;AFTER_LAYER_CHANGE
;12
;_SET_FAN_SPEED_CHANGING_LAYER
; printing object cube.stl id:0 copy 0
G1 E-.8 F1800
G1 X122.886 Y108.868 Z12.4 F7200
G1 X134.346 Y114.346 Z12.4
G1 Z12
G1 E.8 F1800
M204 P4000
;TYPE:Inner wall
;WIDTH:0.449999
G1 F2545
G1 X115.654 Y114.346 E.62008
G1 X115.654 Y95.654 E.62008
G1 X134.346 Y95.654 E.62008
G1 X134.346 Y114.306 E.61875
M204 T500
G1 X134.775 Y114.775 F7200
M204 P500
;TYPE:Outer wall
G1 F2545
G1 X115.225 Y114.775 E.64851
G1 X115.225 Y95.225 E.64851
G1 X134.775 Y95.225 E.64851
G1 X134.775 Y114.735 E.64718
M204 T4000
G1 X133.078 Y114 F7200
M73 P65 R9
;TYPE:Sparse infill
;WIDTH:0.45
G1 F2545
G1 X131.449 Y114 E.05401
G1 X131.77 Y113.549 E.01837
G1 X131.995 Y113.325 E.01052
G1 X133.549 Y112.219 E.06328
G1 X133.773 Y111.995 E.01052
G1 X134 Y111.676 E.01299
G1 X134 Y108.567 E.10312
G1 X133.773 Y108.886 E.01299
G1 X133.549 Y109.11 E.01052
G1 X131.995 Y110.216 E.06328
G1 X131.77 Y110.44 E.01052
G1 X130.665 Y111.995 E.06328
G1 X130.44 Y112.219 E.01052
G1 X128.886 Y113.325 E.06328
G1 X128.662 Y113.549 E.01052
G1 X128.341 Y114 E.01837
G1 X125.232 Y114 E.10312
G1 X125.553 Y113.549 E.01837
G1 X125.777 Y113.325 E.01052
G1 X127.332 Y112.219 E.06328
G1 X127.556 Y111.995 E.01052
G1 X128.662 Y110.44 E.06328
G1 X128.886 Y110.216 E.01052
G1 X130.44 Y109.11 E.06328
G1 X130.665 Y108.886 E.01052
G1 X131.77 Y107.332 E.06328
G1 X131.995 Y107.107 E.01052
G1 X133.549 Y106.002 E.06328
G1 X133.773 Y105.777 E.01052
G1 X134 Y105.458 E.01299
G1 X134 Y102.349 E.10312
G1 X133.773 Y102.668 E.01299
G1 X133.549 Y102.893 E.01052
G1 X131.995 Y103.998 E.06328
G1 X131.77 Y104.223 E.01052
G1 X130.665 Y105.777 E.06328
G1 X130.44 Y106.002 E.01052
G1 X128.886 Y107.107 E.06328
G1 X128.662 Y107.332 E.01052
G1 X127.556 Y108.886 E.06328
G1 X127.332 Y109.11 E.01052
G1 X125.777 Y110.216 E.06328
G1 X125.553 Y110.44 E.01052
G1 X124.447 Y111.995 E.06328
G1 X124.223 Y112.219 E.01052
G1 X122.668 Y113.325 E.06328
G1 X122.444 Y113.549 E.01052
G1 X122.123 Y114 E.01837
G1 X119.014 Y114 E.10312
G1 X119.335 Y113.549 E.01837
G1 X119.56 Y113.325 E.01052
G1 X121.114 Y112.219 E.06328
G1 X121.338 Y111.995 E.01052
G1 X122.444 Y110.44 E.06328
G1 X122.668 Y110.216 E.01052
G1 X124.223 Y109.11 E.06328
G1 X124.447 Y108.886 E.01052
G1 X125.553 Y107.332 E.06328
G1 X125.777 Y107.107 E.01052
G1 X127.332 Y106.002 E.06328
G1 X127.556 Y105.777 E.01052
G1 X128.662 Y104.223 E.06328
G1 X128.886 Y103.998 E.01052
G1 X130.44 Y102.893 E.06328
G1 X130.665 Y102.668 E.01052
G1 X131.77 Y101.114 E.06328
G1 X131.995 Y100.89 E.01052
G1 X133.549 Y99.784 E.06328
G1 X133.773 Y99.56 E.01052
G1 X134 Y99.241 E.01299
G1 X134 Y96.132 E.10312
G1 X133.773 Y96.451 E.01299
G1 X133.549 Y96.675 E.01052
G1 X131.995 Y97.781 E.06328
G1 X131.77 Y98.005 E.01052
G1 X130.665 Y99.56 E.06328
G1 X130.44 Y99.784 E.01052
G1 X128.886 Y100.89 E.06328
G1 X128.662 Y101.114 E.01052
G1 X127.556 Y102.668 E.06328
G1 X127.332 Y102.893 E.01052
G1 X125.777 Y103.998 E.06328
G1 X125.553 Y104.223 E.01052
G1 X124.447 Y105.777 E.06328
G1 X124.223 Y106.002 E.01052
G1 X122.668 Y107.107 E.06328
G1 X122.444 Y107.332 E.01052
G1 X121.338 Y108.886 E.06328
G1 X121.114 Y109.11 E.01052
G1 X119.56 Y110.216 E.06328
G1 X119.335 Y110.44 E.01052
G1 X118.23 Y111.995 E.06328
G1 X118.005 Y112.219 E.01052
G1 X116.451 Y113.325 E.06328
G1 X116.227 Y113.549 E.01052
G1 X116 Y113.868 E.01299
G1 X116 Y110.759 E.10312
G1 X116.227 Y110.44 E.01299
G1 X116.451 Y110.216 E.01052
G1 X118.005 Y109.11 E.06328
G1 X118.23 Y108.886 E.01052
G1 X119.335 Y107.332 E.06328
G1 X119.56 Y107.107 E.01052
G1 X121.114 Y106.002 E.06328
G1 X121.338 Y105.777 E.01052
G1 X122.444 Y104.223 E.06328
G1 X122.668 Y103.998 E.01052
G1 X124.223 Y102.893 E.06328
G1 X124.447 Y102.668 E.01052
G1 X125.553 Y101.114 E.06328
G1 X125.777 Y100.89 E.01052
G1 X127.332 Y99.784 E.06328
G1 X127.556 Y99.56 E.01052
G1 X128.662 Y98.005 E.06328
G1 X128.886 Y97.781 E.01052
G1 X130.44 Y96.675 E.06328
G1 X130.665 Y96.451 E.01052
G1 X130.986 Y96 E.01837
G1 X127.877 Y96 E.10312
G1 X127.556 Y96.451 E.01837
G1 X127.332 Y96.675 E.01052
G1 X125.777 Y97.781 E.06328
G1 X125.553 Y98.005 E.01052
G1 X124.447 Y99.56 E.06328
G1 X124.223 Y99.784 E.01052
G1 X122.668 Y100.89 E.06328
G1 X122.444 Y101.114 E.01052
G1 X121.338 Y102.668 E.06328
G1 X121.114 Y102.893 E.01052
G1 X119.56 Y103.998 E.06328
G1 X119.335 Y104.223 E.01052
G1 X118.23 Y105.777 E.06328
G1 X118.005 Y106.002 E.01052
G1 X116.451 Y107.107 E.06328
G1 X116.227 Y107.332 E.01052
G1 X116 Y107.651 E.01299
G1 X116 Y104.542 E.10312
G1 X116.227 Y104.223 E.01299
G1 X116.451 Y103.998 E.01052
G1 X118.005 Y102.893 E.06328
G1 X118.23 Y102.668 E.01052
G1 X119.335 Y101.114 E.06328
G1 X119.56 Y100.89 E.01052
G1 X121.114 Y99.784 E.06328
G1 X121.338 Y99.56 E.01052
G1 X122.444 Y98.005 E.06328
G1 X122.668 Y97.781 E.01052
G1 X124.223 Y96.675 E.06328
G1 X124.447 Y96.451 E.01052
G1 X124.768 Y96 E.01837
G1 X121.659 Y96 E.10312
G1 X121.338 Y96.451 E.01837
G1 X121.114 Y96.675 E.01052
G1 X119.56 Y97.781 E.06328
G1 X119.335 Y98.005 E.01052
G1 X118.23 Y99.56 E.06328
G1 X118.005 Y99.784 E.01052
G1 X116.451 Y100.89 E.06328
G1 X116.227 Y101.114 E.01052
G1 X116 Y101.433 E.01299
G1 X116 Y98.324 E.10312
G1 X116.227 Y98.005 E.01299
G1 X116.451 Y97.781 E.01052
G1 X118.005 Y96.675 E.06328
G1 X118.23 Y96.451 E.01052
G1 X118.551 Y96 E.01837
G1 X116.922 Y96 E.05401
; stop printing object cube.stl id:0 copy 0
;LAYER_CHANGE
;Z:12.2
;HEIGHT:0.2
;BEFORE_LAYER_CHANGE
G92 E0.0
;12.2
M201 X4000 Y4000
M74 W0
;AFTER_LAYER_CHANGE
;12.2
;_SET_FAN_SPEED_CHANGING_LAYER
; printing object cube.stl id:0 copy 0
G1 E-.8 F1800
G1 X122.178 Y101.534 Z12.6 F7200
G1 X134.346 Y114.346 Z12.6
G1 Z12.2
G1 E.8 F1800
M204 P4000
;TYPE:Inner wall
;WIDTH:0.449999
G1 F2590
G1 X115.654 Y114.346 E.62008
G1 X115.654 Y95.654 E.62008
G1 X134.346 Y95.654 E.62008
G1 X134.346 Y114.306 E.61875
M204 T500
G1 X134.775 Y114.775 F7200
M204 P500
;TYPE:Outer wall
G1 F2590
G1 X115.225 Y114.775 E.64851
G1 X115.225 Y95.225 E.64851
G1 X134.775 Y95.225 E.64851
G1 X134.775 Y114.735 E.64718
M204 T4000
G1 X134 Y113.172 F7200
;TYPE:Sparse infill
;WIDTH:0.45
G1 F2590
G1 X134 Y111.543 E.05401
G1 X131.543 Y114 E.11527
G1 X128.435 Y114 E.10312
G1 X134 Y108.435 E.2611
G1 X134 Y110.063 E.05401
G1 E-.8 F1800
G1 X126.871 Y112.788 Z12.6 F7200
G1 X123.698 Y114 Z12.6
G1 Z12.2
G1 E.8 F1800
G1 F2590
G1 X125.326 Y114 E.05401
G1 X134 Y105.326 E.40694
G1 X134 Y102.217 E.10312
G1 X122.217 Y114 E.55278
G1 X119.108 Y114 E.10312
G1 X134 Y99.108 E.69862
G1 X134 Y96 E.10312
M73 P66 R9
G1 X116 Y114 E.84446
G1 X116 Y110.892 E.10312
G1 X130.892 Y96 E.69862
G1 X127.783 Y96 E.10312
G1 X116 Y107.783 E.55278
G1 X116 Y104.674 E.10312
G1 X124.674 Y96 E.40694
G1 X121.565 Y96 E.10312
G1 X116 Y101.565 E.2611
G1 X116 Y98.457 E.10312
G1 X118.457 Y96 E.11527
G1 X116.828 Y96 E.05401
; stop printing object cube.stl id:0 copy 0
;LAYER_CHANGE
;Z:12.4
;HEIGHT:0.2
;BEFORE_LAYER_CHANGE
G92 E0.0
;12.4
M201 X4000 Y4000
M74 W0
;AFTER_LAYER_CHANGE
;12.4
;_SET_FAN_SPEED_CHANGING_LAYER
; printing object cube.stl id:0 copy 0
G1 E-.8 F1800
G1 X122.099 Y101.52 Z12.8 F7200
G1 X134.346 Y114.346 Z12.8
G1 Z12.4
G1 E.8 F1800
M204 P4000
;TYPE:Inner wall
;WIDTH:0.449999
G1 F2590
G1 X115.654 Y114.346 E.62008
G1 X115.654 Y95.654 E.62008
G1 X134.346 Y95.654 E.62008
G1 X134.346 Y114.306 E.61875
M204 T500
G1 X134.775 Y114.775 F7200
M204 P500
;TYPE:Outer wall
G1 F2590
G1 X115.225 Y114.775 E.64851
G1 X115.225 Y95.225 E.64851
G1 X134.775 Y95.225 E.64851
G1 X134.775 Y114.735 E.64718
M204 T4000
G1 X134 Y113.172 F7200
;TYPE:Sparse infill
;WIDTH:0.45
G1 F2590
G1 X134 Y111.543 E.05401
G1 X131.543 Y114 E.11527
G1 X128.435 Y114 E.10312
G1 X134 Y108.435 E.2611
G1 X134 Y110.063 E.05401
G1 E-.8 F1800
G1 X126.871 Y112.788 Z12.8 F7200
G1 X123.698 Y114 Z12.8
G1 Z12.4
G1 E.8 F1800
G1 F2590
G1 X125.326 Y114 E.05401
G1 X134 Y105.326 E.40694
G1 X134 Y102.217 E.10312
G1 X122.217 Y114 E.55278
G1 X119.108 Y114 E.10312
G1 X134 Y99.108 E.69862
G1 X134 Y96 E.10312
G1 X116 Y114 E.84446
G1 X116 Y110.892 E.10312
G1 X130.892 Y96 E.69862
G1 X127.783 Y96 E.10312
G1 X116 Y107.783 E.55278
G1 X116 Y104.674 E.10312
G1 X124.674 Y96 E.40694
G1 X121.565 Y96 E.10312
G1 X116 Y101.565 E.2611
G1 X116 Y98.457 E.10312
G1 X118.457 Y96 E.11527
G1 X116.828 Y96 E.05401
; stop printing object cube.stl id:0 copy 0
;LAYER_CHANGE
;Z:12.6
;HEIGHT:0.200001
;BEFORE_LAYER_CHANGE
G92 E0.0
;12.6
M201 X4000 Y4000
M74 W0
;AFTER_LAYER_CHANGE
;12.6
;_SET_FAN_SPEED_CHANGING_LAYER
; printing object cube.stl id:0 copy 0
G1 E-.8 F1800
G1 X122.099 Y101.52 Z13 F7200
G1 X134.346 Y114.346 Z13
G1 Z12.6
G1 E.8 F1800
M204 P4000
;TYPE:Inner wall
;WIDTH:0.449999
G1 F2590
G1 X115.654 Y114.346 E.62008
G1 X115.654 Y95.654 E.62008
G1 X134.346 Y95.654 E.62008
G1 X134.346 Y114.306 E.61875
M204 T500
G1 X134.775 Y114.775 F7200
M204 P500
;TYPE:Outer wall
G1 F2590
G1 X115.225 Y114.775 E.64851
G1 X115.225 Y95.225 E.64851
M73 P67 R9
G1 X134.775 Y95.225 E.64851
G1 X134.775 Y114.735 E.64718
M204 T4000
G1 X134 Y113.172 F7200
;TYPE:Sparse infill
;WIDTH:0.45
G1 F2590
G1 X134 Y111.543 E.05401
G1 X131.543 Y114 E.11527
G1 X128.435 Y114 E.10312
G1 X134 Y108.435 E.2611
G1 X134 Y110.063 E.05401
G1 E-.8 F1800
G1 X126.871 Y112.788 Z13 F7200
G1 X123.698 Y114 Z13
G1 Z12.6
G1 E.8 F1800
G1 F2590
G1 X125.326 Y114 E.05401
G1 X134 Y105.326 E.40694
G1 X134 Y102.217 E.10312
M73 P67 R8
G1 X122.217 Y114 E.55278
G1 X119.108 Y114 E.10312
G1 X134 Y99.108 E.69862
G1 X134 Y96 E.10312
G1 X116 Y114 E.84446
G1 X116 Y110.892 E.10312
G1 X130.892 Y96 E.69862
G1 X127.783 Y96 E.10312
G1 X116 Y107.783 E.55278
G1 X116 Y104.674 E.10312
G1 X124.674 Y96 E.40694
G1 X121.565 Y96 E.10312
G1 X116 Y101.565 E.2611
G1 X116 Y98.457 E.10312
G1 X118.457 Y96 E.11527
G1 X116.828 Y96 E.05401
; stop printing object cube.stl id:0 copy 0
;LAYER_CHANGE
;Z:12.8
;HEIGHT:0.2
;BEFORE_LAYER_CHANGE
G92 E0.0
;12.8
M201 X4000 Y4000
M74 W0
;AFTER_LAYER_CHANGE
;12.8
;_SET_FAN_SPEED_CHANGING_LAYER
; printing object cube.stl id:0 copy 0
G1 E-.8 F1800
G1 X122.099 Y101.52 Z13.2 F7200
G1 X134.346 Y114.346 Z13.2
G1 Z12.8
G1 E.8 F1800
M204 P4000
;TYPE:Inner wall
;WIDTH:0.449999
G1 F2590
G1 X115.654 Y114.346 E.62008
G1 X115.654 Y95.654 E.62008
G1 X134.346 Y95.654 E.62008
G1 X134.346 Y114.306 E.61875
M204 T500
G1 X134.775 Y114.775 F7200
M204 P500
;TYPE:Outer wall
G1 F2590
G1 X115.225 Y114.775 E.64851
G1 X115.225 Y95.225 E.64851
G1 X134.775 Y95.225 E.64851
G1 X134.775 Y114.735 E.64718
M204 T4000
G1 X134 Y113.172 F7200
;TYPE:Sparse infill
;WIDTH:0.45
G1 F2590
G1 X134 Y111.543 E.05401
G1 X131.543 Y114 E.11527
G1 X128.435 Y114 E.10312
G1 X134 Y108.435 E.2611
G1 X134 Y110.063 E.05401
G1 E-.8 F1800
G1 X126.871 Y112.788 Z13.2 F7200
G1 X123.698 Y114 Z13.2
G1 Z12.8
G1 E.8 F1800
G1 F2590
G1 X125.326 Y114 E.05401
G1 X134 Y105.326 E.40694
G1 X134 Y102.217 E.10312
G1 X122.217 Y114 E.55278
G1 X119.108 Y114 E.10312
G1 X134 Y99.108 E.69862
G1 X134 Y96 E.10312
G1 X116 Y114 E.84446
G1 X116 Y110.892 E.10312
G1 X130.892 Y96 E.69862
G1 X127.783 Y96 E.10312
M73 P68 R8
G1 X116 Y107.783 E.55278
G1 X116 Y104.674 E.10312
G1 X124.674 Y96 E.40694
G1 X121.565 Y96 E.10312
G1 X116 Y101.565 E.2611
G1 X116 Y98.457 E.10312
G1 X118.457 Y96 E.11527
G1 X116.828 Y96 E.05401
; stop printing object cube.stl id:0 copy 0
;LAYER_CHANGE
;Z:13
;HEIGHT:0.2
;BEFORE_LAYER_CHANGE
G92 E0.0
;13
M201 X4000 Y4000
M74 W0
;AFTER_LAYER_CHANGE
;13
;_SET_FAN_SPEED_CHANGING_LAYER
; printing object cube.stl id:0 copy 0
G1 E-.8 F1800
G1 X122.099 Y101.52 Z13.4 F7200
G1 X134.346 Y114.346 Z13.4
G1 Z13
G1 E.8 F1800
M204 P4000
;TYPE:Inner wall
;WIDTH:0.449999
G1 F2590
G1 X115.654 Y114.346 E.62008
G1 X115.654 Y95.654 E.62008
G1 X134.346 Y95.654 E.62008
G1 X134.346 Y114.306 E.61875
M204 T500
G1 X134.775 Y114.775 F7200
M204 P500
;TYPE:Outer wall
G1 F2590
G1 X115.225 Y114.775 E.64851
G1 X115.225 Y95.225 E.64851
G1 X134.775 Y95.225 E.64851
G1 X134.775 Y114.735 E.64718
M204 T4000
G1 X134 Y113.172 F7200
;TYPE:Sparse infill
;WIDTH:0.45
G1 F2590
G1 X134 Y111.543 E.05401
G1 X131.543 Y114 E.11527
G1 X128.435 Y114 E.10312
G1 X134 Y108.435 E.2611
G1 X134 Y110.063 E.05401
G1 E-.8 F1800
G1 X126.871 Y112.788 Z13.4 F7200
G1 X123.698 Y114 Z13.4
G1 Z13
G1 E.8 F1800
G1 F2590
G1 X125.326 Y114 E.05401
G1 X134 Y105.326 E.40694
G1 X134 Y102.217 E.10312
G1 X122.217 Y114 E.55278
G1 X119.108 Y114 E.10312
G1 X134 Y99.108 E.69862
G1 X134 Y96 E.10312
G1 X116 Y114 E.84446
G1 X116 Y110.892 E.10312
G1 X130.892 Y96 E.69862
G1 X127.783 Y96 E.10312
G1 X116 Y107.783 E.55278
G1 X116 Y104.674 E.10312
G1 X124.674 Y96 E.40694
G1 X121.565 Y96 E.10312
G1 X116 Y101.565 E.2611
G1 X116 Y98.457 E.10312
G1 X118.457 Y96 E.11527
G1 X116.828 Y96 E.05401
; stop printing object cube.stl id:0 copy 0
;LAYER_CHANGE
;Z:13.2
;HEIGHT:0.2
;BEFORE_LAYER_CHANGE
G92 E0.0
;13.2
M201 X4000 Y4000
M74 W0
;AFTER_LAYER_CHANGE
;13.2
;_SET_FAN_SPEED_CHANGING_LAYER
; printing object cube.stl id:0 copy 0
G1 E-.8 F1800
G1 X122.099 Y101.52 Z13.6 F7200
G1 X134.346 Y114.346 Z13.6
G1 Z13.2
G1 E.8 F1800
M204 P4000
;TYPE:Inner wall
;WIDTH:0.449999
G1 F2590
G1 X115.654 Y114.346 E.62008
G1 X115.654 Y95.654 E.62008
G1 X134.346 Y95.654 E.62008
G1 X134.346 Y114.306 E.61875
M204 T500
G1 X134.775 Y114.775 F7200
M204 P500
;TYPE:Outer wall
G1 F2590
G1 X115.225 Y114.775 E.64851
G1 X115.225 Y95.225 E.64851
G1 X134.775 Y95.225 E.64851
G1 X134.775 Y114.735 E.64718
M73 P69 R8
M204 T4000
G1 X134 Y113.172 F7200
;TYPE:Sparse infill
;WIDTH:0.45
G1 F2590
G1 X134 Y111.543 E.05401
G1 X131.543 Y114 E.11527
G1 X128.435 Y114 E.10312
G1 X134 Y108.435 E.2611
G1 X134 Y110.063 E.05401
G1 E-.8 F1800
G1 X126.871 Y112.788 Z13.6 F7200
G1 X123.698 Y114 Z13.6
G1 Z13.2
G1 E.8 F1800
G1 F2590
G1 X125.326 Y114 E.05401
G1 X134 Y105.326 E.40694
G1 X134 Y102.217 E.10312
G1 X122.217 Y114 E.55278
G1 X119.108 Y114 E.10312
G1 X134 Y99.108 E.69862
G1 X134 Y96 E.10312
G1 X116 Y114 E.84446
G1 X116 Y110.892 E.10312
G1 X130.892 Y96 E.69862
G1 X127.783 Y96 E.10312
G1 X116 Y107.783 E.55278
G1 X116 Y104.674 E.10312
G1 X124.674 Y96 E.40694
G1 X121.565 Y96 E.10312
G1 X116 Y101.565 E.2611
G1 X116 Y98.457 E.10312
G1 X118.457 Y96 E.11527
G1 X116.828 Y96 E.05401
; stop printing object cube.stl id:0 copy 0
;LAYER_CHANGE
;Z:13.4
;HEIGHT:0.2
;BEFORE_LAYER_CHANGE
G92 E0.0
;13.4
M201 X4000 Y4000
M74 W0
;AFTER_LAYER_CHANGE
;13.4
;_SET_FAN_SPEED_CHANGING_LAYER
; printing object cube.stl id:0 copy 0
G1 E-.8 F1800
G1 X122.099 Y101.52 Z13.8 F7200
G1 X134.346 Y114.346 Z13.8
G1 Z13.4
G1 E.8 F1800
M204 P4000
;TYPE:Inner wall
;WIDTH:0.449999
G1 F2590
G1 X115.654 Y114.346 E.62008
G1 X115.654 Y95.654 E.62008
G1 X134.346 Y95.654 E.62008
G1 X134.346 Y114.306 E.61875
M204 T500
G1 X134.775 Y114.775 F7200
M204 P500
;TYPE:Outer wall
G1 F2590
G1 X115.225 Y114.775 E.64851
G1 X115.225 Y95.225 E.64851
G1 X134.775 Y95.225 E.64851
G1 X134.775 Y114.735 E.64718
M204 T4000
G1 X134 Y113.172 F7200
;TYPE:Sparse infill
;WIDTH:0.45
G1 F2590
G1 X134 Y111.543 E.05401
G1 X131.543 Y114 E.11527
G1 X128.435 Y114 E.10312
G1 X134 Y108.435 E.2611
G1 X134 Y110.063 E.05401
G1 E-.8 F1800
G1 X126.871 Y112.788 Z13.8 F7200
G1 X123.698 Y114 Z13.8
G1 Z13.4
G1 E.8 F1800
G1 F2590
G1 X125.326 Y114 E.05401
G1 X134 Y105.326 E.40694
G1 X134 Y102.217 E.10312
G1 X122.217 Y114 E.55278
G1 X119.108 Y114 E.10312
G1 X134 Y99.108 E.69862
G1 X134 Y96 E.10312
G1 X116 Y114 E.84446
G1 X116 Y110.892 E.10312
G1 X130.892 Y96 E.69862
G1 X127.783 Y96 E.10312
G1 X116 Y107.783 E.55278
G1 X116 Y104.674 E.10312
G1 X124.674 Y96 E.40694
G1 X121.565 Y96 E.10312
M73 P70 R8
G1 X116 Y101.565 E.2611
G1 X116 Y98.457 E.10312
G1 X118.457 Y96 E.11527
G1 X116.828 Y96 E.05401
; stop printing object cube.stl id:0 copy 0
;LAYER_CHANGE
;Z:13.6
;HEIGHT:0.200001
;BEFORE_LAYER_CHANGE
G92 E0.0
;13.6
M201 X4000 Y4000
M74 W0
;AFTER_LAYER_CHANGE
;13.6
;_SET_FAN_SPEED_CHANGING_LAYER
; printing object cube.stl id:0 copy 0
G1 E-.8 F1800
G1 X122.099 Y101.52 Z14 F7200
G1 X134.346 Y114.346 Z14
G1 Z13.6
G1 E.8 F1800
M204 P4000
;TYPE:Inner wall
;WIDTH:0.449999
G1 F2578
G1 X115.654 Y114.346 E.62008
G1 X115.654 Y95.654 E.62008
G1 X134.346 Y95.654 E.62008
G1 X134.346 Y114.306 E.61875
M204 T500
G1 X134.775 Y114.775 F7200
M204 P500
;TYPE:Outer wall
G1 F2578
G1 X115.225 Y114.775 E.64851
G1 X115.225 Y95.225 E.64851
G1 X134.775 Y95.225 E.64851
G1 X134.775 Y114.735 E.64718
M204 T4000
G1 X132.979 Y114 F7200
;TYPE:Sparse infill
;WIDTH:0.45
G1 F2578
G1 X131.351 Y114 E.05401
G1 X131.536 Y113.549 E.01618
G1 X131.995 Y113.091 E.02151
G1 X133.549 Y112.453 E.05573
G1 X134 Y112.002 E.02117
G1 X134 Y108.893 E.10312
G1 X133.549 Y109.345 E.02117
G1 X131.995 Y109.982 E.05573
G1 X131.536 Y110.44 E.02151
G1 X130.899 Y111.995 E.05573
G1 X130.44 Y112.453 E.02151
G1 X128.886 Y113.091 E.05573
G1 X128.427 Y113.549 E.02151
G1 X128.242 Y114 E.01618
G1 X125.134 Y114 E.10312
G1 X125.319 Y113.549 E.01618
G1 X125.777 Y113.091 E.02151
G1 X127.332 Y112.453 E.05573
G1 X127.79 Y111.995 E.02151
G1 X128.427 Y110.44 E.05573
G1 X128.886 Y109.982 E.02151
G1 X130.44 Y109.345 E.05573
G1 X130.899 Y108.886 E.02151
G1 X131.536 Y107.332 E.05573
G1 X131.995 Y106.873 E.02151
G1 X133.549 Y106.236 E.05573
G1 X134 Y105.784 E.02117
G1 X134 Y102.676 E.10312
G1 X133.549 Y103.127 E.02117
G1 X131.995 Y103.764 E.05573
G1 X131.536 Y104.223 E.02151
G1 X130.899 Y105.777 E.05573
G1 X130.44 Y106.236 E.02151
G1 X128.886 Y106.873 E.05573
G1 X128.427 Y107.332 E.02151
G1 X127.79 Y108.886 E.05573
G1 X127.332 Y109.345 E.02151
G1 X125.777 Y109.982 E.05573
G1 X125.319 Y110.44 E.02151
G1 X124.681 Y111.995 E.05573
G1 X124.223 Y112.453 E.02151
G1 X122.668 Y113.091 E.05573
G1 X122.21 Y113.549 E.02151
G1 X122.025 Y114 E.01618
G1 X118.916 Y114 E.10312
G1 X119.101 Y113.549 E.01618
G1 X119.56 Y113.091 E.02151
G1 X121.114 Y112.453 E.05573
G1 X121.573 Y111.995 E.02151
G1 X122.21 Y110.44 E.05573
G1 X122.668 Y109.982 E.02151
G1 X124.223 Y109.345 E.05573
G1 X124.681 Y108.886 E.02151
G1 X125.319 Y107.332 E.05573
G1 X125.777 Y106.873 E.02151
G1 X127.332 Y106.236 E.05573
G1 X127.79 Y105.777 E.02151
G1 X128.427 Y104.223 E.05573
G1 X128.886 Y103.764 E.02151
G1 X130.44 Y103.127 E.05573
G1 X130.899 Y102.668 E.02151
G1 X131.536 Y101.114 E.05573
G1 X131.995 Y100.655 E.02151
G1 X133.549 Y100.018 E.05573
G1 X134 Y99.567 E.02117
G1 X134 Y96.458 E.10312
G1 X133.549 Y96.909 E.02117
G1 X131.995 Y97.547 E.05573
G1 X131.536 Y98.005 E.02151
G1 X130.899 Y99.56 E.05573
G1 X130.44 Y100.018 E.02151
G1 X128.886 Y100.655 E.05573
G1 X128.427 Y101.114 E.02151
G1 X127.79 Y102.668 E.05573
G1 X127.332 Y103.127 E.02151
G1 X125.777 Y103.764 E.05573
G1 X125.319 Y104.223 E.02151
G1 X124.681 Y105.777 E.05573
G1 X124.223 Y106.236 E.02151
G1 X122.668 Y106.873 E.05573
G1 X122.21 Y107.332 E.02151
G1 X121.573 Y108.886 E.05573
G1 X121.114 Y109.345 E.02151
G1 X119.56 Y109.982 E.05573
G1 X119.101 Y110.44 E.02151
G1 X118.464 Y111.995 E.05573
G1 X118.005 Y112.453 E.02151
G1 X116.451 Y113.091 E.05573
G1 X116 Y113.542 E.02117
G1 X116 Y110.433 E.10312
G1 X116.451 Y109.982 E.02117
G1 X118.005 Y109.345 E.05573
G1 X118.464 Y108.886 E.02151
G1 X119.101 Y107.332 E.05573
G1 X119.56 Y106.873 E.02151
G1 X121.114 Y106.236 E.05573
G1 X121.573 Y105.777 E.02151
G1 X122.21 Y104.223 E.05573
G1 X122.668 Y103.764 E.02151
G1 X124.223 Y103.127 E.05573
G1 X124.681 Y102.668 E.02151
G1 X125.319 Y101.114 E.05573
G1 X125.777 Y100.655 E.02151
G1 X127.332 Y100.018 E.05573
G1 X127.79 Y99.56 E.02151
G1 X128.427 Y98.005 E.05573
G1 X128.886 Y97.547 E.02151
G1 X130.44 Y96.909 E.05573
G1 X130.899 Y96.451 E.02151
G1 X131.084 Y96 E.01618
G1 X127.975 Y96 E.10312
G1 X127.79 Y96.451 E.01618
G1 X127.332 Y96.909 E.02151
G1 X125.777 Y97.547 E.05573
G1 X125.319 Y98.005 E.02151
G1 X124.681 Y99.56 E.05573
G1 X124.223 Y100.018 E.02151
G1 X122.668 Y100.655 E.05573
G1 X122.21 Y101.114 E.02151
G1 X121.573 Y102.668 E.05573
G1 X121.114 Y103.127 E.02151
G1 X119.56 Y103.764 E.05573
G1 X119.101 Y104.223 E.02151
G1 X118.464 Y105.777 E.05573
G1 X118.005 Y106.236 E.02151
G1 X116.451 Y106.873 E.05573
M73 P70 R7
G1 X116 Y107.324 E.02117
G1 X116 Y104.216 E.10312
G1 X116.451 Y103.764 E.02117
G1 X118.005 Y103.127 E.05573
G1 X118.464 Y102.668 E.02151
G1 X119.101 Y101.114 E.05573
G1 X119.56 Y100.655 E.02151
G1 X121.114 Y100.018 E.05573
G1 X121.573 Y99.56 E.02151
G1 X122.21 Y98.005 E.05573
G1 X122.668 Y97.547 E.02151
G1 X124.223 Y96.909 E.05573
G1 X124.681 Y96.451 E.02151
G1 X124.866 Y96 E.01618
G1 X121.758 Y96 E.10312
G1 X121.573 Y96.451 E.01618
G1 X121.114 Y96.909 E.02151
G1 X119.56 Y97.547 E.05573
G1 X119.101 Y98.005 E.02151
G1 X118.464 Y99.56 E.05573
G1 X118.005 Y100.018 E.02151
G1 X116.451 Y100.655 E.05573
G1 X116 Y101.107 E.02117
G1 X116 Y97.998 E.10312
G1 X116.451 Y97.547 E.02117
G1 X118.005 Y96.909 E.05573
G1 X118.464 Y96.451 E.02151
G1 X118.649 Y96 E.01618
G1 X117.021 Y96 E.05401
; stop printing object cube.stl id:0 copy 0
;LAYER_CHANGE
;Z:13.8
;HEIGHT:0.2
;BEFORE_LAYER_CHANGE
G92 E0.0
;13.8
M201 X4000 Y4000
M74 W0
;AFTER_LAYER_CHANGE
;13.8
;_SET_FAN_SPEED_CHANGING_LAYER
; printing object cube.stl id:0 copy 0
G1 E-.8 F1800
G1 X122.261 Y101.549 Z14.2 F7200
G1 X134.346 Y114.346 Z14.2
G1 Z13.8
G1 E.8 F1800
M204 P4000
;TYPE:Inner wall
;WIDTH:0.449999
G1 F2766
G1 X115.654 Y114.346 E.62008
G1 X115.654 Y95.654 E.62008
M73 P71 R7
G1 X134.346 Y95.654 E.62008
G1 X134.346 Y114.306 E.61875
M204 T500
G1 X134.775 Y114.775 F7200
M204 P500
;TYPE:Outer wall
G1 F2766
G1 X115.225 Y114.775 E.64851
G1 X115.225 Y95.225 E.64851
G1 X134.775 Y95.225 E.64851
G1 X134.775 Y114.735 E.64718
M204 T4000
G1 E-.8 F1800
G1 X132.831 Y114 Z14.2 F7200
G1 Z13.8
G1 E.8 F1800
;TYPE:Sparse infill
;WIDTH:0.45
G1 F2766
G1 X131.203 Y114 E.05401
G1 X131.183 Y113.549 E.01499
G1 X131.995 Y112.737 E.0381
G1 X133.549 Y112.807 E.05161
G1 X134 Y112.356 E.02117
G1 X134 Y109.247 E.10312
G1 X133.549 Y109.698 E.02117
G1 X131.995 Y109.628 E.05161
G1 X131.183 Y110.44 E.0381
G1 X131.252 Y111.995 E.05161
G1 X130.44 Y112.807 E.0381
G1 X128.886 Y112.737 E.05161
G1 X128.074 Y113.549 E.0381
G1 X128.094 Y114 E.01499
G1 X124.985 Y114 E.10312
G1 X124.965 Y113.549 E.01499
G1 X125.777 Y112.737 E.0381
G1 X127.332 Y112.807 E.05161
G1 X128.144 Y111.995 E.0381
G1 X128.074 Y110.44 E.05161
G1 X128.886 Y109.628 E.0381
G1 X130.44 Y109.698 E.05161
G1 X131.252 Y108.886 E.0381
G1 X131.183 Y107.332 E.05161
G1 X131.995 Y106.519 E.0381
G1 X133.549 Y106.589 E.05161
G1 X134 Y106.138 E.02117
G1 X134 Y103.029 E.10312
G1 X133.549 Y103.481 E.02117
G1 X131.995 Y103.411 E.05161
G1 X131.183 Y104.223 E.0381
G1 X131.252 Y105.777 E.05161
G1 X130.44 Y106.589 E.0381
G1 X128.886 Y106.519 E.05161
G1 X128.074 Y107.332 E.0381
G1 X128.144 Y108.886 E.05161
G1 X127.332 Y109.698 E.0381
G1 X125.777 Y109.628 E.05161
G1 X124.965 Y110.44 E.0381
G1 X125.035 Y111.995 E.05161
G1 X124.223 Y112.807 E.0381
G1 X122.668 Y112.737 E.05161
G1 X121.856 Y113.549 E.0381
G1 X121.877 Y114 E.01499
G1 X118.768 Y114 E.10312
G1 X118.748 Y113.549 E.01499
G1 X119.56 Y112.737 E.0381
G1 X121.114 Y112.807 E.05161
G1 X121.926 Y111.995 E.0381
G1 X121.856 Y110.44 E.05161
G1 X122.668 Y109.628 E.0381
G1 X124.223 Y109.698 E.05161
G1 X125.035 Y108.886 E.0381
G1 X124.965 Y107.332 E.05161
G1 X125.777 Y106.519 E.0381
G1 X127.332 Y106.589 E.05161
G1 X128.144 Y105.777 E.0381
G1 X128.074 Y104.223 E.05161
G1 X128.886 Y103.411 E.0381
G1 X130.44 Y103.481 E.05161
G1 X131.252 Y102.668 E.0381
G1 X131.183 Y101.114 E.05161
G1 X131.995 Y100.302 E.0381
G1 X133.549 Y100.372 E.05161
G1 X134 Y99.92 E.02117
G1 X134 Y96.812 E.10312
G1 X133.549 Y97.263 E.02117
G1 X131.995 Y97.193 E.05161
G1 X131.183 Y98.005 E.0381
G1 X131.252 Y99.56 E.05161
G1 X130.44 Y100.372 E.0381
G1 X128.886 Y100.302 E.05161
G1 X128.074 Y101.114 E.0381
G1 X128.144 Y102.668 E.05161
G1 X127.332 Y103.481 E.0381
G1 X125.777 Y103.411 E.05161
G1 X124.965 Y104.223 E.0381
G1 X125.035 Y105.777 E.05161
G1 X124.223 Y106.589 E.0381
G1 X122.668 Y106.519 E.05161
G1 X121.856 Y107.332 E.0381
G1 X121.926 Y108.886 E.05161
G1 X121.114 Y109.698 E.0381
G1 X119.56 Y109.628 E.05161
G1 X118.748 Y110.44 E.0381
G1 X118.817 Y111.995 E.05161
G1 X118.005 Y112.807 E.0381
G1 X116.451 Y112.737 E.05161
G1 X116 Y113.188 E.02117
G1 X116 Y110.08 E.10312
G1 X116.451 Y109.628 E.02117
G1 X118.005 Y109.698 E.05161
G1 X118.817 Y108.886 E.0381
G1 X118.748 Y107.332 E.05161
G1 X119.56 Y106.519 E.0381
G1 X121.114 Y106.589 E.05161
G1 X121.926 Y105.777 E.0381
G1 X121.856 Y104.223 E.05161
G1 X122.668 Y103.411 E.0381
G1 X124.223 Y103.481 E.05161
G1 X125.035 Y102.668 E.0381
G1 X124.965 Y101.114 E.05161
G1 X125.777 Y100.302 E.0381
G1 X127.332 Y100.372 E.05161
G1 X128.144 Y99.56 E.0381
G1 X128.074 Y98.005 E.05161
G1 X128.886 Y97.193 E.0381
G1 X130.44 Y97.263 E.05161
G1 X131.252 Y96.451 E.0381
G1 X131.232 Y96 E.01499
G1 X128.123 Y96 E.10312
G1 X128.144 Y96.451 E.01499
G1 X127.332 Y97.263 E.0381
G1 X125.777 Y97.193 E.05161
G1 X124.965 Y98.005 E.0381
G1 X125.035 Y99.56 E.05161
G1 X124.223 Y100.372 E.0381
G1 X122.668 Y100.302 E.05161
G1 X121.856 Y101.114 E.0381
G1 X121.926 Y102.668 E.05161
G1 X121.114 Y103.481 E.0381
G1 X119.56 Y103.411 E.05161
G1 X118.748 Y104.223 E.0381
G1 X118.817 Y105.777 E.05161
G1 X118.005 Y106.589 E.0381
G1 X116.451 Y106.519 E.05161
G1 X116 Y106.971 E.02117
G1 X116 Y103.862 E.10312
G1 X116.451 Y103.411 E.02117
G1 X118.005 Y103.481 E.05161
G1 X118.817 Y102.668 E.0381
G1 X118.748 Y101.114 E.05161
G1 X119.56 Y100.302 E.0381
G1 X121.114 Y100.372 E.05161
G1 X121.926 Y99.56 E.0381
G1 X121.856 Y98.005 E.05161
G1 X122.668 Y97.193 E.0381
G1 X124.223 Y97.263 E.05161
G1 X125.035 Y96.451 E.0381
G1 X125.015 Y96 E.01499
G1 X121.906 Y96 E.10312
G1 X121.926 Y96.451 E.01499
G1 X121.114 Y97.263 E.0381
G1 X119.56 Y97.193 E.05161
G1 X118.748 Y98.005 E.0381
G1 X118.817 Y99.56 E.05161
G1 X118.005 Y100.372 E.0381
M73 P72 R7
G1 X116.451 Y100.302 E.05161
G1 X116 Y100.753 E.02117
G1 X116 Y97.644 E.10312
G1 X116.451 Y97.193 E.02117
G1 X118.005 Y97.263 E.05161
G1 X118.817 Y96.451 E.0381
G1 X118.797 Y96 E.01499
G1 X117.169 Y96 E.05401
; stop printing object cube.stl id:0 copy 0
;LAYER_CHANGE
;Z:14
;HEIGHT:0.2
;BEFORE_LAYER_CHANGE
G92 E0.0
;14
M201 X4000 Y4000
M74 W0
;AFTER_LAYER_CHANGE
;14
;_SET_FAN_SPEED_CHANGING_LAYER
; printing object cube.stl id:0 copy 0
G1 E-.8 F1800
G1 X122.385 Y101.571 Z14.4 F7200
G1 X134.346 Y114.346 Z14.4
G1 Z14
G1 E.8 F1800
M204 P4000
;TYPE:Inner wall
;WIDTH:0.449999
G1 F2741
G1 X115.654 Y114.346 E.62008
G1 X115.654 Y95.654 E.62008
G1 X134.346 Y95.654 E.62008
G1 X134.346 Y114.306 E.61875
M204 T500
G1 X134.775 Y114.775 F7200
M204 P500
;TYPE:Outer wall
G1 F2741
G1 X115.225 Y114.775 E.64851
G1 X115.225 Y95.225 E.64851
G1 X134.775 Y95.225 E.64851
G1 X134.775 Y114.735 E.64718
M204 T4000
G1 E-.8 F1800
G1 X127.149 Y114.418 Z14.4 F7200
G1 X117.122 Y114 Z14.4
G1 Z14
G1 E.8 F1800
;TYPE:Sparse infill
;WIDTH:0.45
G1 F2741
G1 X118.75 Y114 E.05401
G1 X118.705 Y113.549 E.01505
G1 X118.005 Y112.85 E.03282
G1 X116.451 Y112.694 E.05182
G1 X116 Y112.243 E.02117
G1 X116 Y109.134 E.10312
G1 X116.451 Y109.586 E.02117
G1 X118.005 Y109.741 E.05182
G1 X118.705 Y110.44 E.03282
G1 X118.86 Y111.995 E.05182
G1 X119.56 Y112.694 E.03282
G1 X121.114 Y112.85 E.05182
G1 X121.814 Y113.549 E.03282
G1 X121.859 Y114 E.01505
G1 X124.967 Y114 E.10312
G1 X124.922 Y113.549 E.01505
G1 X124.223 Y112.85 E.03282
G1 X122.668 Y112.694 E.05182
G1 X121.969 Y111.995 E.03282
G1 X121.814 Y110.44 E.05182
G1 X121.114 Y109.741 E.03282
G1 X119.56 Y109.586 E.05182
G1 X118.86 Y108.886 E.03282
G1 X118.705 Y107.332 E.05182
G1 X118.005 Y106.632 E.03282
G1 X116.451 Y106.477 E.05182
G1 X116 Y106.025 E.02117
G1 X116 Y102.917 E.10312
G1 X116.451 Y103.368 E.02117
G1 X118.005 Y103.523 E.05182
G1 X118.705 Y104.223 E.03282
G1 X118.86 Y105.777 E.05182
G1 X119.56 Y106.477 E.03282
G1 X121.114 Y106.632 E.05182
G1 X121.814 Y107.332 E.03282
G1 X121.969 Y108.886 E.05182
G1 X122.668 Y109.586 E.03282
G1 X124.223 Y109.741 E.05182
G1 X124.922 Y110.44 E.03282
G1 X125.078 Y111.995 E.05182
G1 X125.777 Y112.694 E.03282
G1 X127.332 Y112.85 E.05182
G1 X128.031 Y113.549 E.03282
G1 X128.076 Y114 E.01505
G1 X131.185 Y114 E.10312
G1 X131.14 Y113.549 E.01505
G1 X130.44 Y112.85 E.03282
G1 X128.886 Y112.694 E.05182
G1 X128.186 Y111.995 E.03282
G1 X128.031 Y110.44 E.05182
G1 X127.332 Y109.741 E.03282
G1 X125.777 Y109.586 E.05182
G1 X125.078 Y108.886 E.03282
G1 X124.922 Y107.332 E.05182
G1 X124.223 Y106.632 E.03282
G1 X122.668 Y106.477 E.05182
G1 X121.969 Y105.777 E.03282
G1 X121.814 Y104.223 E.05182
G1 X121.114 Y103.523 E.03282
G1 X119.56 Y103.368 E.05182
G1 X118.86 Y102.668 E.03282
G1 X118.705 Y101.114 E.05182
G1 X118.005 Y100.414 E.03282
G1 X116.451 Y100.259 E.05182
G1 X116 Y99.808 E.02117
G1 X116 Y96.699 E.10312
G1 X116.451 Y97.15 E.02117
G1 X118.005 Y97.306 E.05182
G1 X118.705 Y98.005 E.03282
G1 X118.86 Y99.56 E.05182
G1 X119.56 Y100.259 E.03282
G1 X121.114 Y100.414 E.05182
G1 X121.814 Y101.114 E.03282
G1 X121.969 Y102.668 E.05182
G1 X122.668 Y103.368 E.03282
G1 X124.223 Y103.523 E.05182
G1 X124.922 Y104.223 E.03282
G1 X125.078 Y105.777 E.05182
G1 X125.777 Y106.477 E.03282
G1 X127.332 Y106.632 E.05182
G1 X128.031 Y107.332 E.03282
G1 X128.186 Y108.886 E.05182
G1 X128.886 Y109.586 E.03282
G1 X130.44 Y109.741 E.05182
G1 X131.14 Y110.44 E.03282
G1 X131.295 Y111.995 E.05182
G1 X131.995 Y112.694 E.03282
G1 X133.549 Y112.85 E.05182
G1 X134 Y113.301 E.02117
G1 X134 Y110.192 E.10312
G1 X133.549 Y109.741 E.02117
G1 X131.995 Y109.586 E.05182
G1 X131.295 Y108.886 E.03282
G1 X131.14 Y107.332 E.05182
G1 X130.44 Y106.632 E.03282
G1 X128.886 Y106.477 E.05182
G1 X128.186 Y105.777 E.03282
G1 X128.031 Y104.223 E.05182
G1 X127.332 Y103.523 E.03282
G1 X125.777 Y103.368 E.05182
G1 X125.078 Y102.668 E.03282
G1 X124.922 Y101.114 E.05182
G1 X124.223 Y100.414 E.03282
G1 X122.668 Y100.259 E.05182
G1 X121.969 Y99.56 E.03282
G1 X121.814 Y98.005 E.05182
G1 X121.114 Y97.306 E.03282
G1 X119.56 Y97.15 E.05182
G1 X118.86 Y96.451 E.03282
G1 X118.815 Y96 E.01505
G1 X121.924 Y96 E.10312
G1 X121.969 Y96.451 E.01505
G1 X122.668 Y97.15 E.03282
G1 X124.223 Y97.306 E.05182
G1 X124.922 Y98.005 E.03282
G1 X125.078 Y99.56 E.05182
G1 X125.777 Y100.259 E.03282
G1 X127.332 Y100.414 E.05182
G1 X128.031 Y101.114 E.03282
G1 X128.186 Y102.668 E.05182
G1 X128.886 Y103.368 E.03282
G1 X130.44 Y103.523 E.05182
G1 X131.14 Y104.223 E.03282
G1 X131.295 Y105.777 E.05182
G1 X131.995 Y106.477 E.03282
G1 X133.549 Y106.632 E.05182
G1 X134 Y107.083 E.02117
G1 X134 Y103.975 E.10312
G1 X133.549 Y103.523 E.02117
G1 X131.995 Y103.368 E.05182
G1 X131.295 Y102.668 E.03282
G1 X131.14 Y101.114 E.05182
G1 X130.44 Y100.414 E.03282
G1 X128.886 Y100.259 E.05182
G1 X128.186 Y99.56 E.03282
G1 X128.031 Y98.005 E.05182
G1 X127.332 Y97.306 E.03282
G1 X125.777 Y97.15 E.05182
G1 X125.078 Y96.451 E.03282
G1 X125.033 Y96 E.01505
G1 X128.141 Y96 E.10312
G1 X128.186 Y96.451 E.01505
M73 P73 R7
G1 X128.886 Y97.15 E.03282
G1 X130.44 Y97.306 E.05182
G1 X131.14 Y98.005 E.03282
G1 X131.295 Y99.56 E.05182
G1 X131.995 Y100.259 E.03282
G1 X133.549 Y100.414 E.05182
G1 X134 Y100.866 E.02117
G1 X134 Y97.757 E.10312
G1 X133.549 Y97.306 E.02117
G1 X131.995 Y97.15 E.05182
G1 X131.295 Y96.451 E.03282
G1 X131.25 Y96 E.01505
G1 X132.878 Y96 E.05401
; stop printing object cube.stl id:0 copy 0
;LAYER_CHANGE
;Z:14.2
;HEIGHT:0.2
;BEFORE_LAYER_CHANGE
G92 E0.0
;14.2
M201 X4000 Y4000
M74 W0
;AFTER_LAYER_CHANGE
;14.2
;_SET_FAN_SPEED_CHANGING_LAYER
; printing object cube.stl id:0 copy 0
G1 E-.8 F1800
G1 X133.487 Y103.608 Z14.6 F7200
G1 X134.346 Y114.346 Z14.6
G1 Z14.2
G1 E.8 F1800
M204 P4000
;TYPE:Inner wall
;WIDTH:0.449999
G1 F2657
G1 X115.654 Y114.346 E.62008
G1 X115.654 Y95.654 E.62008
G1 X134.346 Y95.654 E.62008
G1 X134.346 Y114.306 E.61875
M204 T500
G1 X134.775 Y114.775 F7200
M204 P500
;TYPE:Outer wall
G1 F2657
G1 X115.225 Y114.775 E.64851
G1 X115.225 Y95.225 E.64851
G1 X134.775 Y95.225 E.64851
G1 X134.775 Y114.735 E.64718
M204 T4000
G1 E-.8 F1800
G1 X132.634 Y114 Z14.6 F7200
G1 Z14.2
G1 E.8 F1800
;TYPE:Sparse infill
;WIDTH:0.45
G1 F2657
G1 X134 Y114 E.04534
G1 X134 Y113.739 E.00867
G1 X133.895 Y113.549 E.0072
G1 X133.549 Y113.203 E.01623
G1 X131.995 Y112.341 E.05897
G1 X131.649 Y111.995 E.01623
G1 X130.786 Y110.44 E.05897
G1 X130.44 Y110.094 E.01623
G1 X128.886 Y109.232 E.05897
G1 X128.54 Y108.886 E.01623
G1 X127.678 Y107.332 E.05897
G1 X127.332 Y106.986 E.01623
G1 X125.777 Y106.123 E.05897
G1 X125.431 Y105.777 E.01623
G1 X124.569 Y104.223 E.05897
G1 X124.223 Y103.877 E.01623
G1 X122.668 Y103.014 E.05897
G1 X122.322 Y102.668 E.01623
G1 X121.46 Y101.114 E.05897
G1 X121.114 Y100.768 E.01623
G1 X119.56 Y99.906 E.05897
G1 X119.214 Y99.56 E.01623
G1 X118.351 Y98.005 E.05897
G1 X118.005 Y97.659 E.01623
G1 X116.451 Y96.797 E.05897
G1 X116.105 Y96.451 E.01623
G1 X116 Y96.261 E.0072
G1 X116 Y99.37 E.10312
G1 X116.105 Y99.56 E.0072
G1 X116.451 Y99.906 E.01623
G1 X118.005 Y100.768 E.05897
G1 X118.351 Y101.114 E.01623
G1 X119.214 Y102.668 E.05897
G1 X119.56 Y103.014 E.01623
G1 X121.114 Y103.877 E.05897
G1 X121.46 Y104.223 E.01623
G1 X122.322 Y105.777 E.05897
G1 X122.668 Y106.123 E.01623
G1 X124.223 Y106.986 E.05897
G1 X124.569 Y107.332 E.01623
G1 X125.431 Y108.886 E.05897
G1 X125.777 Y109.232 E.01623
G1 X127.332 Y110.094 E.05897
G1 X127.678 Y110.44 E.01623
G1 X128.54 Y111.995 E.05897
G1 X128.886 Y112.341 E.01623
G1 X130.44 Y113.203 E.05897
G1 X130.786 Y113.549 E.01623
G1 X131.037 Y114 E.01712
G1 X127.928 Y114 E.10312
G1 X127.678 Y113.549 E.01712
G1 X127.332 Y113.203 E.01623
G1 X125.777 Y112.341 E.05897
G1 X125.431 Y111.995 E.01623
G1 X124.569 Y110.44 E.05897
G1 X124.223 Y110.094 E.01623
G1 X122.668 Y109.232 E.05897
G1 X122.322 Y108.886 E.01623
G1 X121.46 Y107.332 E.05897
G1 X121.114 Y106.986 E.01623
G1 X119.56 Y106.123 E.05897
G1 X119.214 Y105.777 E.01623
G1 X118.351 Y104.223 E.05897
G1 X118.005 Y103.877 E.01623
G1 X116.451 Y103.014 E.05897
G1 X116.105 Y102.668 E.01623
G1 X116 Y102.479 E.0072
G1 X116 Y105.587 E.10312
G1 X116.105 Y105.777 E.0072
G1 X116.451 Y106.123 E.01623
G1 X118.005 Y106.986 E.05897
G1 X118.351 Y107.332 E.01623
G1 X119.214 Y108.886 E.05897
G1 X119.56 Y109.232 E.01623
G1 X121.114 Y110.094 E.05897
G1 X121.46 Y110.44 E.01623
G1 X122.322 Y111.995 E.05897
G1 X122.668 Y112.341 E.01623
G1 X124.223 Y113.203 E.05897
G1 X124.569 Y113.549 E.01623
G1 X124.819 Y114 E.01712
G1 X121.71 Y114 E.10312
G1 X121.46 Y113.549 E.01712
G1 X121.114 Y113.203 E.01623
G1 X119.56 Y112.341 E.05897
G1 X119.214 Y111.995 E.01623
G1 X118.351 Y110.44 E.05897
G1 X118.005 Y110.094 E.01623
G1 X116.451 Y109.232 E.05897
G1 X116.105 Y108.886 E.01623
G1 X116 Y108.696 E.0072
G1 X116 Y111.805 E.10312
G1 X116.105 Y111.995 E.0072
G1 X116.451 Y112.341 E.01623
G1 X118.005 Y113.203 E.05897
G1 X118.351 Y113.549 E.01623
G1 X118.602 Y114 E.01712
G1 X116.973 Y114 E.05401
G1 E-.8 F1800
G1 X117.127 Y106.37 Z14.6 F7200
G1 X117.335 Y96 Z14.6
G1 Z14.2
G1 E.8 F1800
G1 F2657
G1 X118.963 Y96 E.05401
G1 X119.214 Y96.451 E.01712
G1 X119.56 Y96.797 E.01623
G1 X121.114 Y97.659 E.05897
G1 X121.46 Y98.005 E.01623
G1 X122.322 Y99.56 E.05897
G1 X122.668 Y99.906 E.01623
G1 X124.223 Y100.768 E.05897
G1 X124.569 Y101.114 E.01623
G1 X125.431 Y102.668 E.05897
G1 X125.777 Y103.014 E.01623
G1 X127.332 Y103.877 E.05897
G1 X127.678 Y104.223 E.01623
G1 X128.54 Y105.777 E.05897
G1 X128.886 Y106.123 E.01623
G1 X130.44 Y106.986 E.05897
G1 X130.786 Y107.332 E.01623
G1 X131.649 Y108.886 E.05897
G1 X131.995 Y109.232 E.01623
G1 X133.549 Y110.094 E.05897
G1 X133.895 Y110.44 E.01623
G1 X134 Y110.63 E.0072
G1 X134 Y107.521 E.10312
G1 X133.895 Y107.332 E.0072
G1 X133.549 Y106.986 E.01623
G1 X131.995 Y106.123 E.05897
G1 X131.649 Y105.777 E.01623
G1 X130.786 Y104.223 E.05897
G1 X130.44 Y103.877 E.01623
G1 X128.886 Y103.014 E.05897
G1 X128.54 Y102.668 E.01623
G1 X127.678 Y101.114 E.05897
G1 X127.332 Y100.768 E.01623
G1 X125.777 Y99.906 E.05897
G1 X125.431 Y99.56 E.01623
G1 X124.569 Y98.005 E.05897
G1 X124.223 Y97.659 E.01623
G1 X122.668 Y96.797 E.05897
G1 X122.322 Y96.451 E.01623
G1 X122.072 Y96 E.01712
G1 X125.181 Y96 E.10312
G1 X125.431 Y96.451 E.01712
G1 X125.777 Y96.797 E.01623
G1 X127.332 Y97.659 E.05897
G1 X127.678 Y98.005 E.01623
G1 X128.54 Y99.56 E.05897
G1 X128.886 Y99.906 E.01623
G1 X130.44 Y100.768 E.05897
G1 X130.786 Y101.114 E.01623
G1 X131.649 Y102.668 E.05897
G1 X131.995 Y103.014 E.01623
G1 X133.549 Y103.877 E.05897
G1 X133.895 Y104.223 E.01623
G1 X134 Y104.413 E.0072
G1 X134 Y101.304 E.10312
G1 X133.895 Y101.114 E.0072
G1 X133.549 Y100.768 E.01623
G1 X131.995 Y99.906 E.05897
G1 X131.649 Y99.56 E.01623
G1 X130.786 Y98.005 E.05897
G1 X130.44 Y97.659 E.01623
G1 X128.886 Y96.797 E.05897
G1 X128.54 Y96.451 E.01623
G1 X128.29 Y96 E.01712
G1 X131.398 Y96 E.10312
G1 X131.649 Y96.451 E.01712
G1 X131.995 Y96.797 E.01623
G1 X133.549 Y97.659 E.05897
G1 X133.895 Y98.005 E.01623
G1 X134 Y98.195 E.0072
G1 X134 Y96.567 E.05401
; stop printing object cube.stl id:0 copy 0
;LAYER_CHANGE
;Z:14.4
;HEIGHT:0.2
;BEFORE_LAYER_CHANGE
G92 E0.0
;14.4
M201 X4000 Y4000
M74 W0
;AFTER_LAYER_CHANGE
;14.4
;_SET_FAN_SPEED_CHANGING_LAYER
; printing object cube.stl id:0 copy 0
G1 E-.8 F1800
G1 X134.149 Y104.198 Z14.8 F7200
G1 X134.346 Y114.346 Z14.8
G1 Z14.4
G1 E.8 F1800
M204 P4000
;TYPE:Inner wall
;WIDTH:0.449999
G1 F2598
G1 X115.654 Y114.346 E.62008
G1 X115.654 Y95.654 E.62008
M73 P74 R7
G1 X134.346 Y95.654 E.62008
G1 X134.346 Y114.306 E.61875
M204 T500
G1 X134.775 Y114.775 F7200
M204 P500
;TYPE:Outer wall
G1 F2598
G1 X115.225 Y114.775 E.64851
G1 X115.225 Y95.225 E.64851
G1 X134.775 Y95.225 E.64851
G1 X134.775 Y114.735 E.64718
M204 T4000
G1 E-.8 F1800
G1 X134.445 Y107.11 Z14.8 F7200
G1 X134 Y96.828 Z14.8
G1 Z14.4
G1 E.8 F1800
;TYPE:Sparse infill
;WIDTH:0.45
G1 F2598
G1 X134 Y98.457 E.05401
G1 X131.543 Y96 E.11527
G1 X128.435 Y96 E.10312
G1 X134 Y101.565 E.2611
G1 X134 Y104.674 E.10312
G1 X125.326 Y96 E.40694
G1 X122.217 Y96 E.10312
G1 X134 Y107.783 E.55278
G1 X134 Y110.892 E.10312
G1 X119.108 Y96 E.69862
G1 X116 Y96 E.10312
G1 X134 Y114 E.84446
G1 X130.892 Y114 E.10312
G1 X116 Y99.108 E.69862
G1 X116 Y102.217 E.10312
M73 P74 R6
G1 X127.783 Y114 E.55278
G1 X124.674 Y114 E.10312
G1 X116 Y105.326 E.40694
G1 X116 Y108.435 E.10312
G1 X121.565 Y114 E.2611
G1 X118.457 Y114 E.10312
G1 X116 Y111.543 E.11527
G1 X116 Y113.172 E.05401
; stop printing object cube.stl id:0 copy 0
;LAYER_CHANGE
;Z:14.6
;HEIGHT:0.200001
;BEFORE_LAYER_CHANGE
G92 E0.0
;14.6
M201 X4000 Y4000
M74 W0
;AFTER_LAYER_CHANGE
;14.6
;_SET_FAN_SPEED_CHANGING_LAYER
; printing object cube.stl id:0 copy 0
G1 E-.8 F1800
G1 X123.616 Y113.659 Z15 F7200
G1 X134.346 Y114.346 Z15
G1 Z14.6
G1 E.8 F1800
M204 P4000
;TYPE:Inner wall
;WIDTH:0.449999
G1 F2598
G1 X115.654 Y114.346 E.62008
G1 X115.654 Y95.654 E.62008
G1 X134.346 Y95.654 E.62008
G1 X134.346 Y114.306 E.61875
M204 T500
G1 X134.775 Y114.775 F7200
M204 P500
;TYPE:Outer wall
G1 F2598
G1 X115.225 Y114.775 E.64851
G1 X115.225 Y95.225 E.64851
G1 X134.775 Y95.225 E.64851
G1 X134.775 Y114.735 E.64718
M204 T4000
G1 E-.8 F1800
G1 X134.445 Y107.11 Z15 F7200
G1 X134 Y96.828 Z15
G1 Z14.6
G1 E.8 F1800
;TYPE:Sparse infill
;WIDTH:0.45
G1 F2598
G1 X134 Y98.457 E.05401
G1 X131.543 Y96 E.11527
G1 X128.435 Y96 E.10312
G1 X134 Y101.565 E.2611
G1 X134 Y104.674 E.10312
G1 X125.326 Y96 E.40694
G1 X122.217 Y96 E.10312
G1 X134 Y107.783 E.55278
G1 X134 Y110.892 E.10312
G1 X119.108 Y96 E.69862
M73 P75 R6
G1 X116 Y96 E.10312
G1 X134 Y114 E.84446
G1 X130.892 Y114 E.10312
G1 X116 Y99.108 E.69862
G1 X116 Y102.217 E.10312
G1 X127.783 Y114 E.55278
G1 X124.674 Y114 E.10312
G1 X116 Y105.326 E.40694
G1 X116 Y108.435 E.10312
G1 X121.565 Y114 E.2611
G1 X118.457 Y114 E.10312
G1 X116 Y111.543 E.11527
G1 X116 Y113.172 E.05401
; stop printing object cube.stl id:0 copy 0
;LAYER_CHANGE
;Z:14.8
;HEIGHT:0.2
;BEFORE_LAYER_CHANGE
G92 E0.0
;14.8
M201 X4000 Y4000
M74 W0
;AFTER_LAYER_CHANGE
;14.8
;_SET_FAN_SPEED_CHANGING_LAYER
; printing object cube.stl id:0 copy 0
G1 E-.8 F1800
G1 X123.616 Y113.659 Z15.2 F7200
G1 X134.346 Y114.346 Z15.2
G1 Z14.8
G1 E.8 F1800
M204 P4000
;TYPE:Inner wall
;WIDTH:0.449999
G1 F2598
G1 X115.654 Y114.346 E.62008
G1 X115.654 Y95.654 E.62008
G1 X134.346 Y95.654 E.62008
G1 X134.346 Y114.306 E.61875
M204 T500
G1 X134.775 Y114.775 F7200
M204 P500
;TYPE:Outer wall
G1 F2598
G1 X115.225 Y114.775 E.64851
G1 X115.225 Y95.225 E.64851
G1 X134.775 Y95.225 E.64851
G1 X134.775 Y114.735 E.64718
M204 T4000
G1 E-.8 F1800
G1 X134.445 Y107.11 Z15.2 F7200
G1 X134 Y96.828 Z15.2
G1 Z14.8
G1 E.8 F1800
;TYPE:Sparse infill
;WIDTH:0.45
G1 F2598
G1 X134 Y98.457 E.05401
G1 X131.543 Y96 E.11527
G1 X128.435 Y96 E.10312
G1 X134 Y101.565 E.2611
G1 X134 Y104.674 E.10312
G1 X125.326 Y96 E.40694
G1 X122.217 Y96 E.10312
G1 X134 Y107.783 E.55278
G1 X134 Y110.892 E.10312
G1 X119.108 Y96 E.69862
G1 X116 Y96 E.10312
G1 X134 Y114 E.84446
G1 X130.892 Y114 E.10312
G1 X116 Y99.108 E.69862
G1 X116 Y102.217 E.10312
G1 X127.783 Y114 E.55278
G1 X124.674 Y114 E.10312
G1 X116 Y105.326 E.40694
G1 X116 Y108.435 E.10312
G1 X121.565 Y114 E.2611
G1 X118.457 Y114 E.10312
G1 X116 Y111.543 E.11527
G1 X116 Y113.172 E.05401
; stop printing object cube.stl id:0 copy 0
;LAYER_CHANGE
;Z:15
;HEIGHT:0.2
;BEFORE_LAYER_CHANGE
G92 E0.0
;15
M201 X4000 Y4000
M74 W0
;AFTER_LAYER_CHANGE
;15
;_SET_FAN_SPEED_CHANGING_LAYER
; printing object cube.stl id:0 copy 0
G1 E-.8 F1800
G1 X123.616 Y113.659 Z15.4 F7200
G1 X134.346 Y114.346 Z15.4
G1 Z15
G1 E.8 F1800
M204 P4000
;TYPE:Inner wall
;WIDTH:0.449999
G1 F2598
G1 X115.654 Y114.346 E.62008
G1 X115.654 Y95.654 E.62008
G1 X134.346 Y95.654 E.62008
G1 X134.346 Y114.306 E.61875
M204 T500
G1 X134.775 Y114.775 F7200
M73 P76 R6
M204 P500
;TYPE:Outer wall
G1 F2598
G1 X115.225 Y114.775 E.64851
G1 X115.225 Y95.225 E.64851
G1 X134.775 Y95.225 E.64851
G1 X134.775 Y114.735 E.64718
M204 T4000
G1 E-.8 F1800
G1 X134.445 Y107.11 Z15.4 F7200
G1 X134 Y96.828 Z15.4
G1 Z15
G1 E.8 F1800
;TYPE:Sparse infill
;WIDTH:0.45
G1 F2598
G1 X134 Y98.457 E.05401
G1 X131.543 Y96 E.11527
G1 X128.435 Y96 E.10312
G1 X134 Y101.565 E.2611
G1 X134 Y104.674 E.10312
G1 X125.326 Y96 E.40694
G1 X122.217 Y96 E.10312
G1 X134 Y107.783 E.55278
G1 X134 Y110.892 E.10312
G1 X119.108 Y96 E.69862
G1 X116 Y96 E.10312
G1 X134 Y114 E.84446
G1 X130.892 Y114 E.10312
G1 X116 Y99.108 E.69862
G1 X116 Y102.217 E.10312
G1 X127.783 Y114 E.55278
G1 X124.674 Y114 E.10312
G1 X116 Y105.326 E.40694
G1 X116 Y108.435 E.10312
G1 X121.565 Y114 E.2611
G1 X118.457 Y114 E.10312
G1 X116 Y111.543 E.11527
G1 X116 Y113.172 E.05401
; stop printing object cube.stl id:0 copy 0
;LAYER_CHANGE
;Z:15.2
;HEIGHT:0.2
;BEFORE_LAYER_CHANGE
G92 E0.0
;15.2
M201 X4000 Y4000
M74 W0
;AFTER_LAYER_CHANGE
;15.2
;_SET_FAN_SPEED_CHANGING_LAYER
; printing object cube.stl id:0 copy 0
G1 E-.8 F1800
G1 X123.616 Y113.659 Z15.6 F7200
G1 X134.346 Y114.346 Z15.6
G1 Z15.2
G1 E.8 F1800
M204 P4000
;TYPE:Inner wall
;WIDTH:0.449999
G1 F2598
G1 X115.654 Y114.346 E.62008
G1 X115.654 Y95.654 E.62008
G1 X134.346 Y95.654 E.62008
G1 X134.346 Y114.306 E.61875
M204 T500
G1 X134.775 Y114.775 F7200
M204 P500
;TYPE:Outer wall
G1 F2598
G1 X115.225 Y114.775 E.64851
G1 X115.225 Y95.225 E.64851
G1 X134.775 Y95.225 E.64851
G1 X134.775 Y114.735 E.64718
M204 T4000
G1 E-.8 F1800
G1 X134.445 Y107.11 Z15.6 F7200
G1 X134 Y96.828 Z15.6
G1 Z15.2
G1 E.8 F1800
;TYPE:Sparse infill
;WIDTH:0.45
G1 F2598
G1 X134 Y98.457 E.05401
G1 X131.543 Y96 E.11527
G1 X128.435 Y96 E.10312
G1 X134 Y101.565 E.2611
G1 X134 Y104.674 E.10312
G1 X125.326 Y96 E.40694
G1 X122.217 Y96 E.10312
G1 X134 Y107.783 E.55278
G1 X134 Y110.892 E.10312
G1 X119.108 Y96 E.69862
G1 X116 Y96 E.10312
G1 X134 Y114 E.84446
G1 X130.892 Y114 E.10312
G1 X116 Y99.108 E.69862
G1 X116 Y102.217 E.10312
M73 P77 R6
G1 X127.783 Y114 E.55278
G1 X124.674 Y114 E.10312
G1 X116 Y105.326 E.40694
G1 X116 Y108.435 E.10312
G1 X121.565 Y114 E.2611
G1 X118.457 Y114 E.10312
G1 X116 Y111.543 E.11527
G1 X116 Y113.172 E.05401
; stop printing object cube.stl id:0 copy 0
;LAYER_CHANGE
;Z:15.4
;HEIGHT:0.2
;BEFORE_LAYER_CHANGE
G92 E0.0
;15.4
M201 X4000 Y4000
M74 W0
;AFTER_LAYER_CHANGE
;15.4
;_SET_FAN_SPEED_CHANGING_LAYER
; printing object cube.stl id:0 copy 0
G1 E-.8 F1800
G1 X123.616 Y113.659 Z15.8 F7200
G1 X134.346 Y114.346 Z15.8
G1 Z15.4
G1 E.8 F1800
M204 P4000
;TYPE:Inner wall
;WIDTH:0.449999
G1 F2598
G1 X115.654 Y114.346 E.62008
G1 X115.654 Y95.654 E.62008
G1 X134.346 Y95.654 E.62008
G1 X134.346 Y114.306 E.61875
M204 T500
G1 X134.775 Y114.775 F7200
M204 P500
;TYPE:Outer wall
G1 F2598
G1 X115.225 Y114.775 E.64851
G1 X115.225 Y95.225 E.64851
G1 X134.775 Y95.225 E.64851
G1 X134.775 Y114.735 E.64718
M204 T4000
G1 E-.8 F1800
G1 X134.445 Y107.11 Z15.8 F7200
G1 X134 Y96.828 Z15.8
G1 Z15.4
G1 E.8 F1800
;TYPE:Sparse infill
;WIDTH:0.45
G1 F2598
G1 X134 Y98.457 E.05401
G1 X131.543 Y96 E.11527
G1 X128.435 Y96 E.10312
G1 X134 Y101.565 E.2611
G1 X134 Y104.674 E.10312
G1 X125.326 Y96 E.40694
G1 X122.217 Y96 E.10312
G1 X134 Y107.783 E.55278
G1 X134 Y110.892 E.10312
G1 X119.108 Y96 E.69862
G1 X116 Y96 E.10312
G1 X134 Y114 E.84446
G1 X130.892 Y114 E.10312
G1 X116 Y99.108 E.69862
G1 X116 Y102.217 E.10312
G1 X127.783 Y114 E.55278
G1 X124.674 Y114 E.10312
G1 X116 Y105.326 E.40694
G1 X116 Y108.435 E.10312
G1 X121.565 Y114 E.2611
G1 X118.457 Y114 E.10312
G1 X116 Y111.543 E.11527
G1 X116 Y113.172 E.05401
; stop printing object cube.stl id:0 copy 0
;LAYER_CHANGE
;Z:15.6
;HEIGHT:0.200001
;BEFORE_LAYER_CHANGE
G92 E0.0
;15.6
M201 X4000 Y4000
M74 W0
;AFTER_LAYER_CHANGE
;15.6
;_SET_FAN_SPEED_CHANGING_LAYER
; printing object cube.stl id:0 copy 0
G1 E-.8 F1800
G1 X123.616 Y113.659 Z16 F7200
G1 X134.346 Y114.346 Z16
G1 Z15.6
G1 E.8 F1800
M204 P4000
;TYPE:Inner wall
;WIDTH:0.449999
G1 F2598
G1 X115.654 Y114.346 E.62008
G1 X115.654 Y95.654 E.62008
G1 X134.346 Y95.654 E.62008
G1 X134.346 Y114.306 E.61875
M204 T500
G1 X134.775 Y114.775 F7200
M204 P500
;TYPE:Outer wall
G1 F2598
G1 X115.225 Y114.775 E.64851
G1 X115.225 Y95.225 E.64851
G1 X134.775 Y95.225 E.64851
G1 X134.775 Y114.735 E.64718
M73 P78 R6
M204 T4000
G1 E-.8 F1800
G1 X134.445 Y107.11 Z16 F7200
G1 X134 Y96.828 Z16
G1 Z15.6
G1 E.8 F1800
;TYPE:Sparse infill
;WIDTH:0.45
G1 F2598
G1 X134 Y98.457 E.05401
G1 X131.543 Y96 E.11527
G1 X128.435 Y96 E.10312
G1 X134 Y101.565 E.2611
G1 X134 Y104.674 E.10312
G1 X125.326 Y96 E.40694
G1 X122.217 Y96 E.10312
G1 X134 Y107.783 E.55278
G1 X134 Y110.892 E.10312
M73 P78 R5
G1 X119.108 Y96 E.69862
G1 X116 Y96 E.10312
G1 X134 Y114 E.84446
G1 X130.892 Y114 E.10312
G1 X116 Y99.108 E.69862
G1 X116 Y102.217 E.10312
G1 X127.783 Y114 E.55278
G1 X124.674 Y114 E.10312
G1 X116 Y105.326 E.40694
G1 X116 Y108.435 E.10312
G1 X121.565 Y114 E.2611
G1 X118.457 Y114 E.10312
G1 X116 Y111.543 E.11527
G1 X116 Y113.172 E.05401
; stop printing object cube.stl id:0 copy 0
;LAYER_CHANGE
;Z:15.8
;HEIGHT:0.2
;BEFORE_LAYER_CHANGE
G92 E0.0
;15.8
M201 X4000 Y4000
M74 W0
;AFTER_LAYER_CHANGE
;15.8
;_SET_FAN_SPEED_CHANGING_LAYER
; printing object cube.stl id:0 copy 0
G1 E-.8 F1800
G1 X123.616 Y113.659 Z16.2 F7200
G1 X134.346 Y114.346 Z16.2
G1 Z15.8
G1 E.8 F1800
M204 P4000
;TYPE:Inner wall
;WIDTH:0.449999
G1 F2654
G1 X115.654 Y114.346 E.62008
G1 X115.654 Y95.654 E.62008
G1 X134.346 Y95.654 E.62008
G1 X134.346 Y114.306 E.61875
M204 T500
G1 X134.775 Y114.775 F7200
M204 P500
;TYPE:Outer wall
G1 F2654
G1 X115.225 Y114.775 E.64851
G1 X115.225 Y95.225 E.64851
G1 X134.775 Y95.225 E.64851
G1 X134.775 Y114.735 E.64718
M204 T4000
G1 E-.8 F1800
G1 X132.661 Y114 Z16.2 F7200
G1 Z15.8
G1 E.8 F1800
;TYPE:Sparse infill
;WIDTH:0.45
G1 F2654
G1 X131.033 Y114 E.05401
G1 X130.777 Y113.549 E.01721
G1 X130.44 Y113.212 E.01581
G1 X128.886 Y112.332 E.05926
G1 X128.549 Y111.995 E.01581
G1 X127.668 Y110.44 E.05926
G1 X127.332 Y110.103 E.01581
G1 X125.777 Y109.223 E.05926
G1 X125.44 Y108.886 E.01581
G1 X124.56 Y107.332 E.05926
G1 X124.223 Y106.995 E.01581
G1 X122.668 Y106.114 E.05926
G1 X122.332 Y105.777 E.01581
G1 X121.451 Y104.223 E.05926
G1 X121.114 Y103.886 E.01581
G1 X119.56 Y103.005 E.05926
G1 X119.223 Y102.668 E.01581
G1 X118.342 Y101.114 E.05926
G1 X118.005 Y100.777 E.01581
G1 X116.451 Y99.897 E.05926
G1 X116.114 Y99.56 E.01581
G1 X116 Y99.358 E.0077
G1 X116 Y102.466 E.10312
G1 X116.114 Y102.668 E.0077
G1 X116.451 Y103.005 E.01581
G1 X118.005 Y103.886 E.05926
G1 X118.342 Y104.223 E.01581
G1 X119.223 Y105.777 E.05926
G1 X119.56 Y106.114 E.01581
G1 X121.114 Y106.995 E.05926
G1 X121.451 Y107.332 E.01581
G1 X122.332 Y108.886 E.05926
G1 X122.668 Y109.223 E.01581
G1 X124.223 Y110.103 E.05926
G1 X124.56 Y110.44 E.01581
G1 X125.44 Y111.995 E.05926
G1 X125.777 Y112.332 E.01581
G1 X127.332 Y113.212 E.05926
G1 X127.668 Y113.549 E.01581
G1 X127.924 Y114 E.01721
G1 X124.815 Y114 E.10312
G1 X124.56 Y113.549 E.01721
G1 X124.223 Y113.212 E.01581
G1 X122.668 Y112.332 E.05926
G1 X122.332 Y111.995 E.01581
G1 X121.451 Y110.44 E.05926
G1 X121.114 Y110.103 E.01581
G1 X119.56 Y109.223 E.05926
G1 X119.223 Y108.886 E.01581
G1 X118.342 Y107.332 E.05926
G1 X118.005 Y106.995 E.01581
G1 X116.451 Y106.114 E.05926
G1 X116.114 Y105.777 E.01581
G1 X116 Y105.575 E.0077
G1 X116 Y108.684 E.10312
G1 X116.114 Y108.886 E.0077
G1 X116.451 Y109.223 E.01581
G1 X118.005 Y110.103 E.05926
G1 X118.342 Y110.44 E.01581
G1 X119.223 Y111.995 E.05926
G1 X119.56 Y112.332 E.01581
G1 X121.114 Y113.212 E.05926
G1 X121.451 Y113.549 E.01581
G1 X121.707 Y114 E.01721
G1 X118.598 Y114 E.10312
G1 X118.342 Y113.549 E.01721
G1 X118.005 Y113.212 E.01581
G1 X116.451 Y112.332 E.05926
G1 X116.114 Y111.995 E.01581
G1 X116 Y111.793 E.0077
G1 X116 Y113.421 E.05401
G1 E-.8 F1800
G1 X116.602 Y105.812 Z16.2 F7200
G1 X117.379 Y96 Z16.2
G1 Z15.8
G1 E.8 F1800
G1 F2654
G1 X116 Y96 E.04574
G1 X116 Y96.249 E.00827
G1 X116.114 Y96.451 E.0077
G1 X116.451 Y96.788 E.01581
G1 X118.005 Y97.668 E.05926
G1 X118.342 Y98.005 E.01581
G1 X119.223 Y99.56 E.05926
G1 X119.56 Y99.897 E.01581
G1 X121.114 Y100.777 E.05926
G1 X121.451 Y101.114 E.01581
G1 X122.332 Y102.668 E.05926
G1 X122.668 Y103.005 E.01581
G1 X124.223 Y103.886 E.05926
G1 X124.56 Y104.223 E.01581
M73 P79 R5
G1 X125.44 Y105.777 E.05926
G1 X125.777 Y106.114 E.01581
G1 X127.332 Y106.995 E.05926
G1 X127.668 Y107.332 E.01581
G1 X128.549 Y108.886 E.05926
G1 X128.886 Y109.223 E.01581
G1 X130.44 Y110.103 E.05926
G1 X130.777 Y110.44 E.01581
G1 X131.658 Y111.995 E.05926
G1 X131.995 Y112.332 E.01581
G1 X133.549 Y113.212 E.05926
G1 X133.886 Y113.549 E.01581
G1 X134 Y113.751 E.0077
G1 X134 Y110.642 E.10312
G1 X133.886 Y110.44 E.0077
G1 X133.549 Y110.103 E.01581
G1 X131.995 Y109.223 E.05926
G1 X131.658 Y108.886 E.01581
G1 X130.777 Y107.332 E.05926
G1 X130.44 Y106.995 E.01581
G1 X128.886 Y106.114 E.05926
G1 X128.549 Y105.777 E.01581
G1 X127.668 Y104.223 E.05926
G1 X127.332 Y103.886 E.01581
G1 X125.777 Y103.005 E.05926
G1 X125.44 Y102.668 E.01581
G1 X124.56 Y101.114 E.05926
G1 X124.223 Y100.777 E.01581
G1 X122.668 Y99.897 E.05926
G1 X122.332 Y99.56 E.01581
G1 X121.451 Y98.005 E.05926
G1 X121.114 Y97.668 E.01581
G1 X119.56 Y96.788 E.05926
G1 X119.223 Y96.451 E.01581
G1 X118.967 Y96 E.01721
G1 X122.076 Y96 E.10312
G1 X122.332 Y96.451 E.01721
G1 X122.668 Y96.788 E.01581
G1 X124.223 Y97.668 E.05926
G1 X124.56 Y98.005 E.01581
G1 X125.44 Y99.56 E.05926
G1 X125.777 Y99.897 E.01581
G1 X127.332 Y100.777 E.05926
G1 X127.668 Y101.114 E.01581
G1 X128.549 Y102.668 E.05926
G1 X128.886 Y103.005 E.01581
G1 X130.44 Y103.886 E.05926
G1 X130.777 Y104.223 E.01581
G1 X131.658 Y105.777 E.05926
G1 X131.995 Y106.114 E.01581
G1 X133.549 Y106.995 E.05926
G1 X133.886 Y107.332 E.01581
G1 X134 Y107.534 E.0077
G1 X134 Y104.425 E.10312
G1 X133.886 Y104.223 E.0077
G1 X133.549 Y103.886 E.01581
G1 X131.995 Y103.005 E.05926
G1 X131.658 Y102.668 E.01581
G1 X130.777 Y101.114 E.05926
G1 X130.44 Y100.777 E.01581
G1 X128.886 Y99.897 E.05926
G1 X128.549 Y99.56 E.01581
G1 X127.668 Y98.005 E.05926
G1 X127.332 Y97.668 E.01581
G1 X125.777 Y96.788 E.05926
G1 X125.44 Y96.451 E.01581
G1 X125.185 Y96 E.01721
G1 X128.293 Y96 E.10312
G1 X128.549 Y96.451 E.01721
G1 X128.886 Y96.788 E.01581
G1 X130.44 Y97.668 E.05926
G1 X130.777 Y98.005 E.01581
G1 X131.658 Y99.56 E.05926
G1 X131.995 Y99.897 E.01581
G1 X133.549 Y100.777 E.05926
G1 X133.886 Y101.114 E.01581
G1 X134 Y101.316 E.0077
G1 X134 Y98.207 E.10312
G1 X133.886 Y98.005 E.0077
G1 X133.549 Y97.668 E.01581
G1 X131.995 Y96.788 E.05926
G1 X131.658 Y96.451 E.01581
G1 X131.402 Y96 E.01721
G1 X133.03 Y96 E.05401
; stop printing object cube.stl id:0 copy 0
;LAYER_CHANGE
;Z:16
;HEIGHT:0.2
;BEFORE_LAYER_CHANGE
G92 E0.0
;16
M201 X4000 Y4000
M74 W0
;AFTER_LAYER_CHANGE
;16
;_SET_FAN_SPEED_CHANGING_LAYER
; printing object cube.stl id:0 copy 0
G1 E-.8 F1800
G1 X133.577 Y103.612 Z16.4 F7200
G1 X134.346 Y114.346 Z16.4
G1 Z16
G1 E.8 F1800
M204 P4000
;TYPE:Inner wall
;WIDTH:0.449999
G1 F2801
G1 X115.654 Y114.346 E.62008
G1 X115.654 Y95.654 E.62008
G1 X134.346 Y95.654 E.62008
G1 X134.346 Y114.306 E.61875
M204 T500
G1 X134.775 Y114.775 F7200
M204 P500
;TYPE:Outer wall
G1 F2801
G1 X115.225 Y114.775 E.64851
G1 X115.225 Y95.225 E.64851
G1 X134.775 Y95.225 E.64851
G1 X134.775 Y114.735 E.64718
M204 T4000
G1 X133.063 Y114 F7200
;TYPE:Sparse infill
;WIDTH:0.45
G1 F2801
G1 X134 Y114 E.03111
G1 X134 Y113.31 E.0229
G1 X133.549 Y112.859 E.02117
G1 X131.995 Y112.685 E.05188
G1 X131.304 Y111.995 E.03239
G1 X131.131 Y110.44 E.05188
G1 X130.44 Y109.75 E.03239
G1 X128.886 Y109.576 E.05188
G1 X128.195 Y108.886 E.03239
G1 X128.022 Y107.332 E.05188
G1 X127.332 Y106.641 E.03239
G1 X125.777 Y106.468 E.05188
G1 X125.087 Y105.777 E.03239
G1 X124.913 Y104.223 E.05188
G1 X124.223 Y103.532 E.03239
G1 X122.668 Y103.359 E.05188
G1 X121.978 Y102.668 E.03239
G1 X121.805 Y101.114 E.05188
G1 X121.114 Y100.424 E.03239
G1 X119.56 Y100.25 E.05188
G1 X118.869 Y99.56 E.03239
G1 X118.696 Y98.005 E.05188
G1 X118.005 Y97.315 E.03239
G1 X116.451 Y97.141 E.05188
G1 X116 Y96.69 E.02117
G1 X116 Y99.799 E.10312
G1 X116.451 Y100.25 E.02117
G1 X118.005 Y100.424 E.05188
G1 X118.696 Y101.114 E.03239
G1 X118.869 Y102.668 E.05188
G1 X119.56 Y103.359 E.03239
G1 X121.114 Y103.532 E.05188
G1 X121.805 Y104.223 E.03239
G1 X121.978 Y105.777 E.05188
G1 X122.668 Y106.468 E.03239
G1 X124.223 Y106.641 E.05188
G1 X124.913 Y107.332 E.03239
G1 X125.087 Y108.886 E.05188
G1 X125.777 Y109.576 E.03239
G1 X127.332 Y109.75 E.05188
G1 X128.022 Y110.44 E.03239
G1 X128.195 Y111.995 E.05188
G1 X128.886 Y112.685 E.03239
G1 X130.44 Y112.859 E.05188
G1 X131.131 Y113.549 E.03239
G1 X131.181 Y114 E.01506
G1 X128.072 Y114 E.10312
G1 X128.022 Y113.549 E.01506
G1 X127.332 Y112.859 E.03239
G1 X125.777 Y112.685 E.05188
G1 X125.087 Y111.995 E.03239
G1 X124.913 Y110.44 E.05188
G1 X124.223 Y109.75 E.03239
G1 X122.668 Y109.576 E.05188
G1 X121.978 Y108.886 E.03239
G1 X121.805 Y107.332 E.05188
G1 X121.114 Y106.641 E.03239
G1 X119.56 Y106.468 E.05188
G1 X118.869 Y105.777 E.03239
G1 X118.696 Y104.223 E.05188
G1 X118.005 Y103.532 E.03239
G1 X116.451 Y103.359 E.05188
G1 X116 Y102.908 E.02117
G1 X116 Y101.279 E.05401
G1 E-.8 F1800
G1 X117.191 Y96 Z16.4 F7200
G1 Z16
G1 E.8 F1800
G1 F2801
G1 X118.819 Y96 E.05401
G1 X118.869 Y96.451 E.01506
G1 X119.56 Y97.141 E.03239
G1 X121.114 Y97.315 E.05188
G1 X121.805 Y98.005 E.03239
G1 X121.978 Y99.56 E.05188
G1 X122.668 Y100.25 E.03239
G1 X124.223 Y100.424 E.05188
G1 X124.913 Y101.114 E.03239
G1 X125.087 Y102.668 E.05188
G1 X125.777 Y103.359 E.03239
G1 X127.332 Y103.532 E.05188
G1 X128.022 Y104.223 E.03239
G1 X128.195 Y105.777 E.05188
G1 X128.886 Y106.468 E.03239
G1 X130.44 Y106.641 E.05188
G1 X131.131 Y107.332 E.03239
G1 X131.304 Y108.886 E.05188
G1 X131.995 Y109.576 E.03239
G1 X133.549 Y109.75 E.05188
G1 X134 Y110.201 E.02117
G1 X134 Y107.092 E.10312
G1 X133.549 Y106.641 E.02117
G1 X131.995 Y106.468 E.05188
G1 X131.304 Y105.777 E.03239
G1 X131.131 Y104.223 E.05188
G1 X130.44 Y103.532 E.03239
M73 P80 R5
G1 X128.886 Y103.359 E.05188
G1 X128.195 Y102.668 E.03239
G1 X128.022 Y101.114 E.05188
G1 X127.332 Y100.424 E.03239
G1 X125.777 Y100.25 E.05188
G1 X125.087 Y99.56 E.03239
G1 X124.913 Y98.005 E.05188
G1 X124.223 Y97.315 E.03239
G1 X122.668 Y97.141 E.05188
G1 X121.978 Y96.451 E.03239
G1 X121.928 Y96 E.01506
G1 X125.036 Y96 E.10312
G1 X125.087 Y96.451 E.01506
G1 X125.777 Y97.141 E.03239
G1 X127.332 Y97.315 E.05188
G1 X128.022 Y98.005 E.03239
G1 X128.195 Y99.56 E.05188
G1 X128.886 Y100.25 E.03239
G1 X130.44 Y100.424 E.05188
G1 X131.131 Y101.114 E.03239
G1 X131.304 Y102.668 E.05188
G1 X131.995 Y103.359 E.03239
G1 X133.549 Y103.532 E.05188
G1 X134 Y103.984 E.02117
G1 X134 Y100.875 E.10312
G1 X133.549 Y100.424 E.02117
G1 X131.995 Y100.25 E.05188
G1 X131.304 Y99.56 E.03239
G1 X131.131 Y98.005 E.05188
G1 X130.44 Y97.315 E.03239
G1 X128.886 Y97.141 E.05188
G1 X128.195 Y96.451 E.03239
G1 X128.145 Y96 E.01506
G1 X131.254 Y96 E.10312
G1 X131.304 Y96.451 E.01506
G1 X131.995 Y97.141 E.03239
G1 X133.549 Y97.315 E.05188
G1 X134 Y97.766 E.02117
G1 X134 Y96.138 E.05401
G1 E-.8 F1800
G1 X130.088 Y102.691 Z16.4 F7200
G1 X123.335 Y114 Z16.4
G1 Z16
G1 E.8 F1800
G1 F2801
G1 X124.964 Y114 E.05401
G1 X124.913 Y113.549 E.01506
G1 X124.223 Y112.859 E.03239
G1 X122.668 Y112.685 E.05188
G1 X121.978 Y111.995 E.03239
G1 X121.805 Y110.44 E.05188
G1 X121.114 Y109.75 E.03239
G1 X119.56 Y109.576 E.05188
G1 X118.869 Y108.886 E.03239
G1 X118.696 Y107.332 E.05188
G1 X118.005 Y106.641 E.03239
G1 X116.451 Y106.468 E.05188
G1 X116 Y106.016 E.02117
G1 X116 Y109.125 E.10312
G1 X116.451 Y109.576 E.02117
G1 X118.005 Y109.75 E.05188
G1 X118.696 Y110.44 E.03239
G1 X118.869 Y111.995 E.05188
G1 X119.56 Y112.685 E.03239
G1 X121.114 Y112.859 E.05188
G1 X121.805 Y113.549 E.03239
G1 X121.855 Y114 E.01506
G1 X118.746 Y114 E.10312
G1 X118.696 Y113.549 E.01506
G1 X118.005 Y112.859 E.03239
G1 X116.451 Y112.685 E.05188
G1 X116 Y112.234 E.02117
G1 X116 Y113.862 E.05401
; stop printing object cube.stl id:0 copy 0
;LAYER_CHANGE
;Z:16.2
;HEIGHT:0.200001
;BEFORE_LAYER_CHANGE
G92 E0.0
;16.2
M201 X4000 Y4000
M74 W0
;AFTER_LAYER_CHANGE
;16.2
;_SET_FAN_SPEED_CHANGING_LAYER
; printing object cube.stl id:0 copy 0
G1 E-.8 F1800
G1 X123.629 Y114.064 Z16.6 F7200
G1 X134.346 Y114.346 Z16.6
G1 Z16.2
G1 E.8 F1800
M204 P4000
;TYPE:Inner wall
;WIDTH:0.449999
G1 F2808
G1 X115.654 Y114.346 E.62008
G1 X115.654 Y95.654 E.62008
G1 X134.346 Y95.654 E.62008
G1 X134.346 Y114.306 E.61875
M204 T500
G1 X134.775 Y114.775 F7200
M204 P500
;TYPE:Outer wall
G1 F2808
G1 X115.225 Y114.775 E.64851
G1 X115.225 Y95.225 E.64851
G1 X134.775 Y95.225 E.64851
G1 X134.775 Y114.735 E.64718
M204 T4000
G1 X134 Y113.993 F7200
;TYPE:Sparse infill
;WIDTH:0.45
G1 F2808
G1 X134 Y112.365 E.05401
G1 X133.549 Y112.816 E.02117
G1 X131.995 Y112.728 E.05164
G1 X131.173 Y113.549 E.03853
G1 X131.199 Y114 E.015
G1 X128.09 Y114 E.10312
G1 X128.065 Y113.549 E.015
G1 X128.886 Y112.728 E.03853
G1 X130.44 Y112.816 E.05164
G1 X131.262 Y111.995 E.03853
G1 X131.173 Y110.44 E.05164
G1 X131.995 Y109.619 E.03853
G1 X133.549 Y109.707 E.05164
G1 X134 Y109.256 E.02117
G1 X134 Y110.884 E.05401
G1 E-.8 F1800
G1 X126.675 Y113.028 Z16.6 F7200
G1 X123.353 Y114 Z16.6
G1 Z16.2
G1 E.8 F1800
G1 F2808
G1 X124.982 Y114 E.05401
G1 X124.956 Y113.549 E.015
G1 X125.777 Y112.728 E.03853
G1 X127.332 Y112.816 E.05164
G1 X128.153 Y111.995 E.03853
G1 X128.065 Y110.44 E.05164
G1 X128.886 Y109.619 E.03853
G1 X130.44 Y109.707 E.05164
G1 X131.262 Y108.886 E.03853
G1 X131.173 Y107.332 E.05164
G1 X131.995 Y106.51 E.03853
G1 X133.549 Y106.598 E.05164
G1 X134 Y106.147 E.02117
G1 X134 Y103.038 E.10312
G1 X133.549 Y103.49 E.02117
G1 X131.995 Y103.402 E.05164
G1 X131.173 Y104.223 E.03853
G1 X131.262 Y105.777 E.05164
G1 X130.44 Y106.598 E.03853
G1 X128.886 Y106.51 E.05164
G1 X128.065 Y107.332 E.03853
G1 X128.153 Y108.886 E.05164
G1 X127.332 Y109.707 E.03853
G1 X125.777 Y109.619 E.05164
G1 X124.956 Y110.44 E.03853
G1 X125.044 Y111.995 E.05164
G1 X124.223 Y112.816 E.03853
G1 X122.668 Y112.728 E.05164
G1 X121.847 Y113.549 E.03853
G1 X121.873 Y114 E.015
G1 X118.764 Y114 E.10312
G1 X118.738 Y113.549 E.015
G1 X119.56 Y112.728 E.03853
G1 X121.114 Y112.816 E.05164
G1 X121.935 Y111.995 E.03853
G1 X121.847 Y110.44 E.05164
G1 X122.668 Y109.619 E.03853
G1 X124.223 Y109.707 E.05164
G1 X125.044 Y108.886 E.03853
G1 X124.956 Y107.332 E.05164
G1 X125.777 Y106.51 E.03853
G1 X127.332 Y106.598 E.05164
G1 X128.153 Y105.777 E.03853
G1 X128.065 Y104.223 E.05164
G1 X128.886 Y103.402 E.03853
G1 X130.44 Y103.49 E.05164
G1 X131.262 Y102.668 E.03853
G1 X131.173 Y101.114 E.05164
G1 X131.995 Y100.293 E.03853
G1 X133.549 Y100.381 E.05164
G1 X134 Y99.93 E.02117
G1 X134 Y96.821 E.10312
G1 X133.549 Y97.272 E.02117
G1 X131.995 Y97.184 E.05164
G1 X131.173 Y98.005 E.03853
G1 X131.262 Y99.56 E.05164
G1 X130.44 Y100.381 E.03853
G1 X128.886 Y100.293 E.05164
G1 X128.065 Y101.114 E.03853
G1 X128.153 Y102.668 E.05164
G1 X127.332 Y103.49 E.03853
M73 P81 R5
G1 X125.777 Y103.402 E.05164
G1 X124.956 Y104.223 E.03853
G1 X125.044 Y105.777 E.05164
G1 X124.223 Y106.598 E.03853
G1 X122.668 Y106.51 E.05164
G1 X121.847 Y107.332 E.03853
G1 X121.935 Y108.886 E.05164
G1 X121.114 Y109.707 E.03853
G1 X119.56 Y109.619 E.05164
G1 X118.738 Y110.44 E.03853
G1 X118.827 Y111.995 E.05164
G1 X118.005 Y112.816 E.03853
G1 X116.451 Y112.728 E.05164
G1 X116 Y113.179 E.02117
G1 X116 Y110.07 E.10312
G1 X116.451 Y109.619 E.02117
G1 X118.005 Y109.707 E.05164
G1 X118.827 Y108.886 E.03853
G1 X118.738 Y107.332 E.05164
G1 X119.56 Y106.51 E.03853
G1 X121.114 Y106.598 E.05164
G1 X121.935 Y105.777 E.03853
G1 X121.847 Y104.223 E.05164
G1 X122.668 Y103.402 E.03853
G1 X124.223 Y103.49 E.05164
G1 X125.044 Y102.668 E.03853
G1 X124.956 Y101.114 E.05164
G1 X125.777 Y100.293 E.03853
G1 X127.332 Y100.381 E.05164
G1 X128.153 Y99.56 E.03853
G1 X128.065 Y98.005 E.05164
G1 X128.886 Y97.184 E.03853
G1 X130.44 Y97.272 E.05164
G1 X131.262 Y96.451 E.03853
G1 X131.236 Y96 E.015
G1 X128.127 Y96 E.10312
G1 X128.153 Y96.451 E.015
G1 X127.332 Y97.272 E.03853
G1 X125.777 Y97.184 E.05164
G1 X124.956 Y98.005 E.03853
G1 X125.044 Y99.56 E.05164
G1 X124.223 Y100.381 E.03853
G1 X122.668 Y100.293 E.05164
G1 X121.847 Y101.114 E.03853
G1 X121.935 Y102.668 E.05164
G1 X121.114 Y103.49 E.03853
G1 X119.56 Y103.402 E.05164
G1 X118.738 Y104.223 E.03853
G1 X118.827 Y105.777 E.05164
G1 X118.005 Y106.598 E.03853
G1 X116.451 Y106.51 E.05164
G1 X116 Y106.962 E.02117
G1 X116 Y103.853 E.10312
G1 X116.451 Y103.402 E.02117
G1 X118.005 Y103.49 E.05164
G1 X118.827 Y102.668 E.03853
G1 X118.738 Y101.114 E.05164
G1 X119.56 Y100.293 E.03853
G1 X121.114 Y100.381 E.05164
G1 X121.935 Y99.56 E.03853
G1 X121.847 Y98.005 E.05164
G1 X122.668 Y97.184 E.03853
G1 X124.223 Y97.272 E.05164
G1 X125.044 Y96.451 E.03853
G1 X125.018 Y96 E.015
G1 X121.91 Y96 E.10312
G1 X121.935 Y96.451 E.015
G1 X121.114 Y97.272 E.03853
G1 X119.56 Y97.184 E.05164
G1 X118.738 Y98.005 E.03853
G1 X118.827 Y99.56 E.05164
G1 X118.005 Y100.381 E.03853
G1 X116.451 Y100.293 E.05164
G1 X116 Y100.744 E.02117
G1 X116 Y97.635 E.10312
G1 X116.451 Y97.184 E.02117
G1 X118.005 Y97.272 E.05164
G1 X118.827 Y96.451 E.03853
G1 X118.801 Y96 E.015
G1 X117.173 Y96 E.05401
; stop printing object cube.stl id:0 copy 0
;LAYER_CHANGE
;Z:16.4
;HEIGHT:0.199999
;BEFORE_LAYER_CHANGE
G92 E0.0
;16.4
M201 X4000 Y4000
M74 W0
;AFTER_LAYER_CHANGE
;16.4
;_SET_FAN_SPEED_CHANGING_LAYER
; printing object cube.stl id:0 copy 0
G1 E-.8 F1800
G1 X122.389 Y101.572 Z16.8 F7200
G1 X134.346 Y114.346 Z16.8
G1 Z16.4
G1 E.8 F1800
M204 P4000
;TYPE:Inner wall
;WIDTH:0.449999
G1 F2581
G1 X115.654 Y114.346 E.62008
G1 X115.654 Y95.654 E.62008
G1 X134.346 Y95.654 E.62008
G1 X134.346 Y114.306 E.61875
M204 T500
G1 X134.775 Y114.775 F7200
M204 P500
;TYPE:Outer wall
G1 F2581
G1 X115.225 Y114.775 E.64851
G1 X115.225 Y95.225 E.64851
G1 X134.775 Y95.225 E.64851
G1 X134.775 Y114.735 E.64718
M204 T4000
G1 X132.976 Y114 F7200
;TYPE:Sparse infill
;WIDTH:0.45
G1 F2581
G1 X131.347 Y114 E.05401
G1 X131.527 Y113.549 E.01612
G1 X131.995 Y113.081 E.02194
G1 X133.549 Y112.462 E.0555
G1 X134 Y112.011 E.02117
G1 X134 Y108.902 E.10312
G1 X133.549 Y109.354 E.02117
G1 X131.995 Y109.973 E.0555
G1 X131.527 Y110.44 E.02194
G1 X130.908 Y111.995 E.0555
G1 X130.44 Y112.462 E.02194
G1 X128.886 Y113.081 E.0555
G1 X128.418 Y113.549 E.02194
G1 X128.239 Y114 E.01612
G1 X125.13 Y114 E.10312
G1 X125.31 Y113.549 E.01612
G1 X125.777 Y113.081 E.02194
G1 X127.332 Y112.462 E.0555
G1 X127.799 Y111.995 E.02194
G1 X128.418 Y110.44 E.0555
G1 X128.886 Y109.973 E.02194
G1 X130.44 Y109.354 E.0555
G1 X130.908 Y108.886 E.02194
G1 X131.527 Y107.332 E.0555
M73 P81 R4
G1 X131.995 Y106.864 E.02194
G1 X133.549 Y106.245 E.0555
G1 X134 Y105.794 E.02117
G1 X134 Y102.685 E.10312
G1 X133.549 Y103.136 E.02117
G1 X131.995 Y103.755 E.0555
G1 X131.527 Y104.223 E.02194
G1 X130.908 Y105.777 E.0555
G1 X130.44 Y106.245 E.02194
G1 X128.886 Y106.864 E.0555
G1 X128.418 Y107.332 E.02194
G1 X127.799 Y108.886 E.0555
G1 X127.332 Y109.354 E.02194
G1 X125.777 Y109.973 E.0555
G1 X125.31 Y110.44 E.02194
G1 X124.69 Y111.995 E.0555
G1 X124.223 Y112.462 E.02194
G1 X122.668 Y113.081 E.0555
G1 X122.201 Y113.549 E.02194
G1 X122.021 Y114 E.01612
G1 X118.912 Y114 E.10312
G1 X119.092 Y113.549 E.01612
G1 X119.56 Y113.081 E.02194
G1 X121.114 Y112.462 E.0555
G1 X121.582 Y111.995 E.02194
G1 X122.201 Y110.44 E.0555
G1 X122.668 Y109.973 E.02194
G1 X124.223 Y109.354 E.0555
G1 X124.69 Y108.886 E.02194
G1 X125.31 Y107.332 E.0555
G1 X125.777 Y106.864 E.02194
G1 X127.332 Y106.245 E.0555
G1 X127.799 Y105.777 E.02194
G1 X128.418 Y104.223 E.0555
G1 X128.886 Y103.755 E.02194
G1 X130.44 Y103.136 E.0555
G1 X130.908 Y102.668 E.02194
G1 X131.527 Y101.114 E.0555
G1 X131.995 Y100.646 E.02194
G1 X133.549 Y100.027 E.0555
G1 X134 Y99.576 E.02117
G1 X134 Y96.467 E.10312
G1 X133.549 Y96.919 E.02117
G1 X131.995 Y97.538 E.0555
G1 X131.527 Y98.005 E.02194
G1 X130.908 Y99.56 E.0555
G1 X130.44 Y100.027 E.02194
G1 X128.886 Y100.646 E.0555
G1 X128.418 Y101.114 E.02194
M73 P82 R4
G1 X127.799 Y102.668 E.0555
G1 X127.332 Y103.136 E.02194
G1 X125.777 Y103.755 E.0555
G1 X125.31 Y104.223 E.02194
G1 X124.69 Y105.777 E.0555
G1 X124.223 Y106.245 E.02194
G1 X122.668 Y106.864 E.0555
G1 X122.201 Y107.332 E.02194
G1 X121.582 Y108.886 E.0555
G1 X121.114 Y109.354 E.02194
G1 X119.56 Y109.973 E.0555
G1 X119.092 Y110.44 E.02194
G1 X118.473 Y111.995 E.0555
G1 X118.005 Y112.462 E.02194
G1 X116.451 Y113.081 E.0555
G1 X116 Y113.533 E.02117
G1 X116 Y110.424 E.10312
G1 X116.451 Y109.973 E.02117
G1 X118.005 Y109.354 E.0555
G1 X118.473 Y108.886 E.02194
G1 X119.092 Y107.332 E.0555
G1 X119.56 Y106.864 E.02194
G1 X121.114 Y106.245 E.0555
G1 X121.582 Y105.777 E.02194
G1 X122.201 Y104.223 E.0555
G1 X122.668 Y103.755 E.02194
G1 X124.223 Y103.136 E.0555
G1 X124.69 Y102.668 E.02194
G1 X125.31 Y101.114 E.0555
G1 X125.777 Y100.646 E.02194
G1 X127.332 Y100.027 E.0555
G1 X127.799 Y99.56 E.02194
G1 X128.418 Y98.005 E.0555
G1 X128.886 Y97.538 E.02194
G1 X130.44 Y96.919 E.0555
G1 X130.908 Y96.451 E.02194
G1 X131.088 Y96 E.01612
G1 X127.979 Y96 E.10312
G1 X127.799 Y96.451 E.01612
G1 X127.332 Y96.919 E.02194
G1 X125.777 Y97.538 E.0555
G1 X125.31 Y98.005 E.02194
G1 X124.69 Y99.56 E.0555
G1 X124.223 Y100.027 E.02194
G1 X122.668 Y100.646 E.0555
G1 X122.201 Y101.114 E.02194
G1 X121.582 Y102.668 E.0555
G1 X121.114 Y103.136 E.02194
G1 X119.56 Y103.755 E.0555
G1 X119.092 Y104.223 E.02194
G1 X118.473 Y105.777 E.0555
G1 X118.005 Y106.245 E.02194
G1 X116.451 Y106.864 E.0555
G1 X116 Y107.315 E.02117
G1 X116 Y104.206 E.10312
G1 X116.451 Y103.755 E.02117
G1 X118.005 Y103.136 E.0555
G1 X118.473 Y102.668 E.02194
G1 X119.092 Y101.114 E.0555
G1 X119.56 Y100.646 E.02194
G1 X121.114 Y100.027 E.0555
G1 X121.582 Y99.56 E.02194
G1 X122.201 Y98.005 E.0555
G1 X122.668 Y97.538 E.02194
G1 X124.223 Y96.919 E.0555
G1 X124.69 Y96.451 E.02194
G1 X124.87 Y96 E.01612
G1 X121.761 Y96 E.10312
G1 X121.582 Y96.451 E.01612
G1 X121.114 Y96.919 E.02194
G1 X119.56 Y97.538 E.0555
G1 X119.092 Y98.005 E.02194
G1 X118.473 Y99.56 E.0555
G1 X118.005 Y100.027 E.02194
G1 X116.451 Y100.646 E.0555
G1 X116 Y101.098 E.02117
G1 X116 Y97.989 E.10312
G1 X116.451 Y97.538 E.02117
G1 X118.005 Y96.919 E.0555
G1 X118.473 Y96.451 E.02194
G1 X118.653 Y96 E.01612
G1 X117.024 Y96 E.05401
; stop printing object cube.stl id:0 copy 0
;LAYER_CHANGE
;Z:16.6
;HEIGHT:0.200001
;BEFORE_LAYER_CHANGE
G92 E0.0
;16.6
M201 X4000 Y4000
M74 W0
;AFTER_LAYER_CHANGE
;16.6
;_SET_FAN_SPEED_CHANGING_LAYER
; printing object cube.stl id:0 copy 0
G1 E-.8 F1800
G1 X122.264 Y101.549 Z17 F7200
G1 X134.346 Y114.346 Z17
G1 Z16.6
G1 E.8 F1800
M204 P4000
;TYPE:Inner wall
;WIDTH:0.449999
G1 F2590
G1 X115.654 Y114.346 E.62008
G1 X115.654 Y95.654 E.62008
G1 X134.346 Y95.654 E.62008
G1 X134.346 Y114.306 E.61875
M204 T500
G1 X134.775 Y114.775 F7200
M204 P500
;TYPE:Outer wall
G1 F2590
G1 X115.225 Y114.775 E.64851
G1 X115.225 Y95.225 E.64851
G1 X134.775 Y95.225 E.64851
G1 X134.775 Y114.735 E.64718
M204 T4000
G1 X134 Y113.172 F7200
;TYPE:Sparse infill
;WIDTH:0.45
G1 F2590
G1 X134 Y111.543 E.05401
G1 X131.543 Y114 E.11527
G1 X128.435 Y114 E.10312
G1 X134 Y108.435 E.2611
G1 X134 Y110.063 E.05401
G1 E-.8 F1800
G1 X126.871 Y112.788 Z17 F7200
G1 X123.698 Y114 Z17
G1 Z16.6
G1 E.8 F1800
G1 F2590
G1 X125.326 Y114 E.05401
G1 X134 Y105.326 E.40694
G1 X134 Y102.217 E.10312
G1 X122.217 Y114 E.55278
G1 X119.108 Y114 E.10312
G1 X134 Y99.108 E.69862
G1 X134 Y96 E.10312
G1 X116 Y114 E.84446
G1 X116 Y110.892 E.10312
G1 X130.892 Y96 E.69862
G1 X127.783 Y96 E.10312
G1 X116 Y107.783 E.55278
G1 X116 Y104.674 E.10312
G1 X124.674 Y96 E.40694
G1 X121.565 Y96 E.10312
G1 X116 Y101.565 E.2611
G1 X116 Y98.457 E.10312
G1 X118.457 Y96 E.11527
G1 X116.828 Y96 E.05401
; stop printing object cube.stl id:0 copy 0
;LAYER_CHANGE
;Z:16.8
;HEIGHT:0.199999
;BEFORE_LAYER_CHANGE
G92 E0.0
;16.8
M201 X4000 Y4000
M74 W0
;AFTER_LAYER_CHANGE
;16.8
;_SET_FAN_SPEED_CHANGING_LAYER
; printing object cube.stl id:0 copy 0
G1 E-.8 F1800
G1 X122.099 Y101.52 Z17.2 F7200
G1 X134.346 Y114.346 Z17.2
M73 P83 R4
G1 Z16.8
G1 E.8 F1800
M204 P4000
;TYPE:Inner wall
;WIDTH:0.449999
G1 F2590
G1 X115.654 Y114.346 E.62008
G1 X115.654 Y95.654 E.62008
G1 X134.346 Y95.654 E.62008
G1 X134.346 Y114.306 E.61875
M204 T500
G1 X134.775 Y114.775 F7200
M204 P500
;TYPE:Outer wall
G1 F2590
G1 X115.225 Y114.775 E.64851
G1 X115.225 Y95.225 E.64851
G1 X134.775 Y95.225 E.64851
G1 X134.775 Y114.735 E.64718
M204 T4000
G1 X134 Y113.172 F7200
;TYPE:Sparse infill
;WIDTH:0.45
G1 F2590
G1 X134 Y111.543 E.05401
G1 X131.543 Y114 E.11527
G1 X128.435 Y114 E.10312
G1 X134 Y108.435 E.2611
G1 X134 Y110.063 E.05401
G1 E-.8 F1800
G1 X126.871 Y112.788 Z17.2 F7200
G1 X123.698 Y114 Z17.2
G1 Z16.8
G1 E.8 F1800
G1 F2590
G1 X125.326 Y114 E.05401
G1 X134 Y105.326 E.40694
G1 X134 Y102.217 E.10312
G1 X122.217 Y114 E.55278
G1 X119.108 Y114 E.10312
G1 X134 Y99.108 E.69862
G1 X134 Y96 E.10312
G1 X116 Y114 E.84446
G1 X116 Y110.892 E.10312
G1 X130.892 Y96 E.69862
G1 X127.783 Y96 E.10312
G1 X116 Y107.783 E.55278
G1 X116 Y104.674 E.10312
G1 X124.674 Y96 E.40694
G1 X121.565 Y96 E.10312
G1 X116 Y101.565 E.2611
G1 X116 Y98.457 E.10312
G1 X118.457 Y96 E.11527
G1 X116.828 Y96 E.05401
; stop printing object cube.stl id:0 copy 0
;LAYER_CHANGE
;Z:17
;HEIGHT:0.200001
;BEFORE_LAYER_CHANGE
G92 E0.0
;17
M201 X4000 Y4000
M74 W0
;AFTER_LAYER_CHANGE
;17
;_SET_FAN_SPEED_CHANGING_LAYER
; printing object cube.stl id:0 copy 0
G1 E-.8 F1800
G1 X122.099 Y101.52 Z17.4 F7200
G1 X134.346 Y114.346 Z17.4
G1 Z17
G1 E.8 F1800
M204 P4000
;TYPE:Inner wall
;WIDTH:0.449999
G1 F2590
G1 X115.654 Y114.346 E.62008
G1 X115.654 Y95.654 E.62008
G1 X134.346 Y95.654 E.62008
G1 X134.346 Y114.306 E.61875
M204 T500
G1 X134.775 Y114.775 F7200
M204 P500
;TYPE:Outer wall
G1 F2590
G1 X115.225 Y114.775 E.64851
G1 X115.225 Y95.225 E.64851
G1 X134.775 Y95.225 E.64851
G1 X134.775 Y114.735 E.64718
M204 T4000
G1 X134 Y113.172 F7200
;TYPE:Sparse infill
;WIDTH:0.45
G1 F2590
G1 X134 Y111.543 E.05401
G1 X131.543 Y114 E.11527
G1 X128.435 Y114 E.10312
G1 X134 Y108.435 E.2611
G1 X134 Y110.063 E.05401
G1 E-.8 F1800
G1 X126.871 Y112.788 Z17.4 F7200
G1 X123.698 Y114 Z17.4
G1 Z17
G1 E.8 F1800
G1 F2590
G1 X125.326 Y114 E.05401
G1 X134 Y105.326 E.40694
G1 X134 Y102.217 E.10312
G1 X122.217 Y114 E.55278
M73 P84 R4
G1 X119.108 Y114 E.10312
G1 X134 Y99.108 E.69862
G1 X134 Y96 E.10312
G1 X116 Y114 E.84446
G1 X116 Y110.892 E.10312
G1 X130.892 Y96 E.69862
G1 X127.783 Y96 E.10312
G1 X116 Y107.783 E.55278
G1 X116 Y104.674 E.10312
G1 X124.674 Y96 E.40694
G1 X121.565 Y96 E.10312
G1 X116 Y101.565 E.2611
G1 X116 Y98.457 E.10312
G1 X118.457 Y96 E.11527
G1 X116.828 Y96 E.05401
; stop printing object cube.stl id:0 copy 0
;LAYER_CHANGE
;Z:17.2
;HEIGHT:0.200001
;BEFORE_LAYER_CHANGE
G92 E0.0
;17.2
M201 X4000 Y4000
M74 W0
;AFTER_LAYER_CHANGE
;17.2
;_SET_FAN_SPEED_CHANGING_LAYER
; printing object cube.stl id:0 copy 0
G1 E-.8 F1800
G1 X122.099 Y101.52 Z17.6 F7200
G1 X134.346 Y114.346 Z17.6
G1 Z17.2
G1 E.8 F1800
M204 P4000
;TYPE:Inner wall
;WIDTH:0.449999
G1 F2590
G1 X115.654 Y114.346 E.62008
G1 X115.654 Y95.654 E.62008
G1 X134.346 Y95.654 E.62008
G1 X134.346 Y114.306 E.61875
M204 T500
G1 X134.775 Y114.775 F7200
M204 P500
;TYPE:Outer wall
G1 F2590
G1 X115.225 Y114.775 E.64851
G1 X115.225 Y95.225 E.64851
G1 X134.775 Y95.225 E.64851
G1 X134.775 Y114.735 E.64718
M204 T4000
G1 X134 Y113.172 F7200
;TYPE:Sparse infill
;WIDTH:0.45
G1 F2590
G1 X134 Y111.543 E.05401
G1 X131.543 Y114 E.11527
G1 X128.435 Y114 E.10312
G1 X134 Y108.435 E.2611
G1 X134 Y110.063 E.05401
G1 E-.8 F1800
G1 X126.871 Y112.788 Z17.6 F7200
G1 X123.698 Y114 Z17.6
G1 Z17.2
G1 E.8 F1800
G1 F2590
G1 X125.326 Y114 E.05401
G1 X134 Y105.326 E.40694
G1 X134 Y102.217 E.10312
G1 X122.217 Y114 E.55278
G1 X119.108 Y114 E.10312
G1 X134 Y99.108 E.69862
G1 X134 Y96 E.10312
G1 X116 Y114 E.84446
G1 X116 Y110.892 E.10312
G1 X130.892 Y96 E.69862
G1 X127.783 Y96 E.10312
G1 X116 Y107.783 E.55278
G1 X116 Y104.674 E.10312
G1 X124.674 Y96 E.40694
G1 X121.565 Y96 E.10312
G1 X116 Y101.565 E.2611
G1 X116 Y98.457 E.10312
G1 X118.457 Y96 E.11527
G1 X116.828 Y96 E.05401
; stop printing object cube.stl id:0 copy 0
;LAYER_CHANGE
;Z:17.4
;HEIGHT:0.199999
;BEFORE_LAYER_CHANGE
G92 E0.0
;17.4
M201 X4000 Y4000
M74 W0
;AFTER_LAYER_CHANGE
;17.4
;_SET_FAN_SPEED_CHANGING_LAYER
; printing object cube.stl id:0 copy 0
G1 E-.8 F1800
G1 X122.099 Y101.52 Z17.8 F7200
G1 X134.346 Y114.346 Z17.8
G1 Z17.4
G1 E.8 F1800
M204 P4000
;TYPE:Inner wall
;WIDTH:0.449999
G1 F2590
G1 X115.654 Y114.346 E.62008
G1 X115.654 Y95.654 E.62008
G1 X134.346 Y95.654 E.62008
G1 X134.346 Y114.306 E.61875
M73 P85 R4
M204 T500
G1 X134.775 Y114.775 F7200
M204 P500
;TYPE:Outer wall
G1 F2590
G1 X115.225 Y114.775 E.64851
G1 X115.225 Y95.225 E.64851
G1 X134.775 Y95.225 E.64851
G1 X134.775 Y114.735 E.64718
M204 T4000
G1 X134 Y113.172 F7200
;TYPE:Sparse infill
;WIDTH:0.45
G1 F2590
G1 X134 Y111.543 E.05401
G1 X131.543 Y114 E.11527
G1 X128.435 Y114 E.10312
G1 X134 Y108.435 E.2611
G1 X134 Y110.063 E.05401
G1 E-.8 F1800
G1 X126.871 Y112.788 Z17.8 F7200
G1 X123.698 Y114 Z17.8
G1 Z17.4
G1 E.8 F1800
G1 F2590
G1 X125.326 Y114 E.05401
G1 X134 Y105.326 E.40694
G1 X134 Y102.217 E.10312
G1 X122.217 Y114 E.55278
G1 X119.108 Y114 E.10312
G1 X134 Y99.108 E.69862
G1 X134 Y96 E.10312
G1 X116 Y114 E.84446
G1 X116 Y110.892 E.10312
G1 X130.892 Y96 E.69862
G1 X127.783 Y96 E.10312
M73 P85 R3
G1 X116 Y107.783 E.55278
G1 X116 Y104.674 E.10312
G1 X124.674 Y96 E.40694
G1 X121.565 Y96 E.10312
G1 X116 Y101.565 E.2611
G1 X116 Y98.457 E.10312
G1 X118.457 Y96 E.11527
G1 X116.828 Y96 E.05401
; stop printing object cube.stl id:0 copy 0
;LAYER_CHANGE
;Z:17.6
;HEIGHT:0.200001
;BEFORE_LAYER_CHANGE
G92 E0.0
;17.6
M201 X4000 Y4000
M74 W0
;AFTER_LAYER_CHANGE
;17.6
;_SET_FAN_SPEED_CHANGING_LAYER
; printing object cube.stl id:0 copy 0
G1 E-.8 F1800
G1 X122.099 Y101.52 Z18 F7200
G1 X134.346 Y114.346 Z18
G1 Z17.6
G1 E.8 F1800
M204 P4000
;TYPE:Inner wall
;WIDTH:0.449999
G1 F2590
G1 X115.654 Y114.346 E.62008
G1 X115.654 Y95.654 E.62008
G1 X134.346 Y95.654 E.62008
G1 X134.346 Y114.306 E.61875
M204 T500
G1 X134.775 Y114.775 F7200
M204 P500
;TYPE:Outer wall
G1 F2590
G1 X115.225 Y114.775 E.64851
G1 X115.225 Y95.225 E.64851
G1 X134.775 Y95.225 E.64851
G1 X134.775 Y114.735 E.64718
M204 T4000
G1 X134 Y113.172 F7200
;TYPE:Sparse infill
;WIDTH:0.45
G1 F2590
G1 X134 Y111.543 E.05401
G1 X131.543 Y114 E.11527
G1 X128.435 Y114 E.10312
G1 X134 Y108.435 E.2611
G1 X134 Y110.063 E.05401
G1 E-.8 F1800
G1 X126.871 Y112.788 Z18 F7200
G1 X123.698 Y114 Z18
G1 Z17.6
G1 E.8 F1800
G1 F2590
G1 X125.326 Y114 E.05401
G1 X134 Y105.326 E.40694
G1 X134 Y102.217 E.10312
G1 X122.217 Y114 E.55278
G1 X119.108 Y114 E.10312
G1 X134 Y99.108 E.69862
G1 X134 Y96 E.10312
G1 X116 Y114 E.84446
M73 P86 R3
G1 X116 Y110.892 E.10312
G1 X130.892 Y96 E.69862
G1 X127.783 Y96 E.10312
G1 X116 Y107.783 E.55278
G1 X116 Y104.674 E.10312
G1 X124.674 Y96 E.40694
G1 X121.565 Y96 E.10312
G1 X116 Y101.565 E.2611
G1 X116 Y98.457 E.10312
G1 X118.457 Y96 E.11527
G1 X116.828 Y96 E.05401
; stop printing object cube.stl id:0 copy 0
;LAYER_CHANGE
;Z:17.8
;HEIGHT:0.199999
;BEFORE_LAYER_CHANGE
G92 E0.0
;17.8
M201 X4000 Y4000
M74 W0
;AFTER_LAYER_CHANGE
;17.8
;_SET_FAN_SPEED_CHANGING_LAYER
; printing object cube.stl id:0 copy 0
G1 E-.8 F1800
G1 X122.099 Y101.52 Z18.2 F7200
G1 X134.346 Y114.346 Z18.2
G1 Z17.8
G1 E.8 F1800
M204 P4000
;TYPE:Inner wall
;WIDTH:0.449999
G1 F2590
G1 X115.654 Y114.346 E.62008
G1 X115.654 Y95.654 E.62008
G1 X134.346 Y95.654 E.62008
G1 X134.346 Y114.306 E.61875
M204 T500
G1 X134.775 Y114.775 F7200
M204 P500
;TYPE:Outer wall
G1 F2590
G1 X115.225 Y114.775 E.64851
G1 X115.225 Y95.225 E.64851
G1 X134.775 Y95.225 E.64851
G1 X134.775 Y114.735 E.64718
M204 T4000
G1 X134 Y113.172 F7200
;TYPE:Sparse infill
;WIDTH:0.45
G1 F2590
G1 X134 Y111.543 E.05401
G1 X131.543 Y114 E.11527
G1 X128.435 Y114 E.10312
G1 X134 Y108.435 E.2611
G1 X134 Y110.063 E.05401
G1 E-.8 F1800
G1 X126.871 Y112.788 Z18.2 F7200
G1 X123.698 Y114 Z18.2
G1 Z17.8
G1 E.8 F1800
G1 F2590
G1 X125.326 Y114 E.05401
G1 X134 Y105.326 E.40694
G1 X134 Y102.217 E.10312
G1 X122.217 Y114 E.55278
G1 X119.108 Y114 E.10312
G1 X134 Y99.108 E.69862
G1 X134 Y96 E.10312
G1 X116 Y114 E.84446
G1 X116 Y110.892 E.10312
G1 X130.892 Y96 E.69862
G1 X127.783 Y96 E.10312
G1 X116 Y107.783 E.55278
G1 X116 Y104.674 E.10312
G1 X124.674 Y96 E.40694
G1 X121.565 Y96 E.10312
G1 X116 Y101.565 E.2611
G1 X116 Y98.457 E.10312
G1 X118.457 Y96 E.11527
G1 X116.828 Y96 E.05401
; stop printing object cube.stl id:0 copy 0
;LAYER_CHANGE
;Z:18
;HEIGHT:0.200001
;BEFORE_LAYER_CHANGE
G92 E0.0
;18
M201 X4000 Y4000
M74 W0
;AFTER_LAYER_CHANGE
;18
;_SET_FAN_SPEED_CHANGING_LAYER
; printing object cube.stl id:0 copy 0
G1 E-.8 F1800
G1 X122.099 Y101.52 Z18.4 F7200
G1 X134.346 Y114.346 Z18.4
G1 Z18
G1 E.8 F1800
M204 P4000
;TYPE:Inner wall
;WIDTH:0.449999
G1 F2615
G1 X115.654 Y114.346 E.62008
G1 X115.654 Y95.654 E.62008
G1 X134.346 Y95.654 E.62008
G1 X134.346 Y114.306 E.61875
M204 T500
G1 X134.775 Y114.775 F7200
M204 P500
;TYPE:Outer wall
G1 F2615
G1 X115.225 Y114.775 E.64851
G1 X115.225 Y95.225 E.64851
M73 P87 R3
G1 X134.775 Y95.225 E.64851
G1 X134.775 Y114.735 E.64718
M204 T4000
G1 X133.081 Y114 F7200
;TYPE:Sparse infill
;WIDTH:0.45
G1 F2615
G1 X131.453 Y114 E.05401
G1 X131.779 Y113.549 E.01848
G1 X131.995 Y113.334 E.0101
G1 X133.549 Y112.21 E.06363
G1 X133.764 Y111.995 E.0101
G1 X134 Y111.668 E.01337
G1 X134 Y108.559 E.10312
G1 X133.764 Y108.886 E.01337
G1 X133.549 Y109.101 E.0101
G1 X131.995 Y110.225 E.06363
G1 X131.779 Y110.44 E.0101
G1 X130.656 Y111.995 E.06363
G1 X130.44 Y112.21 E.0101
G1 X128.886 Y113.334 E.06363
G1 X128.671 Y113.549 E.0101
G1 X128.344 Y114 E.01848
G1 X125.236 Y114 E.10312
G1 X125.562 Y113.549 E.01848
G1 X125.777 Y113.334 E.0101
G1 X127.332 Y112.21 E.06363
G1 X127.547 Y111.995 E.0101
G1 X128.671 Y110.44 E.06363
G1 X128.886 Y110.225 E.0101
G1 X130.44 Y109.101 E.06363
G1 X130.656 Y108.886 E.0101
G1 X131.779 Y107.332 E.06363
G1 X131.995 Y107.116 E.0101
G1 X133.549 Y105.992 E.06363
G1 X133.764 Y105.777 E.0101
G1 X134 Y105.451 E.01337
G1 X134 Y102.342 E.10312
G1 X133.764 Y102.668 E.01337
G1 X133.549 Y102.884 E.0101
G1 X131.995 Y104.008 E.06363
G1 X131.779 Y104.223 E.0101
G1 X130.656 Y105.777 E.06363
G1 X130.44 Y105.992 E.0101
G1 X128.886 Y107.116 E.06363
G1 X128.671 Y107.332 E.0101
G1 X127.547 Y108.886 E.06363
G1 X127.332 Y109.101 E.0101
G1 X125.777 Y110.225 E.06363
G1 X125.562 Y110.44 E.0101
G1 X124.438 Y111.995 E.06363
G1 X124.223 Y112.21 E.0101
G1 X122.668 Y113.334 E.06363
G1 X122.453 Y113.549 E.0101
G1 X122.127 Y114 E.01848
G1 X119.018 Y114 E.10312
G1 X119.344 Y113.549 E.01848
G1 X119.56 Y113.334 E.0101
G1 X121.114 Y112.21 E.06363
G1 X121.329 Y111.995 E.0101
G1 X122.453 Y110.44 E.06363
G1 X122.668 Y110.225 E.0101
G1 X124.223 Y109.101 E.06363
G1 X124.438 Y108.886 E.0101
G1 X125.562 Y107.332 E.06363
G1 X125.777 Y107.116 E.0101
G1 X127.332 Y105.992 E.06363
G1 X127.547 Y105.777 E.0101
G1 X128.671 Y104.223 E.06363
G1 X128.886 Y104.008 E.0101
G1 X130.44 Y102.884 E.06363
G1 X130.656 Y102.668 E.0101
G1 X131.779 Y101.114 E.06363
G1 X131.995 Y100.899 E.0101
G1 X133.549 Y99.775 E.06363
G1 X133.764 Y99.56 E.0101
G1 X134 Y99.233 E.01337
G1 X134 Y96.124 E.10312
G1 X133.764 Y96.451 E.01337
G1 X133.549 Y96.666 E.0101
G1 X131.995 Y97.79 E.06363
G1 X131.779 Y98.005 E.0101
G1 X130.656 Y99.56 E.06363
G1 X130.44 Y99.775 E.0101
G1 X128.886 Y100.899 E.06363
G1 X128.671 Y101.114 E.0101
G1 X127.547 Y102.668 E.06363
G1 X127.332 Y102.884 E.0101
G1 X125.777 Y104.008 E.06363
G1 X125.562 Y104.223 E.0101
G1 X124.438 Y105.777 E.06363
G1 X124.223 Y105.992 E.0101
G1 X122.668 Y107.116 E.06363
G1 X122.453 Y107.332 E.0101
G1 X121.329 Y108.886 E.06363
G1 X121.114 Y109.101 E.0101
G1 X119.56 Y110.225 E.06363
G1 X119.344 Y110.44 E.0101
G1 X118.221 Y111.995 E.06363
G1 X118.005 Y112.21 E.0101
G1 X116.451 Y113.334 E.06363
G1 X116.236 Y113.549 E.0101
G1 X116 Y113.876 E.01337
G1 X116 Y110.767 E.10312
G1 X116.236 Y110.44 E.01337
G1 X116.451 Y110.225 E.0101
G1 X118.005 Y109.101 E.06363
G1 X118.221 Y108.886 E.0101
G1 X119.344 Y107.332 E.06363
G1 X119.56 Y107.116 E.0101
G1 X121.114 Y105.992 E.06363
G1 X121.329 Y105.777 E.0101
G1 X122.453 Y104.223 E.06363
G1 X122.668 Y104.008 E.0101
G1 X124.223 Y102.884 E.06363
G1 X124.438 Y102.668 E.0101
G1 X125.562 Y101.114 E.06363
G1 X125.777 Y100.899 E.0101
G1 X127.332 Y99.775 E.06363
G1 X127.547 Y99.56 E.0101
G1 X128.671 Y98.005 E.06363
G1 X128.886 Y97.79 E.0101
G1 X130.44 Y96.666 E.06363
G1 X130.656 Y96.451 E.0101
G1 X130.982 Y96 E.01848
G1 X132.61 Y96 E.05401
G1 E-.8 F1800
G1 X124.985 Y96.323 Z18.4 F7200
G1 X116 Y96.703 Z18.4
G1 Z18
G1 E.8 F1800
G1 F2615
G1 X116 Y98.332 E.05401
G1 X116.236 Y98.005 E.01337
G1 X116.451 Y97.79 E.0101
G1 X118.005 Y96.666 E.06363
G1 X118.221 Y96.451 E.0101
G1 X118.547 Y96 E.01848
G1 X121.656 Y96 E.10312
G1 X121.329 Y96.451 E.01848
G1 X121.114 Y96.666 E.0101
G1 X119.56 Y97.79 E.06363
G1 X119.344 Y98.005 E.0101
G1 X118.221 Y99.56 E.06363
G1 X118.005 Y99.775 E.0101
G1 X116.451 Y100.899 E.06363
G1 X116.236 Y101.114 E.0101
G1 X116 Y101.441 E.01337
G1 X116 Y104.549 E.10312
G1 X116.236 Y104.223 E.01337
G1 X116.451 Y104.008 E.0101
G1 X118.005 Y102.884 E.06363
G1 X118.221 Y102.668 E.0101
G1 X119.344 Y101.114 E.06363
G1 X119.56 Y100.899 E.0101
G1 X121.114 Y99.775 E.06363
G1 X121.329 Y99.56 E.0101
G1 X122.453 Y98.005 E.06363
G1 X122.668 Y97.79 E.0101
G1 X124.223 Y96.666 E.06363
G1 X124.438 Y96.451 E.0101
G1 X124.764 Y96 E.01848
G1 X127.873 Y96 E.10312
G1 X127.547 Y96.451 E.01848
G1 X127.332 Y96.666 E.0101
G1 X125.777 Y97.79 E.06363
G1 X125.562 Y98.005 E.0101
G1 X124.438 Y99.56 E.06363
G1 X124.223 Y99.775 E.0101
G1 X122.668 Y100.899 E.06363
G1 X122.453 Y101.114 E.0101
G1 X121.329 Y102.668 E.06363
G1 X121.114 Y102.884 E.0101
G1 X119.56 Y104.008 E.06363
G1 X119.344 Y104.223 E.0101
G1 X118.221 Y105.777 E.06363
G1 X118.005 Y105.992 E.0101
G1 X116.451 Y107.116 E.06363
G1 X116.236 Y107.332 E.0101
G1 X116 Y107.658 E.01337
G1 X116 Y106.03 E.05401
; stop printing object cube.stl id:0 copy 0
;LAYER_CHANGE
;Z:18.2
;HEIGHT:0.200001
;BEFORE_LAYER_CHANGE
G92 E0.0
;18.2
M201 X4000 Y4000
M74 W0
;AFTER_LAYER_CHANGE
;18.2
;_SET_FAN_SPEED_CHANGING_LAYER
; printing object cube.stl id:0 copy 0
G1 E-.8 F1800
G1 X122.951 Y109.181 Z18.6 F7200
G1 X134.346 Y114.346 Z18.6
G1 Z18.2
G1 E.8 F1800
M204 P4000
;TYPE:Inner wall
;WIDTH:0.449999
G1 F2615
G1 X115.654 Y114.346 E.62008
G1 X115.654 Y95.654 E.62008
G1 X134.346 Y95.654 E.62008
G1 X134.346 Y114.306 E.61875
M204 T500
G1 X134.775 Y114.775 F7200
M204 P500
;TYPE:Outer wall
G1 F2615
G1 X115.225 Y114.775 E.64851
G1 X115.225 Y95.225 E.64851
G1 X134.775 Y95.225 E.64851
G1 X134.775 Y114.735 E.64718
M204 T4000
G1 X132.933 Y114 F7200
;TYPE:Sparse infill
;WIDTH:0.45
G1 F2615
G1 X131.305 Y114 E.05401
G1 X131.426 Y113.549 E.0155
G1 X131.995 Y112.98 E.02668
G1 X133.549 Y112.564 E.05338
G1 X134 Y112.112 E.02117
G1 X134 Y109.003 E.10312
G1 X133.549 Y109.455 E.02117
G1 X131.995 Y109.872 E.05338
G1 X131.426 Y110.44 E.02668
G1 X131.009 Y111.995 E.05338
G1 X130.44 Y112.564 E.02668
G1 X128.886 Y112.98 E.05338
G1 X128.317 Y113.549 E.02668
G1 X128.196 Y114 E.0155
G1 X125.087 Y114 E.10312
G1 X125.208 Y113.549 E.0155
M73 P88 R3
G1 X125.777 Y112.98 E.02668
G1 X127.332 Y112.564 E.05338
G1 X127.9 Y111.995 E.02668
G1 X128.317 Y110.44 E.05338
G1 X128.886 Y109.872 E.02668
G1 X130.44 Y109.455 E.05338
G1 X131.009 Y108.886 E.02668
G1 X131.426 Y107.332 E.05338
G1 X131.995 Y106.763 E.02668
G1 X133.549 Y106.346 E.05338
G1 X134 Y105.895 E.02117
G1 X134 Y102.786 E.10312
G1 X133.549 Y103.237 E.02117
G1 X131.995 Y103.654 E.05338
G1 X131.426 Y104.223 E.02668
G1 X131.009 Y105.777 E.05338
G1 X130.44 Y106.346 E.02668
G1 X128.886 Y106.763 E.05338
G1 X128.317 Y107.332 E.02668
G1 X127.9 Y108.886 E.05338
G1 X127.332 Y109.455 E.02668
G1 X125.777 Y109.872 E.05338
G1 X125.208 Y110.44 E.02668
G1 X124.792 Y111.995 E.05338
G1 X124.223 Y112.564 E.02668
G1 X122.668 Y112.98 E.05338
G1 X122.1 Y113.549 E.02668
G1 X121.979 Y114 E.0155
G1 X118.87 Y114 E.10312
G1 X118.991 Y113.549 E.0155
G1 X119.56 Y112.98 E.02668
G1 X121.114 Y112.564 E.05338
G1 X121.683 Y111.995 E.02668
G1 X122.1 Y110.44 E.05338
G1 X122.668 Y109.872 E.02668
G1 X124.223 Y109.455 E.05338
G1 X124.792 Y108.886 E.02668
G1 X125.208 Y107.332 E.05338
G1 X125.777 Y106.763 E.02668
G1 X127.332 Y106.346 E.05338
G1 X127.9 Y105.777 E.02668
G1 X128.317 Y104.223 E.05338
G1 X128.886 Y103.654 E.02668
G1 X130.44 Y103.237 E.05338
G1 X131.009 Y102.668 E.02668
G1 X131.426 Y101.114 E.05338
G1 X131.995 Y100.545 E.02668
G1 X133.549 Y100.128 E.05338
G1 X134 Y99.677 E.02117
G1 X134 Y96.568 E.10312
G1 X133.549 Y97.02 E.02117
G1 X131.995 Y97.437 E.05338
G1 X131.426 Y98.005 E.02668
G1 X131.009 Y99.56 E.05338
G1 X130.44 Y100.128 E.02668
G1 X128.886 Y100.545 E.05338
G1 X128.317 Y101.114 E.02668
G1 X127.9 Y102.668 E.05338
G1 X127.332 Y103.237 E.02668
G1 X125.777 Y103.654 E.05338
G1 X125.208 Y104.223 E.02668
G1 X124.792 Y105.777 E.05338
G1 X124.223 Y106.346 E.02668
G1 X122.668 Y106.763 E.05338
G1 X122.1 Y107.332 E.02668
G1 X121.683 Y108.886 E.05338
G1 X121.114 Y109.455 E.02668
G1 X119.56 Y109.872 E.05338
G1 X118.991 Y110.44 E.02668
G1 X118.574 Y111.995 E.05338
G1 X118.005 Y112.564 E.02668
G1 X116.451 Y112.98 E.05338
G1 X116 Y113.432 E.02117
G1 X116 Y110.323 E.10312
G1 X116.451 Y109.872 E.02117
G1 X118.005 Y109.455 E.05338
G1 X118.574 Y108.886 E.02668
G1 X118.991 Y107.332 E.05338
G1 X119.56 Y106.763 E.02668
G1 X121.114 Y106.346 E.05338
G1 X121.683 Y105.777 E.02668
G1 X122.1 Y104.223 E.05338
G1 X122.668 Y103.654 E.02668
G1 X124.223 Y103.237 E.05338
G1 X124.792 Y102.668 E.02668
G1 X125.208 Y101.114 E.05338
G1 X125.777 Y100.545 E.02668
G1 X127.332 Y100.128 E.05338
G1 X127.9 Y99.56 E.02668
G1 X128.317 Y98.005 E.05338
G1 X128.886 Y97.437 E.02668
G1 X130.44 Y97.02 E.05338
G1 X131.009 Y96.451 E.02668
G1 X131.13 Y96 E.0155
G1 X128.021 Y96 E.10312
G1 X127.9 Y96.451 E.0155
G1 X127.332 Y97.02 E.02668
G1 X125.777 Y97.437 E.05338
G1 X125.208 Y98.005 E.02668
G1 X124.792 Y99.56 E.05338
G1 X124.223 Y100.128 E.02668
G1 X122.668 Y100.545 E.05338
G1 X122.1 Y101.114 E.02668
G1 X121.683 Y102.668 E.05338
G1 X121.114 Y103.237 E.02668
G1 X119.56 Y103.654 E.05338
G1 X118.991 Y104.223 E.02668
G1 X118.574 Y105.777 E.05338
G1 X118.005 Y106.346 E.02668
G1 X116.451 Y106.763 E.05338
G1 X116 Y107.214 E.02117
G1 X116 Y104.105 E.10312
G1 X116.451 Y103.654 E.02117
G1 X118.005 Y103.237 E.05338
G1 X118.574 Y102.668 E.02668
G1 X118.991 Y101.114 E.05338
G1 X119.56 Y100.545 E.02668
G1 X121.114 Y100.128 E.05338
G1 X121.683 Y99.56 E.02668
G1 X122.1 Y98.005 E.05338
G1 X122.668 Y97.437 E.02668
G1 X124.223 Y97.02 E.05338
G1 X124.792 Y96.451 E.02668
G1 X124.913 Y96 E.0155
G1 X121.804 Y96 E.10312
G1 X121.683 Y96.451 E.0155
G1 X121.114 Y97.02 E.02668
G1 X119.56 Y97.437 E.05338
G1 X118.991 Y98.005 E.02668
G1 X118.574 Y99.56 E.05338
G1 X118.005 Y100.128 E.02668
G1 X116.451 Y100.545 E.05338
G1 X116 Y100.997 E.02117
G1 X116 Y97.888 E.10312
G1 X116.451 Y97.437 E.02117
G1 X118.005 Y97.02 E.05338
G1 X118.574 Y96.451 E.02668
G1 X118.695 Y96 E.0155
G1 X117.067 Y96 E.05401
; stop printing object cube.stl id:0 copy 0
;LAYER_CHANGE
;Z:18.4
;HEIGHT:0.199999
;BEFORE_LAYER_CHANGE
G92 E0.0
;18.4
M201 X4000 Y4000
M74 W0
;AFTER_LAYER_CHANGE
;18.4
;_SET_FAN_SPEED_CHANGING_LAYER
; printing object cube.stl id:0 copy 0
G1 E-.8 F1800
G1 X122.3 Y101.556 Z18.8 F7200
G1 X134.346 Y114.346 Z18.8
G1 Z18.4
G1 E.8 F1800
M204 P4000
;TYPE:Inner wall
;WIDTH:0.449999
G1 F2849
G1 X115.654 Y114.346 E.62008
G1 X115.654 Y95.654 E.62008
G1 X134.346 Y95.654 E.62008
G1 X134.346 Y114.306 E.61875
M204 T500
G1 X134.775 Y114.775 F7200
M204 P500
;TYPE:Outer wall
G1 F2849
G1 X115.225 Y114.775 E.64851
G1 X115.225 Y95.225 E.64851
G1 X134.775 Y95.225 E.64851
G1 X134.775 Y114.735 E.64718
M204 T4000
G1 E-.8 F1800
G1 X132.785 Y114 Z18.8 F7200
G1 Z18.4
G1 E.8 F1800
;TYPE:Sparse infill
;WIDTH:0.45
G1 F2849
G1 X131.157 Y114 E.05401
G1 X131.072 Y113.549 E.01523
G1 X131.995 Y112.627 E.04327
G1 X133.549 Y112.917 E.05245
G1 X134 Y112.466 E.02117
G1 X134 Y109.357 E.10312
G1 X133.549 Y109.808 E.02117
G1 X131.995 Y109.518 E.05245
G1 X131.072 Y110.44 E.04327
G1 X131.363 Y111.995 E.05245
G1 X130.44 Y112.917 E.04327
G1 X128.886 Y112.627 E.05245
G1 X127.964 Y113.549 E.04327
G1 X128.048 Y114 E.01523
G1 X124.939 Y114 E.10312
G1 X124.855 Y113.549 E.01523
G1 X125.777 Y112.627 E.04327
G1 X127.332 Y112.917 E.05245
G1 X128.254 Y111.995 E.04327
G1 X127.964 Y110.44 E.05245
G1 X128.886 Y109.518 E.04327
G1 X130.44 Y109.808 E.05245
G1 X131.363 Y108.886 E.04327
G1 X131.072 Y107.332 E.05245
M73 P89 R3
G1 X131.995 Y106.409 E.04327
G1 X133.549 Y106.7 E.05245
G1 X134 Y106.248 E.02117
G1 X134 Y103.139 E.10312
G1 X133.549 Y103.591 E.02117
G1 X131.995 Y103.3 E.05245
G1 X131.072 Y104.223 E.04327
G1 X131.363 Y105.777 E.05245
G1 X130.44 Y106.7 E.04327
G1 X128.886 Y106.409 E.05245
G1 X127.964 Y107.332 E.04327
G1 X128.254 Y108.886 E.05245
G1 X127.332 Y109.808 E.04327
G1 X125.777 Y109.518 E.05245
G1 X124.855 Y110.44 E.04327
G1 X125.145 Y111.995 E.05245
M73 P89 R2
G1 X124.223 Y112.917 E.04327
G1 X122.668 Y112.627 E.05245
G1 X121.746 Y113.549 E.04327
G1 X121.83 Y114 E.01523
G1 X118.722 Y114 E.10312
G1 X118.637 Y113.549 E.01523
G1 X119.56 Y112.627 E.04327
G1 X121.114 Y112.917 E.05245
G1 X122.036 Y111.995 E.04327
G1 X121.746 Y110.44 E.05245
G1 X122.668 Y109.518 E.04327
G1 X124.223 Y109.808 E.05245
G1 X125.145 Y108.886 E.04327
G1 X124.855 Y107.332 E.05245
G1 X125.777 Y106.409 E.04327
G1 X127.332 Y106.7 E.05245
G1 X128.254 Y105.777 E.04327
G1 X127.964 Y104.223 E.05245
G1 X128.886 Y103.3 E.04327
G1 X130.44 Y103.591 E.05245
G1 X131.363 Y102.668 E.04327
G1 X131.072 Y101.114 E.05245
G1 X131.995 Y100.192 E.04327
G1 X133.549 Y100.482 E.05245
G1 X134 Y100.031 E.02117
G1 X134 Y96.922 E.10312
G1 X133.549 Y97.373 E.02117
G1 X131.995 Y97.083 E.05245
G1 X131.072 Y98.005 E.04327
G1 X131.363 Y99.56 E.05245
G1 X130.44 Y100.482 E.04327
G1 X128.886 Y100.192 E.05245
G1 X127.964 Y101.114 E.04327
G1 X128.254 Y102.668 E.05245
G1 X127.332 Y103.591 E.04327
G1 X125.777 Y103.3 E.05245
G1 X124.855 Y104.223 E.04327
G1 X125.145 Y105.777 E.05245
G1 X124.223 Y106.7 E.04327
G1 X122.668 Y106.409 E.05245
G1 X121.746 Y107.332 E.04327
G1 X122.036 Y108.886 E.05245
G1 X121.114 Y109.808 E.04327
G1 X119.56 Y109.518 E.05245
G1 X118.637 Y110.44 E.04327
G1 X118.928 Y111.995 E.05245
G1 X118.005 Y112.917 E.04327
G1 X116.451 Y112.627 E.05245
G1 X116 Y113.078 E.02117
G1 X116 Y109.969 E.10312
G1 X116.451 Y109.518 E.02117
G1 X118.005 Y109.808 E.05245
G1 X118.928 Y108.886 E.04327
G1 X118.637 Y107.332 E.05245
G1 X119.56 Y106.409 E.04327
G1 X121.114 Y106.7 E.05245
G1 X122.036 Y105.777 E.04327
G1 X121.746 Y104.223 E.05245
G1 X122.668 Y103.3 E.04327
G1 X124.223 Y103.591 E.05245
G1 X125.145 Y102.668 E.04327
G1 X124.855 Y101.114 E.05245
G1 X125.777 Y100.192 E.04327
G1 X127.332 Y100.482 E.05245
G1 X128.254 Y99.56 E.04327
G1 X127.964 Y98.005 E.05245
G1 X128.886 Y97.083 E.04327
G1 X130.44 Y97.373 E.05245
G1 X131.363 Y96.451 E.04327
G1 X131.278 Y96 E.01523
G1 X128.17 Y96 E.10312
G1 X128.254 Y96.451 E.01523
G1 X127.332 Y97.373 E.04327
G1 X125.777 Y97.083 E.05245
G1 X124.855 Y98.005 E.04327
G1 X125.145 Y99.56 E.05245
G1 X124.223 Y100.482 E.04327
G1 X122.668 Y100.192 E.05245
G1 X121.746 Y101.114 E.04327
G1 X122.036 Y102.668 E.05245
G1 X121.114 Y103.591 E.04327
G1 X119.56 Y103.3 E.05245
G1 X118.637 Y104.223 E.04327
G1 X118.928 Y105.777 E.05245
G1 X118.005 Y106.7 E.04327
G1 X116.451 Y106.409 E.05245
G1 X116 Y106.861 E.02117
G1 X116 Y103.752 E.10312
G1 X116.451 Y103.3 E.02117
G1 X118.005 Y103.591 E.05245
G1 X118.928 Y102.668 E.04327
G1 X118.637 Y101.114 E.05245
G1 X119.56 Y100.192 E.04327
G1 X121.114 Y100.482 E.05245
G1 X122.036 Y99.56 E.04327
G1 X121.746 Y98.005 E.05245
G1 X122.668 Y97.083 E.04327
G1 X124.223 Y97.373 E.05245
G1 X125.145 Y96.451 E.04327
G1 X125.061 Y96 E.01523
G1 X121.952 Y96 E.10312
G1 X122.036 Y96.451 E.01523
G1 X121.114 Y97.373 E.04327
G1 X119.56 Y97.083 E.05245
G1 X118.637 Y98.005 E.04327
G1 X118.928 Y99.56 E.05245
G1 X118.005 Y100.482 E.04327
G1 X116.451 Y100.192 E.05245
G1 X116 Y100.643 E.02117
G1 X116 Y97.534 E.10312
G1 X116.451 Y97.083 E.02117
G1 X118.005 Y97.373 E.05245
G1 X118.928 Y96.451 E.04327
G1 X118.843 Y96 E.01523
G1 X117.215 Y96 E.05401
; stop printing object cube.stl id:0 copy 0
;LAYER_CHANGE
;Z:18.6
;HEIGHT:0.200001
;BEFORE_LAYER_CHANGE
G92 E0.0
;18.6
M201 X4000 Y4000
M74 W0
;AFTER_LAYER_CHANGE
;18.6
;_SET_FAN_SPEED_CHANGING_LAYER
; printing object cube.stl id:0 copy 0
G1 E-.8 F1800
G1 X122.424 Y101.578 Z19 F7200
G1 X134.346 Y114.346 Z19
G1 Z18.6
G1 E.8 F1800
M204 P4000
;TYPE:Inner wall
;WIDTH:0.449999
G1 F2700
G1 X115.654 Y114.346 E.62008
G1 X115.654 Y95.654 E.62008
G1 X134.346 Y95.654 E.62008
G1 X134.346 Y114.306 E.61875
M204 T500
G1 X134.775 Y114.775 F7200
M204 P500
;TYPE:Outer wall
G1 F2700
G1 X115.225 Y114.775 E.64851
G1 X115.225 Y95.225 E.64851
G1 X134.775 Y95.225 E.64851
G1 X134.775 Y114.735 E.64718
M204 T4000
G1 X132.962 Y114 F7200
;TYPE:Sparse infill
;WIDTH:0.45
G1 F2700
G1 X134 Y114 E.03446
G1 X134 Y113.411 E.01955
G1 X133.549 Y112.96 E.02117
G1 X131.995 Y112.584 E.05305
G1 X131.405 Y111.995 E.02765
M73 P90 R2
G1 X131.03 Y110.44 E.05305
G1 X130.44 Y109.851 E.02765
G1 X128.886 Y109.475 E.05305
G1 X128.297 Y108.886 E.02765
G1 X127.921 Y107.332 E.05305
G1 X127.332 Y106.742 E.02765
G1 X125.777 Y106.367 E.05305
G1 X125.188 Y105.777 E.02765
G1 X124.812 Y104.223 E.05305
G1 X124.223 Y103.633 E.02765
G1 X122.668 Y103.258 E.05305
G1 X122.079 Y102.668 E.02765
G1 X121.703 Y101.114 E.05305
G1 X121.114 Y100.525 E.02765
G1 X119.56 Y100.149 E.05305
G1 X118.97 Y99.56 E.02765
G1 X118.595 Y98.005 E.05305
G1 X118.005 Y97.416 E.02765
G1 X116.451 Y97.04 E.05305
G1 X116 Y96.589 E.02117
G1 X116 Y99.698 E.10312
G1 X116.451 Y100.149 E.02117
G1 X118.005 Y100.525 E.05305
G1 X118.595 Y101.114 E.02765
G1 X118.97 Y102.668 E.05305
G1 X119.56 Y103.258 E.02765
G1 X121.114 Y103.633 E.05305
G1 X121.703 Y104.223 E.02765
G1 X122.079 Y105.777 E.05305
G1 X122.668 Y106.367 E.02765
G1 X124.223 Y106.742 E.05305
G1 X124.812 Y107.332 E.02765
G1 X125.188 Y108.886 E.05305
G1 X125.777 Y109.475 E.02765
G1 X127.332 Y109.851 E.05305
G1 X127.921 Y110.44 E.02765
G1 X128.297 Y111.995 E.05305
G1 X128.886 Y112.584 E.02765
G1 X130.44 Y112.96 E.05305
G1 X131.03 Y113.549 E.02765
G1 X131.139 Y114 E.0154
G1 X128.03 Y114 E.10312
G1 X127.921 Y113.549 E.0154
G1 X127.332 Y112.96 E.02765
G1 X125.777 Y112.584 E.05305
G1 X125.188 Y111.995 E.02765
G1 X124.812 Y110.44 E.05305
G1 X124.223 Y109.851 E.02765
G1 X122.668 Y109.475 E.05305
G1 X122.079 Y108.886 E.02765
G1 X121.703 Y107.332 E.05305
G1 X121.114 Y106.742 E.02765
G1 X119.56 Y106.367 E.05305
G1 X118.97 Y105.777 E.02765
G1 X118.595 Y104.223 E.05305
G1 X118.005 Y103.633 E.02765
G1 X116.451 Y103.258 E.05305
G1 X116 Y102.806 E.02117
G1 X116 Y105.915 E.10312
G1 X116.451 Y106.367 E.02117
G1 X118.005 Y106.742 E.05305
G1 X118.595 Y107.332 E.02765
G1 X118.97 Y108.886 E.05305
G1 X119.56 Y109.475 E.02765
G1 X121.114 Y109.851 E.05305
G1 X121.703 Y110.44 E.02765
G1 X122.079 Y111.995 E.05305
G1 X122.668 Y112.584 E.02765
G1 X124.223 Y112.96 E.05305
G1 X124.812 Y113.549 E.02765
G1 X124.921 Y114 E.0154
G1 X121.812 Y114 E.10312
G1 X121.703 Y113.549 E.0154
G1 X121.114 Y112.96 E.02765
G1 X119.56 Y112.584 E.05305
G1 X118.97 Y111.995 E.02765
G1 X118.595 Y110.44 E.05305
G1 X118.005 Y109.851 E.02765
G1 X116.451 Y109.475 E.05305
G1 X116 Y109.024 E.02117
G1 X116 Y112.133 E.10312
G1 X116.451 Y112.584 E.02117
G1 X118.005 Y112.96 E.05305
G1 X118.595 Y113.549 E.02765
G1 X118.704 Y114 E.0154
G1 X117.075 Y114 E.05401
G1 E-.8 F1800
G1 X117.142 Y106.368 Z19 F7200
G1 X117.233 Y96 Z19
G1 Z18.6
G1 E.8 F1800
G1 F2700
G1 X118.861 Y96 E.05401
G1 X118.97 Y96.451 E.0154
G1 X119.56 Y97.04 E.02765
G1 X121.114 Y97.416 E.05305
G1 X121.703 Y98.005 E.02765
G1 X122.079 Y99.56 E.05305
G1 X122.668 Y100.149 E.02765
G1 X124.223 Y100.525 E.05305
G1 X124.812 Y101.114 E.02765
G1 X125.188 Y102.668 E.05305
G1 X125.777 Y103.258 E.02765
G1 X127.332 Y103.633 E.05305
G1 X127.921 Y104.223 E.02765
G1 X128.297 Y105.777 E.05305
G1 X128.886 Y106.367 E.02765
G1 X130.44 Y106.742 E.05305
G1 X131.03 Y107.332 E.02765
G1 X131.405 Y108.886 E.05305
G1 X131.995 Y109.475 E.02765
G1 X133.549 Y109.851 E.05305
G1 X134 Y110.302 E.02117
G1 X134 Y107.194 E.10312
G1 X133.549 Y106.742 E.02117
G1 X131.995 Y106.367 E.05305
G1 X131.405 Y105.777 E.02765
G1 X131.03 Y104.223 E.05305
G1 X130.44 Y103.633 E.02765
G1 X128.886 Y103.258 E.05305
G1 X128.297 Y102.668 E.02765
G1 X127.921 Y101.114 E.05305
G1 X127.332 Y100.525 E.02765
G1 X125.777 Y100.149 E.05305
G1 X125.188 Y99.56 E.02765
G1 X124.812 Y98.005 E.05305
G1 X124.223 Y97.416 E.02765
G1 X122.668 Y97.04 E.05305
G1 X122.079 Y96.451 E.02765
G1 X121.97 Y96 E.0154
G1 X125.079 Y96 E.10312
G1 X125.188 Y96.451 E.0154
G1 X125.777 Y97.04 E.02765
G1 X127.332 Y97.416 E.05305
G1 X127.921 Y98.005 E.02765
G1 X128.297 Y99.56 E.05305
G1 X128.886 Y100.149 E.02765
G1 X130.44 Y100.525 E.05305
G1 X131.03 Y101.114 E.02765
G1 X131.405 Y102.668 E.05305
G1 X131.995 Y103.258 E.02765
G1 X133.549 Y103.633 E.05305
G1 X134 Y104.085 E.02117
G1 X134 Y100.976 E.10312
G1 X133.549 Y100.525 E.02117
G1 X131.995 Y100.149 E.05305
G1 X131.405 Y99.56 E.02765
G1 X131.03 Y98.005 E.05305
G1 X130.44 Y97.416 E.02765
G1 X128.886 Y97.04 E.05305
G1 X128.297 Y96.451 E.02765
G1 X128.188 Y96 E.0154
G1 X131.296 Y96 E.10312
G1 X131.405 Y96.451 E.0154
G1 X131.995 Y97.04 E.02765
G1 X133.549 Y97.416 E.05305
G1 X134 Y97.867 E.02117
G1 X134 Y96.239 E.05401
; stop printing object cube.stl id:0 copy 0
;LAYER_CHANGE
;Z:18.8
;HEIGHT:0.199999
;BEFORE_LAYER_CHANGE
G92 E0.0
;18.8
M201 X4000 Y4000
M74 W0
;AFTER_LAYER_CHANGE
;18.8
;_SET_FAN_SPEED_CHANGING_LAYER
; printing object cube.stl id:0 copy 0
G1 E-.8 F1800
G1 X134.146 Y103.87 Z19.2 F7200
G1 X134.346 Y114.346 Z19.2
G1 Z18.8
G1 E.8 F1800
M204 P4000
;TYPE:Inner wall
;WIDTH:0.449999
G1 F2689
G1 X115.654 Y114.346 E.62008
G1 X115.654 Y95.654 E.62008
G1 X134.346 Y95.654 E.62008
G1 X134.346 Y114.306 E.61875
M204 T500
G1 X134.775 Y114.775 F7200
M204 P500
;TYPE:Outer wall
G1 F2689
G1 X115.225 Y114.775 E.64851
G1 X115.225 Y95.225 E.64851
G1 X134.775 Y95.225 E.64851
G1 X134.775 Y114.735 E.64718
M204 T4000
G1 E-.8 F1800
G1 X132.619 Y114 Z19.2 F7200
G1 Z18.8
G1 E.8 F1800
;TYPE:Sparse infill
;WIDTH:0.45
G1 F2689
G1 X130.991 Y114 E.05401
G1 X130.676 Y113.549 E.01825
G1 X130.44 Y113.313 E.01106
G1 X128.886 Y112.231 E.06284
G1 X128.65 Y111.995 E.01106
G1 X127.567 Y110.44 E.06284
G1 X127.332 Y110.205 E.01106
G1 X125.777 Y109.122 E.06284
G1 X125.541 Y108.886 E.01106
M73 P91 R2
G1 X124.459 Y107.332 E.06284
G1 X124.223 Y107.096 E.01106
G1 X122.668 Y106.013 E.06284
G1 X122.433 Y105.777 E.01106
G1 X121.35 Y104.223 E.06284
G1 X121.114 Y103.987 E.01106
G1 X119.56 Y102.904 E.06284
G1 X119.324 Y102.668 E.01106
G1 X118.241 Y101.114 E.06284
G1 X118.005 Y100.878 E.01106
G1 X116.451 Y99.795 E.06284
G1 X116.215 Y99.56 E.01106
G1 X116 Y99.25 E.01251
G1 X116 Y102.359 E.10312
G1 X116.215 Y102.668 E.01251
G1 X116.451 Y102.904 E.01106
G1 X118.005 Y103.987 E.06284
G1 X118.241 Y104.223 E.01106
G1 X119.324 Y105.777 E.06284
G1 X119.56 Y106.013 E.01106
G1 X121.114 Y107.096 E.06284
G1 X121.35 Y107.332 E.01106
G1 X122.433 Y108.886 E.06284
G1 X122.668 Y109.122 E.01106
G1 X124.223 Y110.205 E.06284
G1 X124.459 Y110.44 E.01106
G1 X125.541 Y111.995 E.06284
G1 X125.777 Y112.231 E.01106
G1 X127.332 Y113.313 E.06284
G1 X127.567 Y113.549 E.01106
G1 X127.882 Y114 E.01825
G1 X124.773 Y114 E.10312
G1 X124.459 Y113.549 E.01825
G1 X124.223 Y113.313 E.01106
G1 X122.668 Y112.231 E.06284
G1 X122.433 Y111.995 E.01106
G1 X121.35 Y110.44 E.06284
G1 X121.114 Y110.205 E.01106
G1 X119.56 Y109.122 E.06284
G1 X119.324 Y108.886 E.01106
G1 X118.241 Y107.332 E.06284
G1 X118.005 Y107.096 E.01106
G1 X116.451 Y106.013 E.06284
G1 X116.215 Y105.777 E.01106
G1 X116 Y105.468 E.01251
G1 X116 Y108.577 E.10312
G1 X116.215 Y108.886 E.01251
G1 X116.451 Y109.122 E.01106
G1 X118.005 Y110.205 E.06284
G1 X118.241 Y110.44 E.01106
G1 X119.324 Y111.995 E.06284
G1 X119.56 Y112.231 E.01106
G1 X121.114 Y113.313 E.06284
G1 X121.35 Y113.549 E.01106
G1 X121.664 Y114 E.01825
G1 X118.555 Y114 E.10312
G1 X118.241 Y113.549 E.01825
G1 X118.005 Y113.313 E.01106
G1 X116.451 Y112.231 E.06284
G1 X116.215 Y111.995 E.01106
G1 X116 Y111.685 E.01251
G1 X116 Y113.314 E.05401
G1 E-.8 F1800
G1 X116.652 Y105.709 Z19.2 F7200
G1 X117.486 Y96 Z19.2
G1 Z18.8
G1 E.8 F1800
G1 F2689
G1 X116 Y96 E.04931
G1 X116 Y96.142 E.00471
G1 X116.215 Y96.451 E.01251
G1 X116.451 Y96.687 E.01106
G1 X118.005 Y97.769 E.06284
G1 X118.241 Y98.005 E.01106
G1 X119.324 Y99.56 E.06284
G1 X119.56 Y99.795 E.01106
G1 X121.114 Y100.878 E.06284
G1 X121.35 Y101.114 E.01106
G1 X122.433 Y102.668 E.06284
G1 X122.668 Y102.904 E.01106
G1 X124.223 Y103.987 E.06284
G1 X124.459 Y104.223 E.01106
G1 X125.541 Y105.777 E.06284
G1 X125.777 Y106.013 E.01106
G1 X127.332 Y107.096 E.06284
G1 X127.567 Y107.332 E.01106
G1 X128.65 Y108.886 E.06284
G1 X128.886 Y109.122 E.01106
G1 X130.44 Y110.205 E.06284
G1 X130.676 Y110.44 E.01106
G1 X131.759 Y111.995 E.06284
G1 X131.995 Y112.231 E.01106
G1 X133.549 Y113.313 E.06284
G1 X133.785 Y113.549 E.01106
G1 X134 Y113.859 E.01251
G1 X134 Y110.75 E.10312
G1 X133.785 Y110.44 E.01251
G1 X133.549 Y110.205 E.01106
G1 X131.995 Y109.122 E.06284
G1 X131.759 Y108.886 E.01106
G1 X130.676 Y107.332 E.06284
G1 X130.44 Y107.096 E.01106
G1 X128.886 Y106.013 E.06284
G1 X128.65 Y105.777 E.01106
G1 X127.567 Y104.223 E.06284
G1 X127.332 Y103.987 E.01106
G1 X125.777 Y102.904 E.06284
G1 X125.541 Y102.668 E.01106
G1 X124.459 Y101.114 E.06284
G1 X124.223 Y100.878 E.01106
G1 X122.668 Y99.795 E.06284
G1 X122.433 Y99.56 E.01106
G1 X121.35 Y98.005 E.06284
G1 X121.114 Y97.769 E.01106
G1 X119.56 Y96.687 E.06284
G1 X119.324 Y96.451 E.01106
G1 X119.009 Y96 E.01825
G1 X122.118 Y96 E.10312
G1 X122.433 Y96.451 E.01825
G1 X122.668 Y96.687 E.01106
G1 X124.223 Y97.769 E.06284
G1 X124.459 Y98.005 E.01106
G1 X125.541 Y99.56 E.06284
G1 X125.777 Y99.795 E.01106
G1 X127.332 Y100.878 E.06284
G1 X127.567 Y101.114 E.01106
G1 X128.65 Y102.668 E.06284
G1 X128.886 Y102.904 E.01106
G1 X130.44 Y103.987 E.06284
G1 X130.676 Y104.223 E.01106
G1 X131.759 Y105.777 E.06284
G1 X131.995 Y106.013 E.01106
G1 X133.549 Y107.096 E.06284
G1 X133.785 Y107.332 E.01106
G1 X134 Y107.641 E.01251
G1 X134 Y104.532 E.10312
G1 X133.785 Y104.223 E.01251
G1 X133.549 Y103.987 E.01106
G1 X131.995 Y102.904 E.06284
G1 X131.759 Y102.668 E.01106
G1 X130.676 Y101.114 E.06284
G1 X130.44 Y100.878 E.01106
G1 X128.886 Y99.795 E.06284
G1 X128.65 Y99.56 E.01106
G1 X127.567 Y98.005 E.06284
G1 X127.332 Y97.769 E.01106
G1 X125.777 Y96.687 E.06284
G1 X125.541 Y96.451 E.01106
G1 X125.227 Y96 E.01825
G1 X126.855 Y96 E.05401
G1 E-.8 F1800
G1 X134 Y96.686 Z19.2 F7200
G1 Z18.8
G1 E.8 F1800
G1 F2689
G1 X134 Y98.315 E.05401
G1 X133.785 Y98.005 E.01251
G1 X133.549 Y97.769 E.01106
G1 X131.995 Y96.687 E.06284
G1 X131.759 Y96.451 E.01106
G1 X131.445 Y96 E.01825
G1 X128.336 Y96 E.10312
G1 X128.65 Y96.451 E.01825
G1 X128.886 Y96.687 E.01106
G1 X130.44 Y97.769 E.06284
G1 X130.676 Y98.005 E.01106
G1 X131.759 Y99.56 E.06284
G1 X131.995 Y99.795 E.01106
G1 X133.549 Y100.878 E.06284
G1 X133.785 Y101.114 E.01106
G1 X134 Y101.423 E.01251
G1 X134 Y103.052 E.05401
; stop printing object cube.stl id:0 copy 0
;LAYER_CHANGE
;Z:19
;HEIGHT:0.200001
;BEFORE_LAYER_CHANGE
G92 E0.0
;19
M201 X4000 Y4000
M74 W0
;AFTER_LAYER_CHANGE
;19
;_SET_FAN_SPEED_CHANGING_LAYER
; printing object cube.stl id:0 copy 0
G1 E-.8 F1800
G1 X134.234 Y110.681 Z19.4 F7200
G1 X134.346 Y114.346 Z19.4
G1 Z19
G1 E.8 F1800
M204 P4000
;TYPE:Inner wall
;WIDTH:0.449999
G1 F2598
G1 X115.654 Y114.346 E.62008
G1 X115.654 Y95.654 E.62008
G1 X134.346 Y95.654 E.62008
G1 X134.346 Y114.306 E.61875
M204 T500
G1 X134.775 Y114.775 F7200
M204 P500
;TYPE:Outer wall
G1 F2598
G1 X115.225 Y114.775 E.64851
G1 X115.225 Y95.225 E.64851
G1 X134.775 Y95.225 E.64851
G1 X134.775 Y114.735 E.64718
M204 T4000
G1 E-.8 F1800
G1 X134.445 Y107.11 Z19.4 F7200
G1 X134 Y96.828 Z19.4
G1 Z19
G1 E.8 F1800
;TYPE:Sparse infill
;WIDTH:0.45
G1 F2598
G1 X134 Y98.457 E.05401
G1 X131.543 Y96 E.11527
G1 X128.435 Y96 E.10312
G1 X134 Y101.565 E.2611
G1 X134 Y104.674 E.10312
G1 X125.326 Y96 E.40694
G1 X122.217 Y96 E.10312
G1 X134 Y107.783 E.55278
G1 X134 Y110.892 E.10312
G1 X119.108 Y96 E.69862
G1 X116 Y96 E.10312
M73 P92 R2
G1 X134 Y114 E.84446
G1 X130.892 Y114 E.10312
G1 X116 Y99.108 E.69862
G1 X116 Y102.217 E.10312
G1 X127.783 Y114 E.55278
G1 X124.674 Y114 E.10312
G1 X116 Y105.326 E.40694
G1 X116 Y108.435 E.10312
G1 X121.565 Y114 E.2611
G1 X118.457 Y114 E.10312
G1 X116 Y111.543 E.11527
G1 X116 Y113.172 E.05401
; stop printing object cube.stl id:0 copy 0
;LAYER_CHANGE
;Z:19.2
;HEIGHT:0.200001
;BEFORE_LAYER_CHANGE
G92 E0.0
;19.2
M201 X4000 Y4000
M74 W0
;AFTER_LAYER_CHANGE
;19.2
;_SET_FAN_SPEED_CHANGING_LAYER
; printing object cube.stl id:0 copy 0
G1 E-.8 F1800
G1 X123.616 Y113.659 Z19.6 F7200
G1 X134.346 Y114.346 Z19.6
G1 Z19.2
G1 E.8 F1800
M204 P4000
;TYPE:Inner wall
;WIDTH:0.449999
G1 F3155
G1 X115.654 Y114.346 E.62008
G1 X115.654 Y95.654 E.62008
G1 X134.346 Y95.654 E.62008
G1 X134.346 Y114.306 E.61875
M204 T500
G1 X134.775 Y114.775 F7200
M204 P500
;TYPE:Outer wall
G1 F3155
G1 X115.225 Y114.775 E.64851
G1 X115.225 Y95.225 E.64851
G1 X134.775 Y95.225 E.64851
G1 X134.775 Y114.735 E.64718
M204 T4000
G1 E-.8 F1800
G1 X134.284 Y107.118 Z19.6 F7200
G1 X133.593 Y96.421 Z19.6
G1 Z19.2
G1 E.8 F1800
;TYPE:Sparse infill
;WIDTH:0.45
G1 F3155
G1 X133.593 Y98.05 E.05401
G1 X131.95 Y96.407 E.07707
G1 X128.842 Y96.407 E.10312
G1 X133.593 Y101.158 E.22291
G1 X133.593 Y104.267 E.10312
G1 X125.733 Y96.407 E.36875
G1 X122.624 Y96.407 E.10312
G1 X133.593 Y107.376 E.51459
G1 X133.593 Y110.485 E.10312
G1 X119.515 Y96.407 E.66043
G1 X116.407 Y96.407 E.10312
G1 X133.593 Y113.593 E.80626
G1 X130.485 Y113.593 E.10312
G1 X116.407 Y99.515 E.66043
G1 X116.407 Y102.624 E.10312
G1 X127.376 Y113.593 E.51459
G1 X124.267 Y113.593 E.10312
G1 X116.407 Y105.733 E.36875
G1 X116.407 Y108.842 E.10312
G1 X121.158 Y113.593 E.22291
G1 X118.05 Y113.593 E.10312
M73 P92 R1
G1 X116.407 Y111.95 E.07707
G1 X116.407 Y113.579 E.05401
G1 E-.8 F1800
G1 X116.241 Y105.948 Z19.6 F7200
G1 X116.03 Y96.203 Z19.6
G1 Z19.2
G1 E.8 F1800
;TYPE:Internal solid infill
;WIDTH:0.388948
G1 F3155
G1 X116.03 Y113.797 E.49609
;WIDTH:0.40379
G1 X116.045 Y113.869 E.00215
;WIDTH:0.423579
G1 X116.06 Y113.94 E.00227
G1 X116.203 Y113.97 E.00454
;WIDTH:0.388948
G1 X133.797 Y113.97 E.49609
;WIDTH:0.403791
G1 X133.869 Y113.955 E.00215
;WIDTH:0.423581
G1 X133.94 Y113.94 E.00227
G1 X133.97 Y113.797 E.00454
;WIDTH:0.388948
G1 X133.97 Y96.203 E.49609
;WIDTH:0.403791
G1 X133.955 Y96.131 E.00215
;WIDTH:0.423581
G1 X133.94 Y96.06 E.00227
G1 X133.797 Y96.03 E.00454
;WIDTH:0.388948
G1 X116.203 Y96.03 E.49609
;WIDTH:0.40379
G1 X116.131 Y96.045 E.00215
;WIDTH:0.436216
G1 X116.06 Y96.06 E.00235
G1 X116.038 Y96.164 E.00341
; stop printing object cube.stl id:0 copy 0
M106 S196
;LAYER_CHANGE
;Z:19.4
;HEIGHT:0.199999
;BEFORE_LAYER_CHANGE
G92 E0.0
;19.4
M201 X4000 Y4000
M74 W0
;AFTER_LAYER_CHANGE
;19.4
;_SET_FAN_SPEED_CHANGING_LAYER
; printing object cube.stl id:0 copy 0
G1 E-.8 F1800
G1 X121.454 Y101.542 Z19.8 F7200
G1 X134.346 Y114.346 Z19.8
G1 Z19.4
G1 E.8 F1800
M204 P4000
;TYPE:Inner wall
;WIDTH:0.449999
G1 F3600
G1 X115.654 Y114.346 E.62008
G1 X115.654 Y95.654 E.62008
G1 X134.346 Y95.654 E.62008
G1 X134.346 Y114.306 E.61875
M204 T500
G1 X134.775 Y114.775 F7200
M73 P93 R1
M204 P500
;TYPE:Outer wall
G1 F3600
G1 X115.225 Y114.775 E.64851
G1 X115.225 Y95.225 E.64851
G1 X134.775 Y95.225 E.64851
G1 X134.775 Y114.735 E.64718
M204 T4000
G1 X134.181 Y113.319 F7200
M204 P250
;TYPE:Internal Bridge
;WIDTH:0.4
;HEIGHT:0.4
G1 F2250
M106 S255
G1 X133.522 Y113.979 E.04776
G1 X132.885 Y113.979 E.03258
G1 X133.979 Y112.885 E.07918
G1 X133.979 Y112.249 E.03258
G1 X132.249 Y113.979 E.12526
G1 X131.613 Y113.979 E.03258
G1 X133.979 Y111.613 E.17134
G1 X133.979 Y110.976 E.03258
G1 X130.976 Y113.979 E.21742
G1 X130.34 Y113.979 E.03258
G1 X133.979 Y110.34 E.2635
G1 X133.979 Y109.703 E.03258
G1 X129.703 Y113.979 E.30958
G1 X129.067 Y113.979 E.03258
G1 X133.979 Y109.067 E.35566
G1 X133.979 Y108.431 E.03258
G1 X128.431 Y113.979 E.40174
G1 X127.794 Y113.979 E.03258
G1 X133.979 Y107.794 E.44782
G1 X133.979 Y107.158 E.03258
G1 X127.158 Y113.979 E.4939
G1 X126.521 Y113.979 E.03258
G1 X133.979 Y106.521 E.53998
G1 X133.979 Y105.885 E.03258
G1 X125.885 Y113.979 E.58606
G1 X125.249 Y113.979 E.03258
G1 X133.979 Y105.249 E.63214
G1 X133.979 Y104.612 E.03258
G1 X124.612 Y113.979 E.67822
G1 X123.976 Y113.979 E.03258
G1 X133.979 Y103.976 E.7243
G1 X133.979 Y103.34 E.03258
G1 X123.339 Y113.979 E.77038
G1 X122.703 Y113.979 E.03258
G1 X133.979 Y102.703 E.81646
G1 X133.979 Y102.067 E.03258
G1 X122.067 Y113.979 E.86254
G1 X121.43 Y113.979 E.03258
G1 X133.979 Y101.43 E.90862
G1 X133.979 Y100.794 E.03258
G1 X120.794 Y113.979 E.9547
G1 X120.158 Y113.979 E.03258
G1 X133.979 Y100.158 E1.00078
G1 X133.979 Y99.521 E.03258
G1 X119.521 Y113.979 E1.04686
G1 X118.885 Y113.979 E.03258
G1 X133.979 Y98.885 E1.09294
G1 X133.979 Y98.248 E.03258
G1 X118.248 Y113.979 E1.13902
G1 X117.612 Y113.979 E.03258
G1 X133.979 Y97.612 E1.1851
G1 X133.979 Y96.976 E.03258
G1 X116.976 Y113.979 E1.23118
G1 X116.339 Y113.979 E.03258
G1 X133.979 Y96.339 E1.27726
G1 X133.979 Y96.021 E.01629
M73 P94 R1
G1 X133.661 Y96.021 E.0163
G1 X116.021 Y113.661 E1.27725
G1 X116.021 Y113.024 E.03258
G1 X133.024 Y96.021 E1.23117
G1 X132.388 Y96.021 E.03258
G1 X116.021 Y112.388 E1.18509
G1 X116.021 Y111.752 E.03258
G1 X131.752 Y96.021 E1.13901
G1 X131.115 Y96.021 E.03258
G1 X116.021 Y111.115 E1.09293
G1 X116.021 Y110.479 E.03258
G1 X130.479 Y96.021 E1.04685
G1 X129.842 Y96.021 E.03258
G1 X116.021 Y109.842 E1.00077
G1 X116.021 Y109.206 E.03258
G1 X129.206 Y96.021 E.95469
G1 X128.57 Y96.021 E.03258
G1 X116.021 Y108.57 E.90861
G1 X116.021 Y107.933 E.03258
G1 X127.933 Y96.021 E.86253
G1 X127.297 Y96.021 E.03258
G1 X116.021 Y107.297 E.81645
G1 X116.021 Y106.66 E.03258
G1 X126.66 Y96.021 E.77037
G1 X126.024 Y96.021 E.03258
G1 X116.021 Y106.024 E.72429
G1 X116.021 Y105.388 E.03258
G1 X125.388 Y96.021 E.67821
G1 X124.751 Y96.021 E.03258
G1 X116.021 Y104.751 E.63213
G1 X116.021 Y104.115 E.03258
G1 X124.115 Y96.021 E.58605
G1 X123.478 Y96.021 E.03258
G1 X116.021 Y103.478 E.53997
G1 X116.021 Y102.842 E.03258
G1 X122.842 Y96.021 E.49389
G1 X122.206 Y96.021 E.03258
G1 X116.021 Y102.206 E.44781
G1 X116.021 Y101.569 E.03258
G1 X121.569 Y96.021 E.40173
G1 X120.933 Y96.021 E.03258
G1 X116.021 Y100.933 E.35565
G1 X116.021 Y100.296 E.03258
G1 X120.296 Y96.021 E.30957
G1 X119.66 Y96.021 E.03258
G1 X116.021 Y99.66 E.26349
G1 X116.021 Y99.024 E.03258
G1 X119.024 Y96.021 E.21741
G1 X118.387 Y96.021 E.03258
G1 X116.021 Y98.387 E.17133
G1 X116.021 Y97.751 E.03258
G1 X117.751 Y96.021 E.12525
G1 X117.114 Y96.021 E.03258
G1 X116.021 Y97.114 E.07917
G1 X116.021 Y96.478 E.03258
G1 X116.681 Y95.819 E.04775
; stop printing object cube.stl id:0 copy 0
M106 S242
;LAYER_CHANGE
;Z:19.6
;HEIGHT:0.200001
;BEFORE_LAYER_CHANGE
G92 E0.0
;19.6
M201 X4000 Y4000
M74 W0
;AFTER_LAYER_CHANGE
;19.6
;_SET_FAN_SPEED_CHANGING_LAYER
; printing object cube.stl id:0 copy 0
G1 E-.8 F1800
G1 X121.947 Y101.342 Z20 F7200
G1 X134.346 Y114.346 Z20
G1 Z19.6
G1 E.8 F1800
M204 P4000
;TYPE:Inner wall
;WIDTH:0.449999
G1 F3600
M106 S242
G1 X115.654 Y114.346 E.62008
G1 X115.654 Y95.654 E.62008
M73 P95 R1
G1 X134.346 Y95.654 E.62008
G1 X134.346 Y114.306 E.61875
M204 T500
G1 X134.775 Y114.775 F7200
M204 P500
;TYPE:Outer wall
G1 F3600
G1 X115.225 Y114.775 E.64851
G1 X115.225 Y95.225 E.64851
G1 X134.775 Y95.225 E.64851
G1 X134.775 Y114.735 E.64718
M204 T4000
G1 E-.8 F1800
G1 X132.938 Y113.87 Z20 F7200
G1 Z19.6
G1 E.8 F1800
;TYPE:Internal solid infill
;WIDTH:0.588921
G1 F6000
G1 X133.87 Y113.87 E.04147
G1 X133.87 Y112.938 E.04147
G1 X132.966 Y113.842 E.05687
G1 X132.238 Y114.184 F7200
;WIDTH:0.449999
G1 F6000
G1 X134 Y112.421 E.08268
G1 X134 Y111.845 E.0191
G1 X131.845 Y114 E.10109
G1 X131.27 Y114 E.0191
G1 X134 Y111.27 E.1281
G1 X134 Y110.694 E.0191
G1 X130.694 Y114 E.15511
G1 X130.118 Y114 E.0191
G1 X134 Y110.118 E.18211
G1 X134 Y109.543 E.0191
G1 X129.543 Y114 E.20912
G1 X128.967 Y114 E.0191
G1 X134 Y108.967 E.23613
G1 X134 Y108.391 E.0191
G1 X128.391 Y114 E.26314
G1 X127.816 Y114 E.0191
G1 X134 Y107.816 E.29014
G1 X134 Y107.24 E.0191
G1 X127.24 Y114 E.31715
G1 X126.664 Y114 E.0191
G1 X134 Y106.664 E.34416
G1 X134 Y106.089 E.0191
G1 X126.089 Y114 E.37116
G1 X125.513 Y114 E.0191
G1 X134 Y105.513 E.39817
G1 X134 Y104.937 E.0191
G1 X124.937 Y114 E.42518
G1 X124.361 Y114 E.0191
G1 X134 Y104.361 E.45219
G1 X134 Y103.786 E.0191
G1 X123.786 Y114 E.47919
G1 X123.21 Y114 E.0191
G1 X134 Y103.21 E.5062
G1 X134 Y102.634 E.0191
G1 X122.634 Y114 E.53321
G1 X122.059 Y114 E.0191
G1 X134 Y102.059 E.56021
G1 X134 Y101.483 E.0191
G1 X121.483 Y114 E.58722
G1 X120.907 Y114 E.0191
G1 X134 Y100.907 E.61423
G1 X134 Y100.332 E.0191
G1 X120.332 Y114 E.64123
G1 X119.756 Y114 E.0191
G1 X134 Y99.756 E.66824
G1 X134 Y99.18 E.0191
G1 X119.18 Y114 E.69525
G1 X118.604 Y114 E.0191
G1 X134 Y98.604 E.72226
G1 X134 Y98.029 E.0191
G1 X118.029 Y114 E.74926
G1 X117.453 Y114 E.0191
G1 X134 Y97.453 E.77627
G1 X134 Y96.877 E.0191
G1 X116.877 Y114 E.80328
G1 X116.302 Y114 E.0191
G1 X134 Y96.302 E.83028
G1 X134 Y96 E.01002
G1 X133.727 Y96 E.00907
G1 X116 Y113.727 E.83162
G1 X116 Y113.151 E.0191
G1 X133.151 Y96 E.80462
G1 X132.575 Y96 E.0191
G1 X116 Y112.575 E.77761
G1 X116 Y112 E.0191
G1 X132 Y96 E.7506
G1 X131.424 Y96 E.0191
G1 X116 Y111.424 E.7236
G1 X116 Y110.848 E.0191
G1 X130.848 Y96 E.69659
G1 X130.273 Y96 E.0191
G1 X116 Y110.273 E.66958
G1 X116 Y109.697 E.0191
M73 P96 R1
G1 X129.697 Y96 E.64257
G1 X129.121 Y96 E.0191
G1 X116 Y109.121 E.61557
G1 X116 Y108.546 E.0191
G1 X128.546 Y96 E.58856
G1 X127.97 Y96 E.0191
G1 X116 Y107.97 E.56155
G1 X116 Y107.394 E.0191
G1 X127.394 Y96 E.53455
G1 X126.819 Y96 E.0191
G1 X116 Y106.819 E.50754
G1 X116 Y106.243 E.0191
G1 X126.243 Y96 E.48053
G1 X125.667 Y96 E.0191
G1 X116 Y105.667 E.45352
G1 X116 Y105.091 E.0191
G1 X125.091 Y96 E.42652
G1 X124.516 Y96 E.0191
G1 X116 Y104.516 E.39951
G1 X116 Y103.94 E.0191
G1 X123.94 Y96 E.3725
G1 X123.364 Y96 E.0191
G1 X116 Y103.364 E.3455
G1 X116 Y102.789 E.0191
G1 X122.789 Y96 E.31849
G1 X122.213 Y96 E.0191
G1 X116 Y102.213 E.29148
G1 X116 Y101.637 E.0191
G1 X121.637 Y96 E.26447
G1 X121.062 Y96 E.0191
G1 X116 Y101.062 E.23747
G1 X116 Y100.486 E.0191
G1 X120.486 Y96 E.21046
G1 X119.91 Y96 E.0191
M73 P96 R0
G1 X116 Y99.91 E.18345
G1 X116 Y99.334 E.0191
G1 X119.334 Y96 E.15645
G1 X118.759 Y96 E.0191
G1 X116 Y98.759 E.12944
G1 X116 Y98.183 E.0191
G1 X118.183 Y96 E.10243
G1 X117.607 Y96 E.0191
G1 X116 Y97.607 E.07543
G1 X116 Y97.032 E.0191
G1 X117.215 Y95.816 E.05701
G1 X116.101 Y96.027 F7200
;WIDTH:0.477236
G1 F6000
G1 X116.047 Y96.027 E.00192
G1 X116.02 Y96.074 E.00192
G1 X116.047 Y96.121 E.00192
G1 X116.101 Y96.121 E.00192
G1 X116.109 Y96.109 E.00051
; stop printing object cube.stl id:0 copy 0
M106 S240
;LAYER_CHANGE
;Z:19.8
;HEIGHT:0.199999
;BEFORE_LAYER_CHANGE
G92 E0.0
;19.8
M201 X4000 Y4000
M74 W0
;AFTER_LAYER_CHANGE
;19.8
;_SET_FAN_SPEED_CHANGING_LAYER
; printing object cube.stl id:0 copy 0
G1 E-.8 F1800
G1 X121.506 Y101.506 Z20.2 F7200
G1 X134.346 Y114.346 Z20.2
G1 Z19.8
G1 E.8 F1800
M204 P4000
;TYPE:Inner wall
;WIDTH:0.449999
G1 F3600
G1 X115.654 Y114.346 E.62008
G1 X115.654 Y95.654 E.62008
G1 X134.346 Y95.654 E.62008
G1 X134.346 Y114.306 E.61875
M204 T500
G1 X134.775 Y114.775 F7200
M204 P500
;TYPE:Outer wall
G1 F3600
G1 X115.225 Y114.775 E.64851
G1 X115.225 Y95.225 E.64851
G1 X134.775 Y95.225 E.64851
G1 X134.775 Y114.735 E.64718
M204 T4000
G1 E-.8 F1800
G1 X134.509 Y107.107 Z20.2 F7200
G1 X134.184 Y97.762 Z20.2
G1 Z19.8
G1 E.8 F1800
;TYPE:Internal solid infill
G1 F6000
G1 X132.421 Y96 E.08268
G1 X131.845 Y96 E.0191
G1 X134 Y98.155 E.10109
G1 X134 Y98.73 E.0191
G1 X131.27 Y96 E.1281
G1 X130.694 Y96 E.0191
G1 X134 Y99.306 E.15511
G1 X134 Y99.882 E.0191
G1 X130.118 Y96 E.18211
G1 X129.543 Y96 E.0191
G1 X134 Y100.457 E.20912
G1 X134 Y101.033 E.0191
G1 X128.967 Y96 E.23613
G1 X128.391 Y96 E.0191
G1 X134 Y101.609 E.26314
G1 X134 Y102.184 E.0191
G1 X127.816 Y96 E.29014
G1 X127.24 Y96 E.0191
G1 X134 Y102.76 E.31715
G1 X134 Y103.336 E.0191
G1 X126.664 Y96 E.34416
G1 X126.089 Y96 E.0191
G1 X134 Y103.911 E.37116
G1 X134 Y104.487 E.0191
G1 X125.513 Y96 E.39817
G1 X124.937 Y96 E.0191
G1 X134 Y105.063 E.42518
G1 X134 Y105.639 E.0191
G1 X124.361 Y96 E.45219
G1 X123.786 Y96 E.0191
G1 X134 Y106.214 E.47919
G1 X134 Y106.79 E.0191
G1 X123.21 Y96 E.5062
G1 X122.634 Y96 E.0191
G1 X134 Y107.366 E.53321
M73 P97 R0
G1 X134 Y107.941 E.0191
G1 X122.059 Y96 E.56021
G1 X121.483 Y96 E.0191
G1 X134 Y108.517 E.58722
G1 X134 Y109.093 E.0191
G1 X120.907 Y96 E.61423
G1 X120.332 Y96 E.0191
G1 X134 Y109.668 E.64123
G1 X134 Y110.244 E.0191
G1 X119.756 Y96 E.66824
G1 X119.18 Y96 E.0191
G1 X134 Y110.82 E.69525
G1 X134 Y111.396 E.0191
G1 X118.604 Y96 E.72226
G1 X118.029 Y96 E.0191
G1 X134 Y111.971 E.74926
G1 X134 Y112.547 E.0191
G1 X117.453 Y96 E.77627
G1 X116.877 Y96 E.0191
G1 X134 Y113.123 E.80328
G1 X134 Y113.698 E.0191
G1 X116.302 Y96 E.83028
G1 X116 Y96 E.01002
G1 X116 Y96.273 E.00908
G1 X133.727 Y114 E.83162
G1 X133.151 Y114 E.0191
G1 X116 Y96.849 E.80462
G1 X116 Y97.425 E.0191
G1 X132.575 Y114 E.77761
G1 X132 Y114 E.0191
G1 X116 Y98 E.7506
G1 X116 Y98.576 E.0191
G1 X131.424 Y114 E.72359
G1 X130.848 Y114 E.0191
G1 X116 Y99.152 E.69659
G1 X116 Y99.727 E.0191
G1 X130.273 Y114 E.66958
G1 X129.697 Y114 E.0191
G1 X116 Y100.303 E.64257
G1 X116 Y100.879 E.0191
G1 X129.121 Y114 E.61557
G1 X128.546 Y114 E.0191
G1 X116 Y101.454 E.58856
G1 X116 Y102.03 E.0191
G1 X127.97 Y114 E.56155
G1 X127.394 Y114 E.0191
G1 X116 Y102.606 E.53455
G1 X116 Y103.181 E.0191
G1 X126.819 Y114 E.50754
G1 X126.243 Y114 E.0191
G1 X116 Y103.757 E.48053
G1 X116 Y104.333 E.0191
G1 X125.667 Y114 E.45352
G1 X125.091 Y114 E.0191
G1 X116 Y104.909 E.42652
G1 X116 Y105.484 E.0191
G1 X124.516 Y114 E.39951
G1 X123.94 Y114 E.0191
G1 X116 Y106.06 E.3725
G1 X116 Y106.636 E.0191
G1 X123.364 Y114 E.3455
G1 X122.789 Y114 E.0191
G1 X116 Y107.211 E.31849
G1 X116 Y107.787 E.0191
G1 X122.213 Y114 E.29148
G1 X121.637 Y114 E.0191
G1 X116 Y108.363 E.26447
G1 X116 Y108.938 E.0191
G1 X121.062 Y114 E.23747
G1 X120.486 Y114 E.0191
G1 X116 Y109.514 E.21046
G1 X116 Y110.09 E.0191
G1 X119.91 Y114 E.18345
G1 X119.334 Y114 E.0191
G1 X116 Y110.666 E.15645
G1 X116 Y111.241 E.0191
G1 X118.759 Y114 E.12944
G1 X118.183 Y114 E.0191
G1 X116 Y111.817 E.10243
G1 X116 Y112.393 E.0191
G1 X117.607 Y114 E.07543
G1 X117.032 Y114 E.0191
G1 X115.816 Y112.785 E.05701
G1 X116.101 Y113.879 F7200
;WIDTH:0.477236
G1 F6000
G1 X116.047 Y113.879 E.00192
G1 X116.02 Y113.926 E.00192
G1 X116.047 Y113.973 E.00192
G1 X116.101 Y113.973 E.00192
G1 X116.109 Y113.96 E.00051
G1 E-.8 F1800
G1 X121.638 Y108.699 Z20.2 F7200
G1 X133.87 Y97.062 Z20.2
G1 Z19.8
G1 E.8 F1800
;WIDTH:0.588921
G1 F6000
G1 X133.87 Y96.13 E.04147
G1 X132.938 Y96.13 E.04147
G1 X133.842 Y97.034 E.05687
; stop printing object cube.stl id:0 copy 0
M106 S235
;LAYER_CHANGE
;Z:20
;HEIGHT:0.200001
;BEFORE_LAYER_CHANGE
G92 E0.0
;20
M201 X4000 Y4000
M74 W0
;AFTER_LAYER_CHANGE
;20
;_SET_FAN_SPEED_CHANGING_LAYER
; printing object cube.stl id:0 copy 0
G1 E-.8 F1800
M73 P98 R0
G1 X134.064 Y104.663 Z20.4 F7200
G1 X134.346 Y114.346 Z20.4
G1 Z20
G1 E.8 F1800
M204 P4000
;TYPE:Inner wall
;WIDTH:0.449999
G1 F3600
G1 X115.654 Y114.346 E.62008
G1 X115.654 Y95.654 E.62008
G1 X134.346 Y95.654 E.62008
G1 X134.346 Y114.306 E.61875
M204 T500
G1 X134.775 Y114.775 F7200
M204 P500
;TYPE:Outer wall
G1 F3600
G1 X115.225 Y114.775 E.64851
G1 X115.225 Y95.225 E.64851
G1 X134.775 Y95.225 E.64851
G1 X134.775 Y114.735 E.64718
M204 T4000
G1 X134.227 Y113.503 F7200
;TYPE:Top surface
;WIDTH:0.40111
G1 F6000
G1 X133.503 Y114.227 E.02989
G1 X132.996 Y114.227 F7200
G1 F6000
G1 X134.227 Y112.996 E.0508
G1 X134.227 Y112.49 F7200
G1 F6000
G1 X132.49 Y114.227 E.07171
G1 X131.983 Y114.227 F7200
G1 F6000
G1 X134.227 Y111.983 E.09262
G1 X134.227 Y111.476 F7200
G1 F6000
G1 X131.476 Y114.227 E.11353
G1 X130.97 Y114.227 F7200
G1 F6000
G1 X134.227 Y110.97 E.13444
G1 X134.227 Y110.463 F7200
G1 F6000
G1 X130.463 Y114.227 E.15535
G1 X129.957 Y114.227 F7200
G1 F6000
G1 X134.227 Y109.957 E.17626
G1 X134.227 Y109.45 F7200
G1 F6000
G1 X129.45 Y114.227 E.19717
G1 X128.944 Y114.227 F7200
G1 F6000
G1 X134.227 Y108.944 E.21808
G1 X134.227 Y108.437 F7200
G1 F6000
G1 X128.437 Y114.227 E.23899
G1 X127.931 Y114.227 F7200
G1 F6000
G1 X134.227 Y107.931 E.2599
G1 X134.227 Y107.424 F7200
G1 F6000
G1 X127.424 Y114.227 E.28081
G1 X126.917 Y114.227 F7200
G1 F6000
G1 X134.227 Y106.917 E.30172
G1 X134.227 Y106.411 F7200
G1 F6000
G1 X126.411 Y114.227 E.32263
G1 X125.904 Y114.227 F7200
G1 F6000
G1 X134.227 Y105.904 E.34354
G1 X134.227 Y105.398 F7200
G1 F6000
G1 X125.398 Y114.227 E.36445
G1 X124.891 Y114.227 F7200
G1 F6000
G1 X134.227 Y104.891 E.38536
G1 X134.227 Y104.385 F7200
G1 F6000
G1 X124.385 Y114.227 E.40627
G1 X123.878 Y114.227 F7200
G1 F6000
G1 X134.227 Y103.878 E.42718
G1 X134.227 Y103.371 F7200
G1 F6000
G1 X123.371 Y114.227 E.44809
G1 X122.865 Y114.227 F7200
G1 F6000
G1 X134.227 Y102.865 E.469
G1 X134.227 Y102.358 F7200
G1 F6000
G1 X122.358 Y114.227 E.48991
G1 X121.852 Y114.227 F7200
G1 F6000
G1 X134.227 Y101.852 E.51082
G1 X134.227 Y101.345 F7200
G1 F6000
G1 X121.345 Y114.227 E.53173
G1 X120.839 Y114.227 F7200
G1 F6000
G1 X134.227 Y100.839 E.55264
G1 X134.227 Y100.332 F7200
G1 F6000
G1 X120.332 Y114.227 E.57354
G1 X119.826 Y114.227 F7200
G1 F6000
G1 X134.227 Y99.826 E.59445
G1 X134.227 Y99.319 F7200
G1 F6000
G1 X119.319 Y114.227 E.61536
G1 X118.812 Y114.227 F7200
G1 F6000
G1 X134.227 Y98.812 E.63627
G1 X134.227 Y98.306 F7200
G1 F6000
G1 X118.306 Y114.227 E.65718
G1 X117.799 Y114.227 F7200
G1 F6000
G1 X134.227 Y97.799 E.67809
G1 X134.227 Y97.293 F7200
G1 F6000
G1 X117.293 Y114.227 E.699
G1 X116.786 Y114.227 F7200
G1 F6000
G1 X134.227 Y96.786 E.71991
G1 X134.227 Y96.28 F7200
G1 F6000
G1 X116.28 Y114.227 E.74082
G1 X115.773 Y114.227 F7200
G1 F6000
G1 X134.227 Y95.773 E.76173
G1 X133.72 Y95.773 F7200
G1 F6000
G1 X115.773 Y113.72 E.74082
G1 X115.773 Y113.214 F7200
G1 F6000
G1 X133.214 Y95.773 E.71991
G1 X132.707 Y95.773 F7200
G1 F6000
G1 X115.773 Y112.707 E.699
G1 X115.773 Y112.201 F7200
G1 F6000
G1 X132.201 Y95.773 E.67809
G1 X131.694 Y95.773 F7200
M73 P99 R0
G1 F6000
G1 X115.773 Y111.694 E.65718
G1 X115.773 Y111.187 F7200
G1 F6000
G1 X131.187 Y95.773 E.63627
G1 X130.681 Y95.773 F7200
G1 F6000
G1 X115.773 Y110.681 E.61536
G1 X115.773 Y110.174 F7200
G1 F6000
G1 X130.174 Y95.773 E.59445
G1 X129.668 Y95.773 F7200
G1 F6000
G1 X115.773 Y109.668 E.57354
G1 X115.773 Y109.161 F7200
G1 F6000
G1 X129.161 Y95.773 E.55263
G1 X128.655 Y95.773 F7200
G1 F6000
G1 X115.773 Y108.655 E.53172
G1 X115.773 Y108.148 F7200
G1 F6000
G1 X128.148 Y95.773 E.51081
G1 X127.642 Y95.773 F7200
G1 F6000
G1 X115.773 Y107.642 E.4899
G1 X115.773 Y107.135 F7200
G1 F6000
G1 X127.135 Y95.773 E.46899
G1 X126.628 Y95.773 F7200
G1 F6000
G1 X115.773 Y106.628 E.44808
G1 X115.773 Y106.122 F7200
G1 F6000
G1 X126.122 Y95.773 E.42718
G1 X125.615 Y95.773 F7200
G1 F6000
G1 X115.773 Y105.615 E.40627
G1 X115.773 Y105.109 F7200
G1 F6000
G1 X125.109 Y95.773 E.38536
G1 X124.602 Y95.773 F7200
G1 F6000
G1 X115.773 Y104.602 E.36445
G1 X115.773 Y104.096 F7200
G1 F6000
G1 X124.096 Y95.773 E.34354
G1 X123.589 Y95.773 F7200
G1 F6000
G1 X115.773 Y103.589 E.32263
G1 X115.773 Y103.083 F7200
G1 F6000
G1 X123.083 Y95.773 E.30172
G1 X122.576 Y95.773 F7200
G1 F6000
G1 X115.773 Y102.576 E.28081
G1 X115.773 Y102.069 F7200
G1 F6000
G1 X122.069 Y95.773 E.2599
G1 X121.563 Y95.773 F7200
G1 F6000
G1 X115.773 Y101.563 E.23899
G1 X115.773 Y101.056 F7200
G1 F6000
G1 X121.056 Y95.773 E.21808
G1 X120.55 Y95.773 F7200
G1 F6000
G1 X115.773 Y100.55 E.19717
G1 X115.773 Y100.043 F7200
G1 F6000
G1 X120.043 Y95.773 E.17626
G1 X119.537 Y95.773 F7200
G1 F6000
G1 X115.773 Y99.537 E.15535
G1 X115.773 Y99.03 F7200
G1 F6000
G1 X119.03 Y95.773 E.13444
G1 X118.524 Y95.773 F7200
G1 F6000
G1 X115.773 Y98.524 E.11353
G1 X115.773 Y98.017 F7200
G1 F6000
G1 X118.017 Y95.773 E.09262
G1 X117.51 Y95.773 F7200
G1 F6000
G1 X115.773 Y97.51 E.07171
G1 X115.773 Y97.004 F7200
G1 F6000
G1 X117.004 Y95.773 E.0508
G1 X116.497 Y95.773 F7200
G1 F6000
G1 X115.773 Y96.497 E.02989
; stop printing object cube.stl id:0 copy 0
G1 E-.8 F1800
M106 S0
;TYPE:Custom
G1 Z21 F720 ; Move print head up
M104 S0 ; turn off temperature
M140 S0 ; turn off heatbed
M107 ; turn off fan
G1 X241 Y170 F3600 ; park
G1 Z43 F300 ; Move print head up
G4 ; wait
M572 S0 ; reset PA
M593 X T2 F0 ; disable IS
M593 Y T2 F0 ; disable IS
M84 X Y E ; disable motors
; max_layer_z = 20
M73 P100 R0
; EXECUTABLE_BLOCK_END

; filament used [mm] = 1314.18
; filament used [cm3] = 3.16
; total filament used [g] = 0.00
; total filament cost = 0.00
; total layers count = 100
; estimated printing time (normal mode) = 27m 24s
; estimated first layer printing time (normal mode) = 4m 32s

; CONFIG_BLOCK_START
; accel_to_decel_enable = 1
; accel_to_decel_factor = 50%
; activate_air_filtration = 0
; activate_air_filtration_during_print = 1
; activate_air_filtration_on_completion = 1
; activate_chamber_temp_control = 0
; adaptive_bed_mesh_margin = 0
; adaptive_pressure_advance = 0
; adaptive_pressure_advance_bridges = 0
; adaptive_pressure_advance_model = "0,0,0\n0,0,0"
; adaptive_pressure_advance_overhangs = 0
; additional_cooling_fan_speed = 0
; additional_fan_full_speed_layer = 0
; align_infill_direction_to_model = 0
; alternate_extra_wall = 0
; auxiliary_fan = 0
; bbl_calib_mark_logo = 1
; bed_custom_model = 
; bed_custom_texture = 
; bed_exclude_area = 0x0
; bed_mesh_max = 99999,99999
; bed_mesh_min = -99999,-99999
; bed_mesh_probe_distance = 50,50
; bed_temperature_formula = by_highest_temp
; before_layer_change_gcode = ;BEFORE_LAYER_CHANGE\nG92 E0.0\n;[layer_z]\nM201 X{interpolate_table(extruded_weight_total, (0,4000), (1400,2500), (10000,2500))} Y{interpolate_table(extruded_weight_total, (0,4000), (1400,2500), (10000,2500))}\n{if !spiral_mode}M74 W[extruded_weight_total]{endif}
; best_object_pos = 0.5,0.5
; bottom_shell_layers = 3
; bottom_shell_thickness = 0
; bottom_solid_infill_flow_ratio = 1
; bottom_surface_density = 100%
; bottom_surface_filament_id = 0
; bottom_surface_pattern = monotonic
; bridge_acceleration = 50%
; bridge_angle = 0
; bridge_density = 100%
; bridge_flow = 1
; bridge_line_width = 100%
; bridge_no_support = 0
; bridge_speed = 25
; brim_ears_detection_length = 1
; brim_ears_max_angle = 125
; brim_flow_ratio = 1
; brim_object_gap = 0
; brim_type = auto_brim
; brim_use_efc_outline = 0
; brim_width = 0
; calib_flowrate_topinfill_special_order = 0
; chamber_temperature = 0
; change_extrusion_role_gcode = 
; change_filament_gcode = M600\nG1 E0.4 F1500 ; prime after color change
; close_additional_fan_first_x_layers = 1
; close_fan_the_first_x_layers = 1
; combine_brims = 0
; complete_print_exhaust_fan_speed = 80
; cool_plate_temp = 35
; cool_plate_temp_initial_layer = 35
; cooling_tube_length = 5
; cooling_tube_retraction = 91.5
; counterbore_hole_bridging = none
; curr_bed_type = Cool Plate
; default_acceleration = 500
; default_filament_colour = ""
; default_filament_profile = "Prusa Generic PLA @MK4"
; default_jerk = 0
; default_junction_deviation = 0
; default_print_profile = 0.20mm Standard @MK4
; deretraction_speed = 0
; detect_narrow_internal_solid_infill = 1
; detect_overhang_wall = 1
; detect_thin_wall = 0
; different_settings_to_system = ;;
; disable_m73 = 0
; dont_filter_internal_bridges = disabled
; dont_slow_down_outer_wall = 0
; draft_shield = disabled
; during_print_exhaust_fan_speed = 60
; elefant_foot_compensation = 0
; elefant_foot_compensation_layers = 1
; elefant_foot_layers_density = 100%
; emit_machine_limits_to_gcode = 1
; enable_arc_fitting = 0
; enable_extra_bridge_layer = disabled
; enable_filament_ramming = 1
; enable_long_retraction_when_cut = 0
; enable_overhang_bridge_fan = 1
; enable_overhang_speed = 1
; enable_power_loss_recovery = printer_configuration
; enable_pressure_advance = 0
; enable_prime_tower = 0
; enable_support = 0
; enable_tower_interface_cooldown_during_tower = 0
; enable_tower_interface_features = 0
; enable_wrapping_detection = 0
; enforce_support_layers = 0
; eng_plate_temp = 45
; eng_plate_temp_initial_layer = 45
; ensure_vertical_shell_thickness = ensure_all
; exclude_object = 0
; extra_loading_move = -2
; extra_perimeters_on_overhangs = 0
; extra_solid_infills = 
; extruder_ams_count = 
; extruder_clearance_height_to_lid = 120
; extruder_clearance_height_to_rod = 40
; extruder_clearance_radius = 40
; extruder_colour = #F2754E
; extruder_offset = 0x0
; extruder_printable_area = 
; extruder_printable_height = 0
; extruder_type = Direct Drive
; extrusion_rate_smoothing_external_perimeter_only = 0
; fan_cooling_layer_time = 60
; fan_kickstart = 0
; fan_max_speed = 100
; fan_min_speed = 20
; fan_speedup_overhangs = 1
; fan_speedup_time = 0
; filament_adaptive_volumetric_speed = 0
; filament_adhesiveness_category = 0
; filament_change_extrusion_role_gcode = ""
; filament_change_length = 10
; filament_colour = #F2754E
; filament_cooling_before_tower = 10
; filament_cooling_final_speed = 3.4
; filament_cooling_initial_speed = 2.2
; filament_cooling_moves = 4
; filament_cost = 0
; filament_density = 0
; filament_diameter = 1.75
; filament_end_gcode = " "
; filament_extruder_variant = "Direct Drive Standard"
; filament_flow_ratio = 0.98
; filament_flush_temp = 0
; filament_flush_volumetric_speed = 0
; filament_ids = ""
; filament_is_support = 0
; filament_loading_speed = 28
; filament_loading_speed_start = 3
; filament_map = 1
; filament_map_mode = Auto For Flush
; filament_max_volumetric_speed = 12
; filament_minimal_purge_on_wipe_tower = 15
; filament_multitool_ramming = 0
; filament_multitool_ramming_flow = 10
; filament_multitool_ramming_volume = 10
; filament_notes = ""
; filament_printable = 3
; filament_ramming_parameters = "250 100 40 40 40 40 40 | 0.05 40 0.45 40 0.95 40 1.45 40 1.95 40 2.45 40 2.95 40 3.45 40 3.95 40 4.45 40 4.95 40"
; filament_self_index = 1
; filament_settings_id = "Prusa Generic PLA @MK4"
; filament_shrink = 100%
; filament_shrinkage_compensation_z = 100%
; filament_soluble = 0
; filament_stamping_distance = 0
; filament_stamping_loading_speed = 0
; filament_start_gcode = "; filament start gcode\nM900 K{if nozzle_diameter[0]==0.4}0.026{elsif nozzle_diameter[0]==0.25}0.14{elsif nozzle_diameter[0]==0.3}0.07{elsif nozzle_diameter[0]==0.35}0.06{elsif nozzle_diameter[0]==0.6}0.03{elsif nozzle_diameter[0]==0.5}0.035{elsif nozzle_diameter[0]==0.8}0.015{else}0{endif} ; Filament gcode\n\n{if printer_notes=~/.*PRINTER_MODEL_MK4IS.*/}\nM572 S{if nozzle_diameter[0]==0.4}0.026{elsif nozzle_diameter[0]==0.5}0.025{elsif nozzle_diameter[0]==0.6}0.02{elsif nozzle_diameter[0]==0.8}0.014{elsif nozzle_diameter[0]==0.25}0.12{elsif nozzle_diameter[0]==0.3}0.08{else}0{endif} ; Filament gcode\n{endif}\n\nM142 S36 ; set heatbreak target temp"
; filament_toolchange_delay = 0
; filament_tower_interface_pre_extrusion_dist = 10
; filament_tower_interface_pre_extrusion_length = 0
; filament_tower_interface_print_temp = -1
; filament_tower_interface_purge_volume = 20
; filament_tower_ironing_area = 4
; filament_type = PLA
; filament_unloading_speed = 90
; filament_unloading_speed_start = 100
; filament_vendor = (Undefined)
; file_start_gcode = 
; filename_format = {input_filename_base}_{filament_type[initial_tool]}_{print_time}.gcode
; fill_multiline = 1
; filter_out_gap_fill = 0
; first_layer_flow_ratio = 1
; first_layer_print_sequence = 0
; first_x_layer_fan_speed = 0
; flush_into_infill = 0
; flush_into_objects = 0
; flush_into_support = 1
; flush_multiplier = 0.3
; flush_volumes_matrix = 0,280,280,280,280,0,280,280,280,280,0,280,280,280,280,0
; flush_volumes_vector = 140,140,140,140,140,140,140,140
; full_fan_speed_layer = 0
; fuzzy_skin = disabled_fuzzy
; fuzzy_skin_first_layer = 0
; fuzzy_skin_layers_between_ripple_offset = 1
; fuzzy_skin_mode = displacement
; fuzzy_skin_noise_type = classic
; fuzzy_skin_octaves = 4
; fuzzy_skin_persistence = 0.5
; fuzzy_skin_point_distance = 0.3
; fuzzy_skin_ripple_offset = 50%
; fuzzy_skin_ripples_per_layer = 15
; fuzzy_skin_scale = 1
; fuzzy_skin_thickness = 0.2
; gap_fill_flow_ratio = 1
; gap_fill_target = nowhere
; gap_infill_speed = 30
; gcode_add_line_number = 0
; gcode_comments = 0
; gcode_flavor = marlin2
; gcode_label_objects = 1
; grab_length = 0
; gyroid_optimized = 0
; has_scarf_joint_seam = 0
; head_wrap_detect_zone = 
; high_current_on_filament_swap = 0
; hole_to_polyhole = 0
; hole_to_polyhole_threshold = 0.01
; hole_to_polyhole_twisted = 1
; host_type = prusalink
; hot_plate_temp = 45
; hot_plate_temp_initial_layer = 45
; idle_temperature = 0
; independent_support_layer_height = 1
; infill_anchor = 400%
; infill_anchor_max = 20
; infill_combination = 0
; infill_combination_max_layer_height = 100%
; infill_direction = 45
; infill_jerk = 9
; infill_lock_depth = 1
; infill_overhang_angle = 60
; infill_shift_step = 0.4
; infill_wall_overlap = 15%
; inherits_group = ;;
; initial_layer_acceleration = 300
; initial_layer_infill_speed = 60
; initial_layer_jerk = 9
; initial_layer_line_width = 0
; initial_layer_min_bead_width = 85%
; initial_layer_print_height = 0.2
; initial_layer_speed = 30
; initial_layer_travel_acceleration = 100%
; initial_layer_travel_jerk = 100%
; initial_layer_travel_speed = 100%
; inner_wall_acceleration = 10000
; inner_wall_filament_id = 0
; inner_wall_flow_ratio = 1
; inner_wall_jerk = 9
; inner_wall_line_width = 0
; inner_wall_speed = 60
; input_shaping_damp_x = 0.1
; input_shaping_damp_y = 0.1
; input_shaping_emit = 0
; input_shaping_freq_x = 0
; input_shaping_freq_y = 0
; input_shaping_type = Default
; interface_shells = 0
; interlocking_beam = 0
; interlocking_beam_layer_count = 2
; interlocking_beam_width = 0.8
; interlocking_boundary_avoidance = 2
; interlocking_depth = 2
; interlocking_orientation = 22.5
; internal_bridge_angle = 0
; internal_bridge_density = 100%
; internal_bridge_fan_speed = -1
; internal_bridge_flow = 1
; internal_bridge_speed = 150%
; internal_solid_filament_id = 0
; internal_solid_infill_acceleration = 100%
; internal_solid_infill_flow_ratio = 1
; internal_solid_infill_line_width = 0
; internal_solid_infill_pattern = monotonic
; internal_solid_infill_speed = 100
; ironing_angle = 0
; ironing_angle_fixed = 0
; ironing_fan_speed = -1
; ironing_flow = 10%
; ironing_inset = 0
; ironing_pattern = rectilinear
; ironing_spacing = 0.1
; ironing_speed = 20
; ironing_type = no ironing
; is_infill_first = 0
; lateral_lattice_angle_1 = -45
; lateral_lattice_angle_2 = 45
; layer_change_gcode = ;AFTER_LAYER_CHANGE\n;[layer_z]
; layer_height = 0.2
; lightning_overhang_angle = 45
; lightning_prune_angle = 45
; lightning_straightening_angle = 45
; line_width = 0
; long_retractions_when_cut = 0
; long_retractions_when_ec = 0
; machine_end_gcode = {if layer_z < max_print_height}G1 Z{z_offset+min(layer_z+1, max_print_height)} F720 ; Move print head up{endif}\nM104 S0 ; turn off temperature\nM140 S0 ; turn off heatbed\nM107 ; turn off fan\nG1 X241 Y170 F3600 ; park\n{if layer_z < max_print_height}G1 Z{z_offset+min(layer_z+23, max_print_height)} F300 ; Move print head up{endif}\nG4 ; wait\nM572 S0 ; reset PA\nM593 X T2 F0 ; disable IS\nM593 Y T2 F0 ; disable IS\nM84 X Y E ; disable motors\n; max_layer_z = [max_layer_z]
; machine_load_filament_time = 17
; machine_max_acceleration_e = 2500,2500
; machine_max_acceleration_extruding = 4000,4000
; machine_max_acceleration_retracting = 1200,1200
; machine_max_acceleration_travel = 4000,4000
; machine_max_acceleration_x = 4000,4000
; machine_max_acceleration_y = 4000,4000
; machine_max_acceleration_z = 200,200
; machine_max_jerk_e = 2.5,2.5
; machine_max_jerk_x = 10,10
; machine_max_jerk_y = 10,10
; machine_max_jerk_z = 0.2,0.4
; machine_max_junction_deviation = 0.01
; machine_max_speed_e = 120,120
; machine_max_speed_x = 500,200
; machine_max_speed_y = 500,200
; machine_max_speed_z = 12,12
; machine_min_extruding_rate = 0,0
; machine_min_travel_rate = 0,0
; machine_pause_gcode = M601
; machine_start_gcode = M17 ; enable steppers\nM862.1 P[nozzle_diameter] ; nozzle diameter check\nM862.3 P \"MK4\" ; printer model check\nM862.5 P2 ; g-code level check\nM862.6 P\"Input shaper\" ; FW feature check\nM115 U5.0.0-RC+11963\n\nM555 X{(min(print_bed_max[0], first_layer_print_min[0] + 32) - 32)} Y{(max(0, first_layer_print_min[1]) - 4)} W{((min(print_bed_max[0], max(first_layer_print_min[0] + 32, first_layer_print_max[0])))) - ((min(print_bed_max[0], first_layer_print_min[0] + 32) - 32))} H{((first_layer_print_max[1])) - ((max(0, first_layer_print_min[1]) - 4))}\n\nG90 ; use absolute coordinates\nM83 ; extruder relative mode\n\nM140 S[first_layer_bed_temperature] ; set bed temp\n{if filament_type[initial_tool]==\"PC\" or filament_type[initial_tool]==\"PA\"}\nM104 S{first_layer_temperature[initial_tool]-25} ; set extruder temp for bed leveling\nM109 R{first_layer_temperature[initial_tool]-25} ; wait for temp\n{elsif filament_type[initial_tool]==\"FLEX\"}\nM104 S210 ; set extruder temp for bed leveling\nM109 R210 ; wait for temp\n{else}\nM104 S170 ; set extruder temp for bed leveling\nM109 R170 ; wait for temp\n{endif}\n\nM84 E ; turn off E motor\n\nG28 ; home all without mesh bed level\n\nG1 X{10 + 32} Y-4 Z5 F4800\n\nM302 S160 ; lower cold extrusion limit to 160C\n\n{if filament_type[initial_tool]==\"FLEX\"}\nG1 E-4 F2400 ; retraction\n{else}\nG1 E-2 F2400 ; retraction\n{endif}\n\nM84 E ; turn off E motor\n\nG29 P9 X10 Y-4 W32 H4\n\n{if first_layer_bed_temperature[initial_tool]<=60}M106 S100{endif}\n\nG0 Z40 F10000\n\nM190 S[first_layer_bed_temperature] ; wait for bed temp\n\nM107\n\n;\n; MBL\n;\nM84 E ; turn off E motor\nG29 P1 ; invalidate mbl & probe print area\nG29 P1 X0 Y0 W50 H20 C ; probe near purge place\nG29 P3.2 ; interpolate mbl probes\nG29 P3.13 ; extrapolate mbl outside probe area\nG29 A ; activate mbl\n\n; prepare for purge\nM104 S{first_layer_temperature[0]}\nG0 X0 Y-4 Z15 F4800 ; move away and ready for the purge\nM109 S{first_layer_temperature[0]}\n\nG92 E0\nM569 S0 E ; set spreadcycle mode for extruder\n\n;\n; Extrude purge line\n;\nG92 E0 ; reset extruder position\nG1 E{(filament_type[0] == \"FLEX\" ? 4 : 2)} F2400 ; deretraction after the initial one before nozzle cleaning\nG0 E7 X15 Z0.2 F500 ; purge\nG0 X25 E4 F500 ; purge\nG0 X35 E4 F650 ; purge\nG0 X45 E4 F800 ; purge\nG0 X{45 + 3} Z{0.05} F{8000} ; wipe, move close to the bed\nG0 X{45 + 3 * 2} Z0.2 F{8000} ; wipe, move quickly away from the bed\n\nG92 E0\nM221 S100 ; set flow to 100%
; machine_tool_change_time = 0
; machine_unload_filament_time = 16
; make_overhang_printable = 0
; make_overhang_printable_angle = 55
; make_overhang_printable_hole_size = 0
; manual_filament_change = 0
; master_extruder_id = 1
; max_bridge_length = 10
; max_layer_height = 0
; max_resonance_avoidance_speed = 120
; max_travel_detour_distance = 0
; max_volumetric_extrusion_rate_slope = 0
; max_volumetric_extrusion_rate_slope_segment_length = 3
; min_bead_width = 85%
; min_feature_size = 25%
; min_layer_height = 0.07
; min_length_factor = 0.5
; min_resonance_avoidance_speed = 70
; min_skirt_length = 0
; min_width_top_surface = 300%
; minimum_sparse_infill_area = 15
; mmu_segmented_region_interlocking_depth = 0
; mmu_segmented_region_max_width = 0
; notes = 
; nozzle_diameter = 0.4
; nozzle_flush_dataset = 0
; nozzle_height = 2.5
; nozzle_hrc = 0
; nozzle_temperature = 200
; nozzle_temperature_initial_layer = 200
; nozzle_temperature_range_high = 240
; nozzle_temperature_range_low = 190
; nozzle_type = hardened_steel
; nozzle_volume = 0
; nozzle_volume_type = Standard
; only_one_wall_first_layer = 0
; only_one_wall_top = 0
; ooze_prevention = 0
; other_layers_print_sequence = 0
; other_layers_print_sequence_nums = 0
; outer_wall_acceleration = 500
; outer_wall_filament_id = 0
; outer_wall_flow_ratio = 1
; outer_wall_jerk = 9
; outer_wall_line_width = 0
; outer_wall_speed = 60
; overhang_1_4_speed = 0
; overhang_2_4_speed = 0
; overhang_3_4_speed = 0
; overhang_4_4_speed = 0
; overhang_fan_speed = 100
; overhang_fan_threshold = 95%
; overhang_flow_ratio = 1
; overhang_reverse = 0
; overhang_reverse_internal_only = 0
; overhang_reverse_threshold = 50%
; parallel_printheads_bed_exclude_areas = 
; parallel_printheads_count = 1
; parking_pos_retraction = 92
; part_cooling_fan_min_pwm = 0
; physical_extruder_map = 0
; post_process = 
; precise_outer_wall = 1
; precise_z_height = 0
; preferred_orientation = 0
; preheat_steps = 1
; preheat_time = 30
; pressure_advance = 0.02
; prime_tower_brim_width = 3
; prime_tower_enable_framework = 0
; prime_tower_flat_ironing = 0
; prime_tower_infill_gap = 150%
; prime_tower_skip_points = 1
; prime_tower_width = 60
; prime_volume = 45
; print_compatible_printers = "Prusa MK4 0.4 nozzle";"Prusa MK4 0.6 nozzle";"Prusa MK4 0.8 nozzle"
; print_extruder_id = 1
; print_extruder_variant = "Direct Drive Standard"
; print_flow_ratio = 1
; print_order = default
; print_sequence = by layer
; print_settings_id = 0.20mm Standard @MK4
; printable_area = 0x0,250x0,250x210,0x210
; printable_height = 220
; printer_extruder_id = 1
; printer_extruder_variant = "Direct Drive Standard"
; printer_model = Prusa MK4
; printer_notes = Don't remove the following keywords! These keywords are used in the \"compatible printer\" condition of the print and filament profiles to link the particular print and filament profiles to this printer profile.\nPRINTER_MODEL_MK4IS\nPG
; printer_settings_id = Prusa MK4 0.4 nozzle
; printer_structure = undefine
; printer_technology = FFF
; printing_by_object_gcode = 
; process_change_extrusion_role_gcode = 
; purge_in_prime_tower = 1
; raft_contact_distance = 0.1
; raft_expansion = 1.5
; raft_first_layer_density = 90%
; raft_first_layer_expansion = 2
; raft_layers = 0
; reduce_crossing_wall = 0
; reduce_fan_stop_start_freq = 0
; reduce_infill_retraction = 0
; relative_bridge_angle = 0
; required_nozzle_HRC = 0
; resolution = 0.01
; resonance_avoidance = 0
; retract_before_wipe = 100%
; retract_length_toolchange = 10
; retract_lift_above = 0
; retract_lift_below = 0
; retract_lift_enforce = All Surfaces
; retract_restart_extra = 0
; retract_restart_extra_toolchange = 0
; retract_when_changing_layer = 0
; retraction_distances_when_cut = 18
; retraction_distances_when_ec = 10
; retraction_length = 0.8
; retraction_minimum_travel = 2
; retraction_speed = 30
; role_based_wipe_speed = 1
; scan_first_layer = 0
; scarf_angle_threshold = 155
; scarf_joint_flow_ratio = 1
; scarf_joint_speed = 100%
; scarf_overhang_threshold = 40%
; seam_gap = 10%
; seam_position = aligned
; seam_slope_conditional = 0
; seam_slope_entire_loop = 0
; seam_slope_inner_walls = 0
; seam_slope_min_length = 20
; seam_slope_start_height = 0
; seam_slope_steps = 10
; seam_slope_type = none
; set_other_flow_ratios = 0
; silent_mode = 0
; single_extruder_multi_material = 1
; single_extruder_multi_material_priming = 0
; single_loop_draft_shield = 0
; skeleton_infill_density = 25%
; skeleton_infill_line_width = 100%
; skin_infill_density = 25%
; skin_infill_depth = 2
; skin_infill_line_width = 100%
; skirt_distance = 2
; skirt_height = 1
; skirt_loops = 1
; skirt_speed = 50
; skirt_start_angle = -135
; skirt_type = combined
; slice_closing_radius = 0.049
; slicing_mode = regular
; slow_down_for_layer_cooling = 1
; slow_down_layer_time = 8
; slow_down_layers = 0
; slow_down_min_speed = 10
; slowdown_for_curled_perimeters = 0
; small_area_infill_flow_compensation = 0
; small_area_infill_flow_compensation_model = 0,0;"\n0.2,0.4444";"\n0.4,0.6145";"\n0.6,0.7059";"\n0.8,0.7619";"\n1.5,0.8571";"\n2,0.8889";"\n3,0.9231";"\n5,0.9520";"\n10,1"
; small_perimeter_speed = 50%
; small_perimeter_threshold = 0
; solid_infill_direction = 45
; solid_infill_rotate_template = 
; sparse_infill_acceleration = 100%
; sparse_infill_density = 20%
; sparse_infill_filament_id = 0
; sparse_infill_flow_ratio = 1
; sparse_infill_line_width = 0
; sparse_infill_pattern = crosshatch
; sparse_infill_rotate_template = 
; sparse_infill_speed = 100
; spiral_finishing_flow_ratio = 0
; spiral_mode = 0
; spiral_mode_max_xy_smoothing = 200%
; spiral_mode_smooth = 0
; spiral_starting_flow_ratio = 0
; staggered_inner_seams = 0
; standby_temperature_delta = -5
; start_end_points = 30x-3,54x245
; supertack_plate_temp = 35
; supertack_plate_temp_initial_layer = 35
; support_air_filtration = 1
; support_angle = 0
; support_base_pattern = default
; support_base_pattern_spacing = 2.5
; support_bottom_interface_spacing = 0.5
; support_bottom_z_distance = 0.2
; support_chamber_temp_control = 1
; support_critical_regions_only = 0
; support_expansion = 0
; support_filament = 0
; support_flow_ratio = 1
; support_interface_bottom_layers = 0
; support_interface_filament = 0
; support_interface_flow_ratio = 1
; support_interface_loop_pattern = 0
; support_interface_not_for_body = 1
; support_interface_pattern = auto
; support_interface_spacing = 0.5
; support_interface_speed = 80
; support_interface_top_layers = 3
; support_ironing = 0
; support_ironing_flow = 10%
; support_ironing_pattern = rectilinear
; support_ironing_spacing = 0.1
; support_line_width = 0
; support_material_interface_fan_speed = -1
; support_multi_bed_types = 0
; support_object_first_layer_gap = 0.2
; support_object_skip_flush = 0
; support_object_xy_distance = 0.35
; support_on_build_plate_only = 0
; support_parallel_printheads = 0
; support_remove_small_overhang = 1
; support_speed = 80
; support_style = default
; support_threshold_angle = 30
; support_threshold_overlap = 50%
; support_top_z_distance = 0.2
; support_type = normal(auto)
; symmetric_infill_y_axis = 0
; temperature_vitrification = 100
; template_custom_gcode = 
; textured_cool_plate_temp = 40
; textured_cool_plate_temp_initial_layer = 40
; textured_plate_temp = 45
; textured_plate_temp_initial_layer = 45
; thick_bridges = 0
; thick_internal_bridges = 1
; thumbnails = 16x16/QOI, 313x173/QOI, 440x240/QOI, 480x240/QOI, 640x480/PNG
; time_cost = 0
; time_lapse_gcode = 
; timelapse_type = 0
; tool_change_on_wipe_tower = 0
; top_bottom_infill_wall_overlap = 25%
; top_shell_layers = 4
; top_shell_thickness = 0.6
; top_solid_infill_flow_ratio = 1
; top_surface_acceleration = 500
; top_surface_density = 100%
; top_surface_filament_id = 0
; top_surface_jerk = 9
; top_surface_line_width = 0
; top_surface_pattern = monotonicline
; top_surface_speed = 100
; travel_acceleration = 10000
; travel_jerk = 12
; travel_slope = 3
; travel_speed = 120
; travel_speed_z = 0
; tree_support_angle_slow = 25
; tree_support_auto_brim = 1
; tree_support_branch_angle = 40
; tree_support_branch_angle_organic = 40
; tree_support_branch_diameter = 5
; tree_support_branch_diameter_angle = 5
; tree_support_branch_diameter_organic = 2
; tree_support_branch_distance = 5
; tree_support_branch_distance_organic = 1
; tree_support_brim_width = 3
; tree_support_tip_diameter = 0.8
; tree_support_top_rate = 30%
; tree_support_wall_count = 0
; use_firmware_retraction = 0
; use_relative_e_distances = 1
; volumetric_speed_coefficients = ""
; wall_direction = ccw
; wall_distribution_count = 1
; wall_generator = arachne
; wall_loops = 2
; wall_maximum_deviation = 0.025
; wall_maximum_resolution = 0.5
; wall_sequence = inner wall/outer wall
; wall_transition_angle = 10
; wall_transition_filter_deviation = 25%
; wall_transition_length = 100%
; wipe = 0
; wipe_before_external_loop = 0
; wipe_distance = 1
; wipe_on_loops = 0
; wipe_speed = 80%
; wipe_tower_bridging = 10
; wipe_tower_cone_angle = 30
; wipe_tower_extra_flow = 100%
; wipe_tower_extra_rib_length = 0
; wipe_tower_extra_spacing = 100%
; wipe_tower_filament = 0
; wipe_tower_fillet_wall = 1
; wipe_tower_max_purge_speed = 90
; wipe_tower_no_sparse_layers = 0
; wipe_tower_rib_width = 8
; wipe_tower_rotation_angle = 0
; wipe_tower_type = type2
; wipe_tower_wall_type = rib
; wipe_tower_x = 15.000
; wipe_tower_x = 15
; wipe_tower_y = 220.000
; wipe_tower_y = 220
; wiping_volumes_extruders = 70,70,70,70,70,70,70,70,70,70
; wrapping_detection_gcode = 
; wrapping_detection_layers = 20
; wrapping_exclude_area = 
; xy_contour_compensation = 0
; xy_hole_compensation = 0
; z_hop = 0.4
; z_hop_types = Slope Lift
; z_offset = 0
; zaa_dont_alternate_fill_direction = 0
; zaa_enabled = 0
; zaa_min_z = 0.05
; zaa_minimize_perimeter_height = 35
; first_layer_bed_temperature = 35
; bed_shape = 0x0,250x0,250x210,0x210
; first_layer_temperature = 200
; first_layer_height = 0.200
; CONFIG_BLOCK_END


